wallet_id,resolved_entity_id,entity_link_confidence,unique_ip_count,unique_asn_count,shared_ip_fingerprint,duplicate_entity_flag
W0000001,E000099,1.0,28,24,True,True
W0000002,E000004,1.0,39,32,True,True
W0000003,E000012,1.0,34,32,True,True
W0000004,E000048,1.0,26,25,True,True
W0000005,E000038,1.0,24,20,True,True
W0000006,E000074,1.0,31,29,True,True
W0000007,E000018,1.0,29,25,True,True
W0000008,E000009,1.0,35,30,True,True
W0000009,E000035,1.0,16,15,True,True
W0000010,E000087,1.0,33,30,True,True
W0000011,E000026,1.0,13,13,True,True
W0000012,E000017,1.0,25,21,True,True
W0000013,E000076,1.0,32,27,True,True
W0000014,E000072,1.0,21,15,True,True
W0000015,E000092,1.0,27,23,True,True
W0000016,E000075,1.0,17,17,True,True
W0000017,E000031,1.0,29,25,True,True
W0000018,E000011,1.0,27,24,True,True
W0000019,E000097,1.0,30,25,True,True
W0000020,E000078,1.0,25,22,True,True
W0000021,E000050,1.0,27,22,True,True
W0000022,E000056,1.0,26,23,True,True
W0000023,E000082,1.0,25,21,True,True
W0000024,E000030,1.0,21,20,True,True
W0000025,E000064,1.0,28,26,True,True
W0000026,E000031,1.0,21,19,True,True
W0000027,E000003,1.0,26,23,True,True
W0000028,E000027,1.0,30,26,True,True
W0000029,E000014,1.0,33,26,True,True
W0000030,E000037,1.0,32,27,True,True
W0000031,E000009,1.0,24,22,True,True
W0000032,E000062,1.0,23,22,True,True
W0000033,E000081,1.0,30,26,True,True
W0000034,E000029,1.0,28,24,True,True
W0000035,E000028,1.0,26,22,True,True
W0000036,E000067,1.0,26,23,True,True
W0000037,E000077,1.0,21,17,True,True
W0000038,E000031,1.0,29,22,True,True
W0000039,E000062,1.0,16,15,True,True
W0000040,E000049,1.0,29,27,True,True
W0000041,E000007,1.0,30,24,True,True
W0000042,E000054,1.0,23,21,True,True
W0000043,E000049,1.0,29,26,True,True
W0000044,E000011,1.0,13,13,True,True
W0000045,E000062,1.0,32,25,True,True
W0000046,E000050,1.0,32,25,True,True
W0000047,E000059,1.0,28,27,True,True
W0000048,E000035,1.0,25,22,True,True
W0000049,E000036,1.0,30,24,True,True
W0000050,E000022,1.0,20,17,True,True
W0000051,E000061,1.0,28,25,True,True
W0000052,E000071,1.0,31,24,True,True
W0000053,E000001,1.0,27,24,True,True
W0000054,E000070,1.0,32,28,True,True
W0000055,E000038,1.0,22,20,True,True
W0000056,E000075,1.0,35,31,True,True
W0000057,E000062,1.0,26,21,True,True
W0000058,E000036,1.0,12,12,True,True
W0000059,E000035,1.0,30,25,True,True
W0000060,E000001,1.0,32,26,True,True
W0000061,E000099,1.0,27,24,True,True
W0000062,E000005,1.0,39,33,True,True
W0000063,E000059,1.0,33,27,True,True
W0000064,E000095,1.0,18,16,True,True
W0000065,E000088,1.0,17,16,True,True
W0000066,E000025,1.0,24,22,True,True
W0000067,E000081,1.0,26,24,True,True
W0000068,E000015,1.0,23,20,True,True
W0000069,E000038,1.0,42,37,True,True
W0000070,E000078,1.0,23,20,True,True
W0000071,E000004,1.0,30,24,True,True
W0000072,E000066,1.0,35,28,True,True
W0000073,E000023,1.0,31,26,True,True
W0000074,E000048,1.0,34,27,True,True
W0000075,E000063,1.0,34,29,True,True
W0000076,E000025,1.0,23,20,True,True
W0000077,E000079,1.0,28,22,True,True
W0000078,E000061,1.0,42,33,True,True
W0000079,E000046,1.0,26,21,True,True
W0000080,E000004,1.0,23,22,True,True
W0000081,E000017,1.0,14,13,True,True
W0000082,E000004,1.0,37,28,True,True
W0000083,E000020,1.0,29,23,True,True
W0000084,E000069,1.0,24,19,True,True
W0000085,E000013,1.0,31,28,True,True
W0000086,E000006,1.0,21,18,True,True
W0000087,E000023,1.0,20,18,True,True
W0000088,E000056,1.0,19,18,True,True
W0000089,E000070,1.0,27,24,True,True
W0000090,E000069,1.0,34,30,True,True
W0000091,E000078,1.0,41,33,True,True
W0000092,E000075,1.0,27,22,True,True
W0000093,E000099,1.0,28,24,True,True
W0000094,E000048,1.0,28,24,True,True
W0000095,E000061,1.0,25,21,True,True
W0000096,E000083,1.0,28,25,True,True
W0000097,E000063,1.0,29,23,True,True
W0000098,E000038,1.0,32,28,True,True
W0000099,E000067,1.0,33,26,True,True
W0000100,E000043,1.0,18,16,True,True
W0000101,E000098,1.0,26,25,True,True
W0000102,E000055,1.0,33,28,True,True
W0000103,E000069,1.0,23,18,True,True
W0000104,E000062,1.0,25,24,True,True
W0000105,E000022,1.0,27,23,True,True
W0000106,E000098,1.0,33,29,True,True
W0000107,E000053,1.0,33,29,True,True
W0000108,E000056,1.0,33,28,True,True
W0000109,E000009,1.0,38,30,True,True
W0000110,E000092,1.0,33,27,True,True
W0000111,E000081,1.0,25,21,True,True
W0000112,E000091,1.0,24,19,True,True
W0000113,E000009,1.0,17,14,True,True
W0000114,E000082,1.0,35,28,True,True
W0000115,E000040,1.0,29,25,True,True
W0000116,E000048,1.0,24,24,True,True
W0000117,E000010,1.0,36,29,True,True
W0000118,E000038,1.0,24,21,True,True
W0000119,E000012,1.0,22,21,True,True
W0000120,E000088,1.0,38,31,True,True
W0000121,E000084,1.0,32,27,True,True
W0000122,E000090,1.0,28,26,True,True
W0000123,E000029,1.0,41,35,True,True
W0000124,E000032,1.0,16,15,True,True
W0000125,E000025,1.0,35,29,True,True
W0000126,E000076,1.0,18,15,True,True
W0000127,E000008,1.0,37,33,True,True
W0000128,E000006,1.0,28,25,True,True
W0000129,E000025,1.0,32,27,True,True
W0000130,E000014,1.0,30,26,True,True
W0000131,E000005,1.0,23,21,True,True
W0000132,E000016,1.0,23,19,True,True
W0000133,E000019,1.0,18,16,True,True
W0000134,E000053,1.0,30,25,True,True
W0000135,E000084,1.0,30,27,True,True
W0000136,E000076,1.0,27,24,True,True
W0000137,E000087,1.0,24,19,True,True
W0000138,E000093,1.0,33,28,True,True
W0000139,E000024,1.0,27,24,True,True
W0000140,E000006,1.0,10,10,True,True
W0000141,E000057,1.0,43,36,True,True
W0000142,E000020,1.0,32,26,True,True
W0000143,E000055,1.0,28,24,True,True
W0000144,E000088,1.0,35,28,True,True
W0000145,E000096,1.0,31,27,True,True
W0000146,E000078,1.0,37,31,True,True
W0000147,E000056,1.0,23,20,True,True
W0000148,E000029,1.0,36,27,True,True
W0000149,E000071,1.0,27,25,True,True
W0000150,E000041,1.0,26,25,True,True
W0000151,E000002,1.0,32,28,True,True
W0000152,E000046,1.0,27,24,True,True
W0000153,E000095,1.0,31,27,True,True
W0000154,E000074,1.0,23,20,True,True
W0000155,E000028,1.0,23,22,True,True
W0000156,E000062,1.0,18,16,True,True
W0000157,E000092,1.0,20,20,True,True
W0000158,E000042,1.0,28,24,True,True
W0000159,E000018,1.0,29,25,True,True
W0000160,E000005,1.0,22,19,True,True
W0000161,E000028,1.0,30,25,True,True
W0000162,E000034,1.0,24,20,True,True
W0000163,E000005,1.0,22,19,True,True
W0000164,E000003,1.0,28,24,True,True
W0000165,E000031,1.0,28,26,True,True
W0000166,E000058,1.0,26,25,True,True
W0000167,E000056,1.0,23,20,True,True
W0000168,E000071,1.0,30,26,True,True
W0000169,E000058,1.0,16,15,True,True
W0000170,E000009,1.0,20,19,True,True
W0000171,E000025,1.0,23,19,True,True
W0000172,E000035,1.0,24,20,True,True
W0000173,E000090,1.0,31,25,True,True
W0000174,E000005,1.0,24,23,True,True
W0000175,E000078,1.0,24,22,True,True
W0000176,E000068,1.0,22,22,True,True
W0000177,E000025,1.0,18,16,True,True
W0000178,E000063,1.0,26,24,True,True
W0000179,E000040,1.0,23,21,True,True
W0000180,E000044,1.0,32,25,True,True
W0000181,E000039,1.0,34,30,True,True
W0000182,E000082,1.0,18,17,True,True
W0000183,E000061,1.0,20,18,True,True
W0000184,E000087,1.0,20,19,True,True
W0000185,E000008,1.0,27,23,True,True
W0000186,E000043,1.0,22,20,True,True
W0000187,E000078,1.0,34,29,True,True
W0000188,E000092,1.0,31,26,True,True
W0000189,E000069,1.0,26,22,True,True
W0000190,E000068,1.0,36,29,True,True
W0000191,E000023,1.0,26,23,True,True
W0000192,E000023,1.0,49,37,True,True
W0000193,E000004,1.0,40,33,True,True
W0000194,E000037,1.0,31,26,True,True
W0000195,E000042,1.0,16,15,True,True
W0000196,E000052,1.0,39,29,True,True
W0000197,E000033,1.0,35,29,True,True
W0000198,E000043,1.0,31,26,True,True
W0000199,E000011,1.0,30,29,True,True
W0000200,E000019,1.0,36,31,True,True
W0000201,E000099,1.0,25,21,True,True
W0000202,E000091,1.0,30,25,True,True
W0000203,E000081,1.0,30,27,True,True
W0000204,E000024,1.0,27,25,True,True
W0000205,E000061,1.0,18,17,True,True
W0000206,E000080,1.0,29,27,True,True
W0000207,E000038,1.0,26,22,True,True
W0000208,E000084,1.0,34,30,True,True
W0000209,E000059,1.0,28,24,True,True
W0000210,E000088,1.0,30,27,True,True
W0000211,E000018,1.0,19,19,True,True
W0000212,E000062,1.0,26,21,True,True
W0000213,E000074,1.0,15,14,True,True
W0000214,E000066,1.0,35,28,True,True
W0000215,E000091,1.0,33,27,True,True
W0000216,E000020,1.0,22,21,True,True
W0000217,E000060,1.0,23,19,True,True
W0000218,E000006,1.0,30,26,True,True
W0000219,E000001,1.0,36,33,True,True
W0000220,E000028,1.0,21,19,True,True
W0000221,E000071,1.0,28,25,True,True
W0000222,E000061,1.0,36,30,True,True
W0000223,E000049,1.0,27,26,True,True
W0000224,E000081,1.0,34,30,True,True
W0000225,E000064,1.0,30,27,True,True
W0000226,E000092,1.0,22,19,True,True
W0000227,E000038,1.0,33,27,True,True
W0000228,E000022,1.0,24,19,True,True
W0000229,E000071,1.0,31,25,True,True
W0000230,E000025,1.0,16,14,True,True
W0000231,E000004,1.0,21,20,True,True
W0000232,E000076,1.0,31,27,True,True
W0000233,E000061,1.0,34,28,True,True
W0000234,E000068,1.0,24,21,True,True
W0000235,E000076,1.0,35,30,True,True
W0000236,E000063,1.0,23,21,True,True
W0000237,E000020,1.0,29,25,True,True
W0000238,E000044,1.0,41,37,True,True
W0000239,E000036,1.0,19,19,True,True
W0000240,E000013,1.0,19,17,True,True
W0000241,E000083,1.0,27,23,True,True
W0000242,E000058,1.0,29,25,True,True
W0000243,E000081,1.0,33,31,True,True
W0000244,E000066,1.0,31,27,True,True
W0000245,E000010,1.0,16,13,True,True
W0000246,E000008,1.0,20,18,True,True
W0000247,E000088,1.0,24,21,True,True
W0000248,E000063,1.0,24,22,True,True
W0000249,E000045,1.0,36,31,True,True
W0000250,E000031,1.0,18,18,True,True
W0000251,E000063,1.0,23,21,True,True
W0000252,E000072,1.0,21,19,True,True
W0000253,E000029,1.0,30,27,True,True
W0000254,E000064,1.0,36,30,True,True
W0000255,E000015,1.0,27,24,True,True
W0000256,E000014,1.0,29,24,True,True
W0000257,E000096,1.0,36,29,True,True
W0000258,E000038,1.0,32,29,True,True
W0000259,E000041,1.0,23,20,True,True
W0000260,E000007,1.0,37,28,True,True
W0000261,E000071,1.0,35,29,True,True
W0000262,E000032,1.0,36,31,True,True
W0000263,E000053,1.0,37,30,True,True
W0000264,E000088,1.0,27,22,True,True
W0000265,E000094,1.0,19,18,True,True
W0000266,E000078,1.0,22,21,True,True
W0000267,E000047,1.0,35,28,True,True
W0000268,E000019,1.0,31,25,True,True
W0000269,E000031,1.0,27,26,True,True
W0000270,E000080,1.0,39,31,True,True
W0000271,E000026,1.0,30,26,True,True
W0000272,E000072,1.0,29,27,True,True
W0000273,E000018,1.0,30,25,True,True
W0000274,E000053,1.0,20,19,True,True
W0000275,E000088,1.0,18,17,True,True
W0000276,E000079,1.0,34,27,True,True
W0000277,E000043,1.0,25,21,True,True
W0000278,E000093,1.0,20,17,True,True
W0000279,E000001,1.0,28,27,True,True
W0000280,E000015,1.0,19,17,True,True
W0000281,E000004,1.0,33,28,True,True
W0000282,E000011,1.0,24,21,True,True
W0000283,E000062,1.0,28,23,True,True
W0000284,E000033,1.0,25,20,True,True
W0000285,E000034,1.0,27,25,True,True
W0000286,E000036,1.0,32,28,True,True
W0000287,E000073,1.0,25,23,True,True
W0000288,E000035,1.0,23,21,True,True
W0000289,E000062,1.0,34,28,True,True
W0000290,E000076,1.0,29,25,True,True
W0000291,E000034,1.0,33,26,True,True
W0000292,E000039,1.0,33,26,True,True
W0000293,E000034,1.0,37,29,True,True
W0000294,E000055,1.0,25,23,True,True
W0000295,E000081,1.0,30,23,True,True
W0000296,E000010,1.0,25,22,True,True
W0000297,E000090,1.0,39,31,True,True
W0000298,E000081,1.0,35,30,True,True
W0000299,E000082,1.0,30,26,True,True
W0000300,E000089,1.0,27,23,True,True
W0000301,E000073,1.0,21,19,True,True
W0000302,E000034,1.0,36,29,True,True
W0000303,E000050,1.0,32,26,True,True
W0000304,E000053,1.0,33,24,True,True
W0000305,E000012,1.0,28,25,True,True
W0000306,E000016,1.0,29,27,True,True
W0000307,E000055,1.0,42,36,True,True
W0000308,E000033,1.0,24,20,True,True
W0000309,E000036,1.0,31,27,True,True
W0000310,E000068,1.0,32,23,True,True
W0000311,E000060,1.0,31,24,True,True
W0000312,E000073,1.0,25,23,True,True
W0000313,E000070,1.0,30,27,True,True
W0000314,E000083,1.0,22,17,True,True
W0000315,E000049,1.0,28,23,True,True
W0000316,E000005,1.0,22,17,True,True
W0000317,E000031,1.0,23,19,True,True
W0000318,E000089,1.0,21,19,True,True
W0000319,E000052,1.0,33,29,True,True
W0000320,E000032,1.0,19,17,True,True
W0000321,E000063,1.0,19,16,True,True
W0000322,E000039,1.0,29,25,True,True
W0000323,E000006,1.0,25,23,True,True
W0000324,E000023,1.0,35,30,True,True
W0000325,E000010,1.0,25,21,True,True
W0000326,E000063,1.0,36,29,True,True
W0000327,E000064,1.0,24,20,True,True
W0000328,E000019,1.0,34,27,True,True
W0000329,E000045,1.0,40,33,True,True
W0000330,E000017,1.0,23,20,True,True
W0000331,E000021,1.0,40,34,True,True
W0000332,E000093,1.0,27,24,True,True
W0000333,E000073,1.0,21,20,True,True
W0000334,E000066,1.0,34,31,True,True
W0000335,E000088,1.0,34,30,True,True
W0000336,E000046,1.0,19,18,True,True
W0000337,E000035,1.0,31,24,True,True
W0000338,E000083,1.0,30,24,True,True
W0000339,E000100,1.0,30,28,True,True
W0000340,E000069,1.0,26,24,True,True
W0000341,E000028,1.0,30,28,True,True
W0000342,E000008,1.0,29,25,True,True
W0000343,E000060,1.0,23,21,True,True
W0000344,E000061,1.0,29,26,True,True
W0000345,E000100,1.0,27,27,True,True
W0000346,E000096,1.0,24,20,True,True
W0000347,E000004,1.0,27,26,True,True
W0000348,E000075,1.0,31,27,True,True
W0000349,E000042,1.0,36,32,True,True
W0000350,E000071,1.0,46,38,True,True
W0000351,E000029,1.0,22,19,True,True
W0000352,E000054,1.0,27,27,True,True
W0000353,E000061,1.0,27,22,True,True
W0000354,E000033,1.0,25,22,True,True
W0000355,E000050,1.0,27,23,True,True
W0000356,E000056,1.0,29,24,True,True
W0000357,E000092,1.0,32,26,True,True
W0000358,E000089,1.0,19,17,True,True
W0000359,E000073,1.0,25,22,True,True
W0000360,E000039,1.0,25,22,True,True
W0000361,E000081,1.0,33,27,True,True
W0000362,E000051,1.0,32,25,True,True
W0000363,E000043,1.0,27,25,True,True
W0000364,E000042,1.0,27,26,True,True
W0000365,E000018,1.0,30,27,True,True
W0000366,E000088,1.0,27,24,True,True
W0000367,E000053,1.0,23,22,True,True
W0000368,E000042,1.0,19,18,True,True
W0000369,E000033,1.0,17,14,True,True
W0000370,E000093,1.0,31,26,True,True
W0000371,E000019,1.0,28,24,True,True
W0000372,E000093,1.0,24,20,True,True
W0000373,E000035,1.0,33,28,True,True
W0000374,E000090,1.0,29,25,True,True
W0000375,E000014,1.0,25,22,True,True
W0000376,E000016,1.0,21,19,True,True
W0000377,E000061,1.0,35,30,True,True
W0000378,E000051,1.0,21,17,True,True
W0000379,E000050,1.0,20,18,True,True
W0000380,E000022,1.0,25,23,True,True
W0000381,E000057,1.0,43,34,True,True
W0000382,E000089,1.0,21,18,True,True
W0000383,E000029,1.0,19,18,True,True
W0000384,E000088,1.0,24,21,True,True
W0000385,E000025,1.0,16,14,True,True
W0000386,E000083,1.0,27,23,True,True
W0000387,E000005,1.0,35,29,True,True
W0000388,E000099,1.0,32,29,True,True
W0000389,E000092,1.0,28,27,True,True
W0000390,E000024,1.0,38,32,True,True
W0000391,E000087,1.0,23,22,True,True
W0000392,E000001,1.0,30,27,True,True
W0000393,E000064,1.0,18,17,True,True
W0000394,E000011,1.0,26,23,True,True
W0000395,E000027,1.0,35,29,True,True
W0000396,E000048,1.0,18,15,True,True
W0000397,E000027,1.0,24,18,True,True
W0000398,E000065,1.0,30,28,True,True
W0000399,E000001,1.0,22,19,True,True
W0000400,E000079,1.0,22,19,True,True
W0000401,E000064,1.0,15,14,True,True
W0000402,E000026,1.0,36,31,True,True
W0000403,E000082,1.0,30,25,True,True
W0000404,E000009,1.0,29,23,True,True
W0000405,E000038,1.0,21,20,True,True
W0000406,E000041,1.0,19,18,True,True
W0000407,E000061,1.0,28,23,True,True
W0000408,E000086,1.0,21,17,True,True
W0000409,E000033,1.0,43,37,True,True
W0000410,E000064,1.0,17,15,True,True
W0000411,E000078,1.0,29,26,True,True
W0000412,E000088,1.0,25,24,True,True
W0000413,E000087,1.0,28,23,True,True
W0000414,E000075,1.0,39,33,True,True
W0000415,E000062,1.0,25,19,True,True
W0000416,E000025,1.0,19,19,True,True
W0000417,E000049,1.0,26,24,True,True
W0000418,E000091,1.0,27,23,True,True
W0000419,E000005,1.0,24,19,True,True
W0000420,E000021,1.0,27,23,True,True
W0000421,E000043,1.0,26,22,True,True
W0000422,E000066,1.0,22,21,True,True
W0000423,E000074,1.0,29,24,True,True
W0000424,E000037,1.0,27,22,True,True
W0000425,E000040,1.0,39,30,True,True
W0000426,E000029,1.0,26,24,True,True
W0000427,E000045,1.0,26,23,True,True
W0000428,E000047,1.0,25,23,True,True
W0000429,E000092,1.0,30,24,True,True
W0000430,E000027,1.0,29,26,True,True
W0000431,E000005,1.0,25,23,True,True
W0000432,E000009,1.0,31,28,True,True
W0000433,E000025,1.0,23,22,True,True
W0000434,E000091,1.0,25,23,True,True
W0000435,E000052,1.0,41,36,True,True
W0000436,E000005,1.0,24,23,True,True
W0000437,E000047,1.0,28,26,True,True
W0000438,E000069,1.0,26,19,True,True
W0000439,E000041,1.0,15,12,True,True
W0000440,E000025,1.0,21,17,True,True
W0000441,E000010,1.0,24,19,True,True
W0000442,E000080,1.0,35,29,True,True
W0000443,E000025,1.0,19,17,True,True
W0000444,E000088,1.0,24,21,True,True
W0000445,E000052,1.0,19,18,True,True
W0000446,E000059,1.0,34,30,True,True
W0000447,E000098,1.0,26,24,True,True
W0000448,E000043,1.0,27,24,True,True
W0000449,E000072,1.0,25,23,True,True
W0000450,E000015,1.0,33,27,True,True
W0000451,E000073,1.0,30,25,True,True
W0000452,E000071,1.0,33,28,True,True
W0000453,E000015,1.0,40,33,True,True
W0000454,E000012,1.0,40,36,True,True
W0000455,E000029,1.0,36,30,True,True
W0000456,E000001,1.0,26,22,True,True
W0000457,E000024,1.0,28,22,True,True
W0000458,E000096,1.0,25,24,True,True
W0000459,E000046,1.0,15,14,True,True
W0000460,E000098,1.0,32,26,True,True
W0000461,E000075,1.0,36,31,True,True
W0000462,E000051,1.0,26,22,True,True
W0000463,E000080,1.0,29,25,True,True
W0000464,E000044,1.0,18,15,True,True
W0000465,E000036,1.0,15,15,True,True
W0000466,E000073,1.0,27,23,True,True
W0000467,E000074,1.0,15,14,True,True
W0000468,E000025,1.0,18,16,True,True
W0000469,E000091,1.0,27,24,True,True
W0000470,E000023,1.0,20,19,True,True
W0000471,E000044,1.0,30,27,True,True
W0000472,E000020,1.0,25,25,True,True
W0000473,E000006,1.0,32,26,True,True
W0000474,E000055,1.0,25,20,True,True
W0000475,E000046,1.0,33,29,True,True
W0000476,E000047,1.0,22,21,True,True
W0000477,E000013,1.0,30,26,True,True
W0000478,E000095,1.0,34,30,True,True
W0000479,E000044,1.0,27,22,True,True
W0000480,E000005,1.0,35,30,True,True
W0000481,E000008,1.0,24,22,True,True
W0000482,E000080,1.0,35,31,True,True
W0000483,E000099,1.0,18,17,True,True
W0000484,E000069,1.0,28,24,True,True
W0000485,E000095,1.0,31,27,True,True
W0000486,E000055,1.0,21,18,True,True
W0000487,E000085,1.0,29,24,True,True
W0000488,E000060,1.0,20,20,True,True
W0000489,E000083,1.0,35,27,True,True
W0000490,E000013,1.0,11,10,True,True
W0000491,E000032,1.0,33,29,True,True
W0000492,E000062,1.0,28,23,True,True
W0000493,E000076,1.0,39,30,True,True
W0000494,E000073,1.0,33,26,True,True
W0000495,E000079,1.0,35,33,True,True
W0000496,E000011,1.0,39,32,True,True
W0000497,E000068,1.0,29,25,True,True
W0000498,E000092,1.0,28,25,True,True
W0000499,E000020,1.0,31,28,True,True
W0000500,E000056,1.0,33,27,True,True
