wallet_id,created_at,script_type,initial_balance_sats,wallet_type,primary_entity_id,is_service
W001,2026-06-13 00:00:00,P2WPKH,562847,normal_user,E001,false
W002,2026-06-15 00:00:00,P2TR,90632061,normal_user,E002,false
W003,2026-06-12 00:00:00,P2TR,26228273,normal_user,E009,false
W004,2026-06-16 00:00:00,P2PKH,72842866,normal_user,E002,false
W005,2026-06-11 00:00:00,P2TR,61803906,exchange,E006,true
W006,2026-06-14 00:00:00,P2TR,83983163,normal_user,E001,false
W007,2026-06-05 00:00:00,P2WSH,81748708,normal_user,E009,false
W008,2026-06-20 00:00:00,P2PKH,8054197,normal_user,E004,false
W009,2026-06-24 00:00:00,P2WPKH,81758548,normal_user,E001,false
W010,2026-06-22 00:00:00,P2WPKH,75836139,normal_user,E002,false
W011,2026-06-19 00:00:00,P2WSH,49477840,normal_user,E007,false
W012,2026-06-16 00:00:00,P2SH,40172958,merchant,E007,true
W013,2026-06-11 00:00:00,P2TR,85060042,normal_user,E002,false
W014,2026-06-01 00:00:00,P2SH,29861201,normal_user,E004,false
W015,2026-06-22 00:00:00,P2WSH,92792669,normal_user,E002,false
W016,2026-06-03 00:00:00,P2SH,88648413,normal_user,E009,false
W017,2026-06-19 00:00:00,P2WPKH,74474361,normal_user,E007,false
W018,2026-06-19 00:00:00,P2WSH,48318545,exchange,E001,true
W019,2026-06-17 00:00:00,P2SH,75808186,normal_user,E002,false
W020,2026-06-15 00:00:00,P2WSH,35041728,normal_user,E004,false
W021,2026-06-04 00:00:00,P2SH,24226521,normal_user,E001,false
W022,2026-06-07 00:00:00,P2TR,15068865,normal_user,E007,false
W023,2026-06-08 00:00:00,P2WPKH,87197789,normal_user,E001,false
W024,2026-06-04 00:00:00,P2SH,71239542,normal_user,E004,false
W025,2026-06-22 00:00:00,P2WPKH,95173524,payment_processor,E001,true
W026,2026-06-16 00:00:00,P2SH,74359473,normal_user,E009,false
W027,2026-06-15 00:00:00,P2SH,72642211,normal_user,E003,false
W028,2026-06-19 00:00:00,P2PKH,98728775,normal_user,E005,false
W029,2026-06-17 00:00:00,P2TR,76082908,normal_user,E007,false
W030,2026-06-03 00:00:00,P2WSH,91200053,normal_user,E003,false
W031,2026-06-03 00:00:00,P2WSH,18023420,normal_user,E009,false
W032,2026-06-17 00:00:00,P2TR,68079908,normal_user,E002,false
W033,2026-06-23 00:00:00,P2PKH,84100117,normal_user,E005,false
W034,2026-06-24 00:00:00,P2TR,13702718,normal_user,E009,false
W035,2026-06-15 00:00:00,P2WSH,73054673,normal_user,E003,false
W036,2026-06-06 00:00:00,P2SH,75569064,normal_user,E002,false
W037,2026-06-16 00:00:00,P2PKH,18361302,normal_user,E004,false
W038,2026-06-12 00:00:00,P2TR,7724839,normal_user,E006,false
W039,2026-06-13 00:00:00,P2SH,6338042,normal_user,E002,false
W040,2026-06-12 00:00:00,P2PKH,2036231,normal_user,E009,false
W041,2026-06-23 00:00:00,P2TR,28606321,normal_user,E002,false
W042,2026-06-15 00:00:00,P2WPKH,16178289,normal_user,E001,false
W043,2026-06-23 00:00:00,P2SH,57173453,normal_user,E004,false
W044,2026-06-03 00:00:00,P2TR,27058197,normal_user,E008,false
W045,2026-06-19 00:00:00,P2PKH,97738788,normal_user,E009,false
W046,2026-06-12 00:00:00,P2SH,49255543,normal_user,E007,false
W047,2026-06-24 00:00:00,P2WPKH,98793802,ransomware_behavior,E010,false
W048,2026-06-22 00:00:00,P2PKH,34308172,layering_behavior,E011,false
W049,2026-06-04 00:00:00,P2SH,50065152,layering_behavior,E011,false
W050,2026-06-17 00:00:00,P2TR,47910333,mixer_behavior,E012,false
