wallet_id,risk_probability,risk_prediction
W0000001,0.45713967,0
W0000002,0.7997209,1
W0000003,0.58680767,1
W0000004,0.6866764,1
W0000005,0.36471772,0
W0000006,0.5987264,1
W0000007,0.32019982,0
W0000008,0.9779874,1
W0000009,0.8458401,1
W0000010,0.93503714,1
W0000011,0.9301906,1
W0000012,0.9956819,1
W0000013,0.36679924,0
W0000014,0.8054886,1
W0000015,0.88142323,1
W0000016,0.9906542,1
W0000017,0.7078594,1
W0000018,0.6694552,1
W0000019,0.9232828,1
W0000020,0.94937766,1
W0000021,0.4277318,0
W0000022,0.24647395,0
W0000023,0.9901827,1
W0000024,0.95300007,1
W0000025,0.46582043,0
W0000026,0.94046056,1
W0000027,0.49072534,0
W0000028,0.6673205,1
W0000029,0.44037056,0
W0000030,0.8050877,1
W0000031,0.7956845,1
W0000032,0.7960985,1
W0000033,0.66318226,1
W0000034,0.4998506,0
W0000035,0.12617493,0
W0000036,0.4169654,0
W0000037,0.51047015,1
W0000038,0.30433372,0
W0000039,0.5927087,1
W0000040,0.7385765,1
W0000041,0.88463676,1
W0000042,0.86596274,1
W0000043,0.48711836,0
W0000044,0.20464467,0
W0000045,0.61545634,1
W0000046,0.7605772,1
W0000047,0.7106649,1
W0000048,0.750177,1
W0000049,0.41928148,0
W0000050,0.80869144,1
W0000051,0.9902417,1
W0000052,0.7460834,1
W0000053,0.43086883,0
W0000054,0.94901776,1
W0000055,0.41066524,0
W0000056,0.99002916,1
W0000057,0.6819816,1
W0000058,0.8948482,1
W0000059,0.70946896,1
W0000060,0.25880402,0
W0000061,0.8111569,1
W0000062,0.9813126,1
W0000063,0.40452456,0
W0000064,0.91335493,1
W0000065,0.8335214,1
W0000066,0.7195352,1
W0000067,0.47227037,0
W0000068,0.9292929,1
W0000069,0.24363828,0
W0000070,0.91628104,1
W0000071,0.8060654,1
W0000072,0.8200293,1
W0000073,0.99006104,1
W0000074,0.9221685,1
W0000075,0.7923671,1
W0000076,0.9299755,1
W0000077,0.42215124,0
W0000078,0.5401449,1
W0000079,0.9736169,1
W0000080,0.43737414,0
W0000081,0.9740819,1
W0000082,0.86392826,1
W0000083,0.4669195,0
W0000084,0.47923785,0
W0000085,0.37128428,0
W0000086,0.94215626,1
W0000087,0.99490696,1
W0000088,0.5734856,1
W0000089,0.74355406,1
W0000090,0.7830249,1
W0000091,0.93698215,1
W0000092,0.91564137,1
W0000093,0.32304427,0
W0000094,0.6492121,1
W0000095,0.3123867,0
W0000096,0.42540756,0
W0000097,0.16627404,0
W0000098,0.9307333,1
W0000099,0.8435859,1
W0000100,0.50543797,1
W0000101,0.98904103,1
W0000102,0.6691462,1
W0000103,0.9810339,1
W0000104,0.92501247,1
W0000105,0.17314343,0
W0000106,0.9016781,1
W0000107,0.9717305,1
W0000108,0.87927604,1
W0000109,0.5605448,1
W0000110,0.91191477,1
W0000111,0.36680937,0
W0000112,0.4707686,0
W0000113,0.57029754,1
W0000114,0.9037817,1
W0000115,0.5438205,1
W0000116,0.3295785,0
W0000117,0.3446532,0
W0000118,0.32154325,0
W0000119,0.45095995,0
W0000120,0.6626478,1
W0000121,0.9436792,1
W0000122,0.14282203,0
W0000123,0.5758908,1
W0000124,0.80612224,1
W0000125,0.8008519,1
W0000126,0.83652997,1
W0000127,0.698275,1
W0000128,0.98379296,1
W0000129,0.91955405,1
W0000130,0.38137478,0
W0000131,0.67434436,1
W0000132,0.52227855,1
W0000133,0.98781466,1
W0000134,0.9139762,1
W0000135,0.73021835,1
W0000136,0.69479823,1
W0000137,0.6616176,1
W0000138,0.4321947,0
W0000139,0.60986155,1
W0000140,0.8136816,1
W0000141,0.9510418,1
W0000142,0.24554598,0
W0000143,0.7815155,1
W0000144,0.92162746,1
W0000145,0.7636385,1
W0000146,0.6414439,1
W0000147,0.31732205,0
W0000148,0.8456607,1
W0000149,0.5248069,1
W0000150,0.99415684,1
W0000151,0.6709699,1
W0000152,0.2945102,0
W0000153,0.9028337,1
W0000154,0.96668375,1
W0000155,0.96176076,1
W0000156,0.9059507,1
W0000157,0.8712416,1
W0000158,0.8979134,1
W0000159,0.3403081,0
W0000160,0.7126172,1
W0000161,0.47987267,0
W0000162,0.7529477,1
W0000163,0.91815096,1
W0000164,0.95286566,1
W0000165,0.44448778,0
W0000166,0.990329,1
W0000167,0.5239652,1
W0000168,0.53128934,1
W0000169,0.97590065,1
W0000170,0.8691614,1
W0000171,0.39156005,0
W0000172,0.9866325,1
W0000173,0.20885742,0
W0000174,0.8325643,1
W0000175,0.3677547,0
W0000176,0.9216138,1
W0000177,0.43403888,0
W0000178,0.5442813,1
W0000179,0.9628533,1
W0000180,0.6507948,1
W0000181,0.87776005,1
W0000182,0.998009,1
W0000183,0.9616025,1
W0000184,0.8953548,1
W0000185,0.7751606,1
W0000186,0.9731646,1
W0000187,0.97002506,1
W0000188,0.61431414,1
W0000189,0.71270674,1
W0000190,0.36635405,0
W0000191,0.9741097,1
W0000192,0.9908427,1
W0000193,0.7857963,1
W0000194,0.4820351,0
W0000195,0.6893912,1
W0000196,0.38973084,0
W0000197,0.91667175,1
W0000198,0.93846023,1
W0000199,0.9091036,1
W0000200,0.9853786,1
W0000201,0.35858756,0
W0000202,0.8681253,1
W0000203,0.89565593,1
W0000204,0.30060902,0
W0000205,0.48856884,0
W0000206,0.9666707,1
W0000207,0.57321066,1
W0000208,0.85576195,1
W0000209,0.51292074,1
W0000210,0.9915951,1
W0000211,0.8612934,1
W0000212,0.7631563,1
W0000213,0.94835556,1
W0000214,0.99753004,1
W0000215,0.45591187,0
W0000216,0.8160213,1
W0000217,0.54559034,1
W0000218,0.6126794,1
W0000219,0.6328872,1
W0000220,0.9017607,1
W0000221,0.87779504,1
W0000222,0.9938524,1
W0000223,0.54586804,1
W0000224,0.97284794,1
W0000225,0.95075387,1
W0000226,0.9691824,1
W0000227,0.7944108,1
W0000228,0.17920603,0
W0000229,0.4596566,0
W0000230,0.9678353,1
W0000231,0.8337877,1
W0000232,0.6891606,1
W0000233,0.88263994,1
W0000234,0.50976264,1
W0000235,0.3627021,0
W0000236,0.6258243,1
W0000237,0.33693877,0
W0000238,0.6710998,1
W0000239,0.46921095,0
W0000240,0.9276949,1
W0000241,0.9906697,1
W0000242,0.9583563,1
W0000243,0.46053326,0
W0000244,0.9893908,1
W0000245,0.946791,1
W0000246,0.5504676,1
W0000247,0.39242673,0
W0000248,0.8801508,1
W0000249,0.8245508,1
W0000250,0.47164753,0
W0000251,0.3407067,0
W0000252,0.6803606,1
W0000253,0.3474295,0
W0000254,0.97642094,1
W0000255,0.8251757,1
W0000256,0.61373246,1
W0000257,0.7143796,1
W0000258,0.99672925,1
W0000259,0.6250228,1
W0000260,0.49847925,0
W0000261,0.72658557,1
W0000262,0.93475235,1
W0000263,0.28012225,0
W0000264,0.9719937,1
W0000265,0.52261865,1
W0000266,0.9919525,1
W0000267,0.92251086,1
W0000268,0.97513264,1
W0000269,0.8257197,1
W0000270,0.94411623,1
W0000271,0.9074202,1
W0000272,0.343823,0
W0000273,0.7708695,1
W0000274,0.49499878,0
W0000275,0.93108743,1
W0000276,0.53379905,1
W0000277,0.8196978,1
W0000278,0.97675973,1
W0000279,0.9730961,1
W0000280,0.8022602,1
W0000281,0.68656236,1
W0000282,0.98933905,1
W0000283,0.40108615,0
W0000284,0.7603733,1
W0000285,0.4453025,0
W0000286,0.99006104,1
W0000287,0.78740895,1
W0000288,0.93764925,1
W0000289,0.90039223,1
W0000290,0.20445359,0
W0000291,0.8552142,1
W0000292,0.7115434,1
W0000293,0.94872904,1
W0000294,0.7687384,1
W0000295,0.1907297,0
W0000296,0.7551991,1
W0000297,0.68318725,1
W0000298,0.90413374,1
W0000299,0.96873134,1
W0000300,0.9245455,1
W0000301,0.36967775,0
W0000302,0.9675469,1
W0000303,0.5143753,1
W0000304,0.9933296,1
W0000305,0.531824,1
W0000306,0.8655981,1
W0000307,0.90019494,1
W0000308,0.81858164,1
W0000309,0.7340718,1
W0000310,0.46234977,0
W0000311,0.81368077,1
W0000312,0.45211458,0
W0000313,0.8280596,1
W0000314,0.38845566,0
W0000315,0.68743765,1
W0000316,0.7011129,1
W0000317,0.87008387,1
W0000318,0.9963509,1
W0000319,0.8342434,1
W0000320,0.52042836,1
W0000321,0.6305076,1
W0000322,0.8849479,1
W0000323,0.9772964,1
W0000324,0.9823629,1
W0000325,0.8725202,1
W0000326,0.9241527,1
W0000327,0.5129644,1
W0000328,0.9623505,1
W0000329,0.96079576,1
W0000330,0.9894623,1
W0000331,0.7447163,1
W0000332,0.4581084,0
W0000333,0.16887845,0
W0000334,0.20057711,0
W0000335,0.8047202,1
W0000336,0.44551694,0
W0000337,0.9685581,1
W0000338,0.40069166,0
W0000339,0.566801,1
W0000340,0.48130196,0
W0000341,0.9825729,1
W0000342,0.3989975,0
W0000343,0.6370949,1
W0000344,0.917303,1
W0000345,0.9888679,1
W0000346,0.9947536,1
W0000347,0.47255504,0
W0000348,0.9973456,1
W0000349,0.91774786,1
W0000350,0.7303057,1
W0000351,0.92081934,1
W0000352,0.9697147,1
W0000353,0.4836111,0
W0000354,0.37341404,0
W0000355,0.9666694,1
W0000356,0.6524,1
W0000357,0.1750692,0
W0000358,0.880485,1
W0000359,0.15149295,0
W0000360,0.3168742,0
W0000361,0.27683562,0
W0000362,0.66928285,1
W0000363,0.7980581,1
W0000364,0.44099277,0
W0000365,0.9019255,1
W0000366,0.9762408,1
W0000367,0.37057656,0
W0000368,0.43149745,0
W0000369,0.84578365,1
W0000370,0.49132845,0
W0000371,0.9830647,1
W0000372,0.9865464,1
W0000373,0.3346587,0
W0000374,0.45202374,0
W0000375,0.6343129,1
W0000376,0.64985543,1
W0000377,0.9963192,1
W0000378,0.7537488,1
W0000379,0.54805976,1
W0000380,0.60628945,1
W0000381,0.9604884,1
W0000382,0.98352206,1
W0000383,0.72909945,1
W0000384,0.22122419,0
W0000385,0.52393705,1
W0000386,0.18094347,0
W0000387,0.99744225,1
W0000388,0.1354822,0
W0000389,0.7089259,1
W0000390,0.65981394,1
W0000391,0.5519154,1
W0000392,0.95552963,1
W0000393,0.69519967,1
W0000394,0.4314366,0
W0000395,0.95797545,1
W0000396,0.6268628,1
W0000397,0.6371179,1
W0000398,0.9722854,1
W0000399,0.9555498,1
W0000400,0.9212478,1
W0000401,0.19167094,0
W0000402,0.43730494,0
W0000403,0.9970132,1
W0000404,0.19480835,0
W0000405,0.8968978,1
W0000406,0.68969357,1
W0000407,0.34185022,0
W0000408,0.98528004,1
W0000409,0.81360704,1
W0000410,0.75708103,1
W0000411,0.2737949,0
W0000412,0.96936834,1
W0000413,0.3494493,0
W0000414,0.9949586,1
W0000415,0.8722629,1
W0000416,0.38836354,0
W0000417,0.5269573,1
W0000418,0.49233404,0
W0000419,0.87685347,1
W0000420,0.7932323,1
W0000421,0.6202701,1
W0000422,0.7692178,1
W0000423,0.19552949,0
W0000424,0.9266001,1
W0000425,0.4824828,0
W0000426,0.99477935,1
W0000427,0.81580603,1
W0000428,0.27572858,0
W0000429,0.33416805,0
W0000430,0.6253936,1
W0000431,0.66198504,1
W0000432,0.934499,1
W0000433,0.6068047,1
W0000434,0.7274118,1
W0000435,0.51096374,1
W0000436,0.98652774,1
W0000437,0.5728191,1
W0000438,0.19745645,0
W0000439,0.5362465,1
W0000440,0.49432632,0
W0000441,0.8377164,1
W0000442,0.741034,1
W0000443,0.6354851,1
W0000444,0.6198059,1
W0000445,0.25889498,0
W0000446,0.99370074,1
W0000447,0.64714,1
W0000448,0.884253,1
W0000449,0.9744309,1
W0000450,0.7938306,1
W0000451,0.7581746,1
W0000452,0.679909,1
W0000453,0.47905853,0
W0000454,0.8123552,1
W0000455,0.92601234,1
W0000456,0.38785595,0
W0000457,0.6428331,1
W0000458,0.89722973,1
W0000459,0.41606662,0
W0000460,0.38855338,0
W0000461,0.9592293,1
W0000462,0.5973157,1
W0000463,0.7444358,1
W0000464,0.9213954,1
W0000465,0.9658016,1
W0000466,0.28048286,0
W0000467,0.51593643,1
W0000468,0.42424503,0
W0000469,0.8323375,1
W0000470,0.97720474,1
W0000471,0.8653507,1
W0000472,0.26944745,0
W0000473,0.8704578,1
W0000474,0.9584839,1
W0000475,0.44529623,0
W0000476,0.66429245,1
W0000477,0.345428,0
W0000478,0.8151928,1
W0000479,0.9468906,1
W0000480,0.7449786,1
W0000481,0.9931415,1
W0000482,0.65054053,1
W0000483,0.9668383,1
W0000484,0.4317905,0
W0000485,0.4511349,0
W0000486,0.98295766,1
W0000487,0.9762333,1
W0000488,0.86127543,1
W0000489,0.34542245,0
W0000490,0.6471152,1
W0000491,0.9710072,1
W0000492,0.8798261,1
W0000493,0.9262051,1
W0000494,0.83774585,1
W0000495,0.9489095,1
W0000496,0.99740463,1
W0000497,0.5831292,1
W0000498,0.23825727,0
W0000499,0.2162431,0
W0000500,0.90422416,1
