source_wallet_id,target_wallet_id,transaction_count,total_amount_sats,first_seen,last_seen
W001,W011,1,46410004.0,2026-06-28 13:43:00+00:00,2026-06-28 13:43:00+00:00
W001,W020,1,58142198.0,2026-06-09 11:45:00+00:00,2026-06-09 11:45:00+00:00
W001,W026,1,66688892.0,2026-06-27 16:29:00+00:00,2026-06-27 16:29:00+00:00
W001,W031,1,31180145.0,2026-07-01 20:09:00+00:00,2026-07-01 20:09:00+00:00
W001,W033,1,65486923.0,2026-06-08 05:44:00+00:00,2026-06-08 05:44:00+00:00
W001,W041,1,31469248.0,2026-06-05 18:35:00+00:00,2026-06-05 18:35:00+00:00
W002,W003,1,42494421.0,2026-06-17 04:22:00+00:00,2026-06-17 04:22:00+00:00
W002,W011,1,39514715.0,2026-06-22 02:01:00+00:00,2026-06-22 02:01:00+00:00
W002,W015,1,53542883.0,2026-06-24 11:58:00+00:00,2026-06-24 11:58:00+00:00
W002,W017,1,49773994.0,2026-06-15 03:09:00+00:00,2026-06-15 03:09:00+00:00
W002,W028,1,9189076.0,2026-06-29 03:19:00+00:00,2026-06-29 03:19:00+00:00
W002,W034,1,30422335.0,2026-06-01 16:45:00+00:00,2026-06-01 16:45:00+00:00
W002,W044,1,24465941.0,2026-06-18 12:19:00+00:00,2026-06-18 12:19:00+00:00
W003,W009,1,50022196.0,2026-06-30 07:26:00+00:00,2026-06-30 07:26:00+00:00
W003,W023,1,31969906.0,2026-06-12 13:25:00+00:00,2026-06-12 13:25:00+00:00
W003,W037,1,10112547.0,2026-06-09 18:21:00+00:00,2026-06-09 18:21:00+00:00
W004,W013,1,32074459.0,2026-06-12 22:03:00+00:00,2026-06-12 22:03:00+00:00
W004,W020,1,74255824.0,2026-06-29 00:09:00+00:00,2026-06-29 00:09:00+00:00
W004,W021,1,52929530.0,2026-06-20 00:23:00+00:00,2026-06-20 00:23:00+00:00
W004,W025,1,50429131.0,2026-06-19 00:08:00+00:00,2026-06-19 00:08:00+00:00
W004,W033,1,41065855.0,2026-06-22 22:55:00+00:00,2026-06-22 22:55:00+00:00
W005,W017,1,5700945.0,2026-06-01 00:11:00+00:00,2026-06-01 00:11:00+00:00
W005,W030,1,5779820.0,2026-06-01 00:11:00+00:00,2026-06-01 00:11:00+00:00
W005,W031,1,8150141.0,2026-06-01 00:11:00+00:00,2026-06-01 00:11:00+00:00
W006,W013,1,50886275.0,2026-06-12 02:36:00+00:00,2026-06-12 02:36:00+00:00
W006,W015,1,17936619.0,2026-06-29 10:13:00+00:00,2026-06-29 10:13:00+00:00
W006,W019,1,12716077.0,2026-06-15 21:13:00+00:00,2026-06-15 21:13:00+00:00
W006,W028,1,57821293.0,2026-06-16 17:33:00+00:00,2026-06-16 17:33:00+00:00
W006,W032,1,7344408.0,2026-06-15 04:25:00+00:00,2026-06-15 04:25:00+00:00
W006,W044,1,56109863.0,2026-06-03 12:30:00+00:00,2026-06-03 12:30:00+00:00
W007,W003,1,38710851.0,2026-06-23 07:02:00+00:00,2026-06-23 07:02:00+00:00
W007,W005,1,24415181.0,2026-06-21 12:27:00+00:00,2026-06-21 12:27:00+00:00
W007,W018,1,21329243.0,2026-06-29 06:34:00+00:00,2026-06-29 06:34:00+00:00
W007,W032,1,48465898.0,2026-06-30 16:43:00+00:00,2026-06-30 16:43:00+00:00
W007,W033,1,64907026.0,2026-06-14 06:26:00+00:00,2026-06-14 06:26:00+00:00
W008,W003,1,9615689.0,2026-06-10 05:54:00+00:00,2026-06-10 05:54:00+00:00
W008,W009,1,70493284.0,2026-06-22 13:53:00+00:00,2026-06-22 13:53:00+00:00
W008,W010,1,68381618.0,2026-06-10 22:22:00+00:00,2026-06-10 22:22:00+00:00
W009,W021,1,39620612.0,2026-06-17 18:54:00+00:00,2026-06-17 18:54:00+00:00
W009,W028,1,58279710.0,2026-06-11 06:16:00+00:00,2026-06-11 06:16:00+00:00
W009,W033,1,43630086.0,2026-06-09 19:34:00+00:00,2026-06-09 19:34:00+00:00
W009,W036,1,25374059.0,2026-06-23 19:56:00+00:00,2026-06-23 19:56:00+00:00
W010,W003,1,33630211.0,2026-06-23 01:23:00+00:00,2026-06-23 01:23:00+00:00
W010,W017,1,10980366.0,2026-06-24 12:56:00+00:00,2026-06-24 12:56:00+00:00
W010,W042,1,16135502.0,2026-06-29 01:35:00+00:00,2026-06-29 01:35:00+00:00
W010,W045,1,52424721.0,2026-06-24 13:06:00+00:00,2026-06-24 13:06:00+00:00
W011,W010,1,9412590.0,2026-06-26 17:21:00+00:00,2026-06-26 17:21:00+00:00
W011,W025,1,36551116.0,2026-06-21 09:42:00+00:00,2026-06-21 09:42:00+00:00
W011,W035,1,73367657.0,2026-06-07 14:45:00+00:00,2026-06-07 14:45:00+00:00
W011,W042,1,61086057.0,2026-06-30 08:23:00+00:00,2026-06-30 08:23:00+00:00
W011,W044,1,18636620.0,2026-06-05 15:11:00+00:00,2026-06-05 15:11:00+00:00
W012,W001,1,9282506.0,2026-06-24 07:58:00+00:00,2026-06-24 07:58:00+00:00
W012,W006,1,5337624.0,2026-06-22 18:08:00+00:00,2026-06-22 18:08:00+00:00
W012,W023,1,22259865.0,2026-06-22 18:08:00+00:00,2026-06-22 18:08:00+00:00
W012,W024,1,25486178.0,2026-06-11 15:11:00+00:00,2026-06-11 15:11:00+00:00
W012,W027,1,39553434.0,2026-06-22 18:08:00+00:00,2026-06-22 18:08:00+00:00
W012,W044,1,9910053.0,2026-06-24 07:58:00+00:00,2026-06-24 07:58:00+00:00
W013,W021,2,47951884.0,2026-06-20 14:26:00+00:00,2026-06-23 07:46:00+00:00
W013,W022,1,13692858.0,2026-06-27 07:38:00+00:00,2026-06-27 07:38:00+00:00
W013,W023,1,32424042.0,2026-06-22 09:27:00+00:00,2026-06-22 09:27:00+00:00
W013,W027,1,26461139.0,2026-06-24 07:06:00+00:00,2026-06-24 07:06:00+00:00
W013,W032,1,29551308.0,2026-06-28 23:26:00+00:00,2026-06-28 23:26:00+00:00
W014,W009,1,30787790.0,2026-06-08 23:29:00+00:00,2026-06-08 23:29:00+00:00
W014,W011,1,22349242.0,2026-06-22 00:45:00+00:00,2026-06-22 00:45:00+00:00
W015,W006,1,49292860.0,2026-06-27 11:14:00+00:00,2026-06-27 11:14:00+00:00
W015,W023,1,31652595.0,2026-06-10 19:02:00+00:00,2026-06-10 19:02:00+00:00
W015,W028,1,45411253.0,2026-06-25 07:23:00+00:00,2026-06-25 07:23:00+00:00
W015,W030,1,55169790.0,2026-06-22 14:34:00+00:00,2026-06-22 14:34:00+00:00
W015,W036,1,72456358.0,2026-06-17 04:30:00+00:00,2026-06-17 04:30:00+00:00
W015,W040,1,5149622.0,2026-06-12 20:57:00+00:00,2026-06-12 20:57:00+00:00
W015,W045,1,25734392.0,2026-06-24 16:59:00+00:00,2026-06-24 16:59:00+00:00
W016,W002,1,60260168.0,2026-06-25 21:28:00+00:00,2026-06-25 21:28:00+00:00
W016,W006,1,43534250.0,2026-06-13 11:24:00+00:00,2026-06-13 11:24:00+00:00
W016,W029,1,57227710.0,2026-06-27 12:22:00+00:00,2026-06-27 12:22:00+00:00
W016,W033,1,27089019.0,2026-06-23 08:42:00+00:00,2026-06-23 08:42:00+00:00
W016,W036,1,39925781.0,2026-06-30 00:20:00+00:00,2026-06-30 00:20:00+00:00
W017,W002,1,52086689.0,2026-06-20 06:51:00+00:00,2026-06-20 06:51:00+00:00
W017,W008,1,65891271.0,2026-06-04 00:46:00+00:00,2026-06-04 00:46:00+00:00
W017,W013,1,53882049.0,2026-06-06 10:11:00+00:00,2026-06-06 10:11:00+00:00
W017,W019,2,72003087.0,2026-06-04 19:49:00+00:00,2026-06-15 15:11:00+00:00
W017,W033,1,19656654.0,2026-06-08 15:16:00+00:00,2026-06-08 15:16:00+00:00
W017,W037,2,41215937.0,2026-06-15 04:41:00+00:00,2026-06-24 19:29:00+00:00
W017,W038,1,26321309.0,2026-06-24 10:40:00+00:00,2026-06-24 10:40:00+00:00
W018,W001,1,15086154.0,2026-06-12 11:45:00+00:00,2026-06-12 11:45:00+00:00
W018,W003,1,22189479.0,2026-06-17 12:27:00+00:00,2026-06-17 12:27:00+00:00
W018,W007,1,9501907.0,2026-06-16 16:44:00+00:00,2026-06-16 16:44:00+00:00
W018,W009,1,29170787.0,2026-06-10 22:24:00+00:00,2026-06-10 22:24:00+00:00
W018,W017,1,23852597.0,2026-06-17 12:27:00+00:00,2026-06-17 12:27:00+00:00
W018,W019,1,18646266.0,2026-06-20 11:32:00+00:00,2026-06-20 11:32:00+00:00
W018,W020,1,12633000.0,2026-06-23 08:44:00+00:00,2026-06-23 08:44:00+00:00
W018,W026,1,58642764.0,2026-06-05 05:08:00+00:00,2026-06-05 05:08:00+00:00
W018,W042,1,22077244.0,2026-06-22 15:05:00+00:00,2026-06-22 15:05:00+00:00
W018,W046,1,1426142.0,2026-06-17 12:27:00+00:00,2026-06-17 12:27:00+00:00
W019,W018,1,40917321.0,2026-06-14 09:02:00+00:00,2026-06-14 09:02:00+00:00
W020,W021,1,36239922.0,2026-06-02 00:34:00+00:00,2026-06-02 00:34:00+00:00
W020,W022,1,69350247.0,2026-06-30 18:46:00+00:00,2026-06-30 18:46:00+00:00
W020,W041,1,25744151.0,2026-06-13 04:09:00+00:00,2026-06-13 04:09:00+00:00
W021,W001,1,72034031.0,2026-06-30 12:00:00+00:00,2026-06-30 12:00:00+00:00
W021,W010,1,36971713.0,2026-06-27 08:15:00+00:00,2026-06-27 08:15:00+00:00
W021,W024,1,17765611.0,2026-06-29 13:52:00+00:00,2026-06-29 13:52:00+00:00
W021,W026,1,27642644.0,2026-07-01 22:23:00+00:00,2026-07-01 22:23:00+00:00
W023,W010,1,22575355.0,2026-06-30 21:54:00+00:00,2026-06-30 21:54:00+00:00
W023,W014,1,71046810.0,2026-06-24 01:09:00+00:00,2026-06-24 01:09:00+00:00
W023,W015,1,40884928.0,2026-06-22 08:42:00+00:00,2026-06-22 08:42:00+00:00
W023,W020,1,63029759.0,2026-06-18 07:12:00+00:00,2026-06-18 07:12:00+00:00
W023,W042,1,18107790.0,2026-06-19 05:28:00+00:00,2026-06-19 05:28:00+00:00
W024,W004,1,22714866.0,2026-06-24 07:58:00+00:00,2026-06-24 07:58:00+00:00
W024,W022,1,48414300.0,2026-06-12 23:31:00+00:00,2026-06-12 23:31:00+00:00
W024,W036,1,38043591.0,2026-06-27 17:46:00+00:00,2026-06-27 17:46:00+00:00
W025,W022,1,64369764.0,2026-07-01 05:44:00+00:00,2026-07-01 05:44:00+00:00
W025,W037,1,11810618.0,2026-06-05 18:35:00+00:00,2026-06-05 18:35:00+00:00
W026,W006,1,54762834.0,2026-06-30 03:46:00+00:00,2026-06-30 03:46:00+00:00
W026,W008,1,31265676.0,2026-06-16 09:29:00+00:00,2026-06-16 09:29:00+00:00
W026,W030,1,47161771.0,2026-06-09 09:05:00+00:00,2026-06-09 09:05:00+00:00
W026,W036,1,11665565.0,2026-06-26 05:26:00+00:00,2026-06-26 05:26:00+00:00
W027,W007,1,58044215.0,2026-06-03 21:06:00+00:00,2026-06-03 21:06:00+00:00
W027,W016,1,59315795.0,2026-06-29 17:56:00+00:00,2026-06-29 17:56:00+00:00
W027,W035,1,33179748.0,2026-06-18 10:09:00+00:00,2026-06-18 10:09:00+00:00
W027,W037,1,18691006.0,2026-06-22 15:18:00+00:00,2026-06-22 15:18:00+00:00
W028,W001,1,32110278.0,2026-06-08 18:05:00+00:00,2026-06-08 18:05:00+00:00
W028,W008,1,17140096.0,2026-06-08 03:00:00+00:00,2026-06-08 03:00:00+00:00
W028,W022,1,61679700.0,2026-06-13 22:22:00+00:00,2026-06-13 22:22:00+00:00
W028,W024,1,35431624.0,2026-07-01 08:55:00+00:00,2026-07-01 08:55:00+00:00
W028,W027,1,15114524.0,2026-06-18 01:33:00+00:00,2026-06-18 01:33:00+00:00
W029,W037,1,8735078.0,2026-06-24 02:33:00+00:00,2026-06-24 02:33:00+00:00
W030,W042,1,22734269.0,2026-06-19 08:35:00+00:00,2026-06-19 08:35:00+00:00
W031,W027,1,51115422.0,2026-06-08 18:31:00+00:00,2026-06-08 18:31:00+00:00
W031,W047,1,44995000.0,2026-06-13 11:00:00+00:00,2026-06-13 11:00:00+00:00
W032,W009,1,71630224.0,2026-06-20 13:36:00+00:00,2026-06-20 13:36:00+00:00
W032,W013,1,46828411.0,2026-06-10 08:09:00+00:00,2026-06-10 08:09:00+00:00
W032,W020,1,46922730.0,2026-06-26 17:03:00+00:00,2026-06-26 17:03:00+00:00
W032,W027,1,12567171.0,2026-06-11 03:55:00+00:00,2026-06-11 03:55:00+00:00
W032,W047,1,54995000.0,2026-06-13 11:06:00+00:00,2026-06-13 11:06:00+00:00
W033,W001,1,27780530.0,2026-06-04 21:18:00+00:00,2026-06-04 21:18:00+00:00
W033,W002,1,54638074.0,2026-06-22 15:37:00+00:00,2026-06-22 15:37:00+00:00
W033,W011,1,55898293.0,2026-06-25 19:12:00+00:00,2026-06-25 19:12:00+00:00
W033,W016,1,48743794.0,2026-06-14 07:59:00+00:00,2026-06-14 07:59:00+00:00
W033,W031,1,32954093.0,2026-06-12 13:36:00+00:00,2026-06-12 13:36:00+00:00
W033,W039,1,32088065.0,2026-06-22 16:33:00+00:00,2026-06-22 16:33:00+00:00
W033,W043,1,31968691.0,2026-06-13 16:39:00+00:00,2026-06-13 16:39:00+00:00
W033,W047,1,64995000.0,2026-06-13 11:12:00+00:00,2026-06-13 11:12:00+00:00
W034,W003,1,20946364.0,2026-06-26 19:52:00+00:00,2026-06-26 19:52:00+00:00
W034,W005,1,68586481.0,2026-07-01 00:07:00+00:00,2026-07-01 00:07:00+00:00
W034,W017,1,53247813.0,2026-06-07 10:49:00+00:00,2026-06-07 10:49:00+00:00
W034,W023,1,7006365.0,2026-06-07 09:21:00+00:00,2026-06-07 09:21:00+00:00
W034,W032,1,38345035.0,2026-06-28 09:24:00+00:00,2026-06-28 09:24:00+00:00
W035,W006,1,70049705.0,2026-06-16 18:51:00+00:00,2026-06-16 18:51:00+00:00
W035,W007,1,53792137.0,2026-06-07 21:13:00+00:00,2026-06-07 21:13:00+00:00
W036,W010,1,63904910.0,2026-06-21 13:01:00+00:00,2026-06-21 13:01:00+00:00
W036,W016,1,56979663.0,2026-06-16 23:39:00+00:00,2026-06-16 23:39:00+00:00
W036,W024,1,72143496.0,2026-06-04 02:21:00+00:00,2026-06-04 02:21:00+00:00
W036,W030,1,64104462.0,2026-06-16 09:09:00+00:00,2026-06-16 09:09:00+00:00
W036,W032,1,66804600.0,2026-06-29 14:37:00+00:00,2026-06-29 14:37:00+00:00
W036,W037,1,178500000.0,2026-06-19 15:01:35+00:00,2026-06-19 15:01:35+00:00
W037,W040,1,19305326.0,2026-06-29 16:14:00+00:00,2026-06-29 16:14:00+00:00
W038,W001,1,8958730.0,2026-06-05 11:35:00+00:00,2026-06-05 11:35:00+00:00
W038,W012,1,47241418.0,2026-06-08 06:06:00+00:00,2026-06-08 06:06:00+00:00
W038,W015,1,35464785.0,2026-06-25 15:34:00+00:00,2026-06-25 15:34:00+00:00
W038,W050,1,38333333.33333333,2026-06-24 20:00:00+00:00,2026-06-24 20:00:00+00:00
W039,W011,1,70259848.0,2026-06-15 05:19:00+00:00,2026-06-15 05:19:00+00:00
W039,W033,1,41017380.0,2026-06-03 17:54:00+00:00,2026-06-03 17:54:00+00:00
W039,W043,1,32299033.0,2026-06-02 17:45:00+00:00,2026-06-02 17:45:00+00:00
W039,W050,1,43125000.0,2026-06-24 20:00:00+00:00,2026-06-24 20:00:00+00:00
W040,W008,1,13283654.0,2026-06-22 13:10:00+00:00,2026-06-22 13:10:00+00:00
W040,W025,1,7618734.0,2026-06-21 11:20:00+00:00,2026-06-21 11:20:00+00:00
W040,W030,1,29095527.0,2026-06-21 08:02:00+00:00,2026-06-21 08:02:00+00:00
W040,W038,1,51064004.0,2026-06-21 00:46:00+00:00,2026-06-21 00:46:00+00:00
W040,W039,1,19896667.0,2026-06-13 17:04:00+00:00,2026-06-13 17:04:00+00:00
W040,W050,1,33541666.666666668,2026-06-24 20:00:00+00:00,2026-06-24 20:00:00+00:00
W041,W002,1,64326076.0,2026-06-07 13:40:00+00:00,2026-06-07 13:40:00+00:00
W041,W003,1,14098678.0,2026-06-30 06:55:00+00:00,2026-06-30 06:55:00+00:00
W041,W005,1,65698078.0,2026-06-01 23:44:00+00:00,2026-06-01 23:44:00+00:00
W041,W007,1,42680392.0,2026-06-05 23:21:00+00:00,2026-06-05 23:21:00+00:00
W041,W009,1,16033203.0,2026-06-02 20:24:00+00:00,2026-06-02 20:24:00+00:00
W041,W026,3,108234470.0,2026-06-02 07:41:00+00:00,2026-06-28 05:14:00+00:00
W041,W032,1,17118886.0,2026-06-13 19:45:00+00:00,2026-06-13 19:45:00+00:00
W041,W038,1,32918614.0,2026-06-18 03:40:00+00:00,2026-06-18 03:40:00+00:00
W041,W046,1,68000674.0,2026-06-18 06:27:00+00:00,2026-06-18 06:27:00+00:00
W042,W011,1,15084226.0,2026-06-08 14:46:00+00:00,2026-06-08 14:46:00+00:00
W042,W019,1,51074125.0,2026-06-06 00:42:00+00:00,2026-06-06 00:42:00+00:00
W042,W043,1,35675862.0,2026-07-01 09:31:00+00:00,2026-07-01 09:31:00+00:00
W043,W008,1,20889409.0,2026-06-20 23:03:00+00:00,2026-06-20 23:03:00+00:00
W043,W015,1,26666273.0,2026-06-08 09:48:00+00:00,2026-06-08 09:48:00+00:00
W043,W020,1,21416523.0,2026-06-10 16:18:00+00:00,2026-06-10 16:18:00+00:00
W043,W031,1,36919339.0,2026-06-23 03:19:00+00:00,2026-06-23 03:19:00+00:00
W043,W036,1,48387464.0,2026-06-21 11:51:00+00:00,2026-06-21 11:51:00+00:00
W044,W005,1,35765179.0,2026-06-01 11:20:00+00:00,2026-06-01 11:20:00+00:00
W044,W019,1,11269341.0,2026-06-22 19:12:00+00:00,2026-06-22 19:12:00+00:00
W044,W037,1,51836868.0,2026-07-01 11:57:00+00:00,2026-07-01 11:57:00+00:00
W045,W014,1,62479718.0,2026-07-01 19:00:00+00:00,2026-07-01 19:00:00+00:00
W045,W024,1,5617701.0,2026-06-08 10:34:00+00:00,2026-06-08 10:34:00+00:00
W046,W009,1,17427763.0,2026-06-12 00:06:00+00:00,2026-06-12 00:06:00+00:00
W046,W012,1,11057698.0,2026-06-05 06:34:00+00:00,2026-06-05 06:34:00+00:00
W046,W020,1,22170419.0,2026-06-30 09:03:00+00:00,2026-06-30 09:03:00+00:00
W046,W033,1,62599726.0,2026-06-02 23:49:00+00:00,2026-06-02 23:49:00+00:00
W046,W035,1,5847202.0,2026-06-22 18:01:00+00:00,2026-06-22 18:01:00+00:00
W046,W038,1,34708637.0,2026-07-01 17:10:00+00:00,2026-07-01 17:10:00+00:00
W046,W041,1,25994291.0,2026-06-19 05:03:00+00:00,2026-06-19 05:03:00+00:00
W046,W042,1,69870230.0,2026-06-24 08:41:00+00:00,2026-06-24 08:41:00+00:00
W047,W034,1,74000000.0,2026-06-13 11:24:00+00:00,2026-06-13 11:24:00+00:00
W047,W035,1,74000000.0,2026-06-13 11:24:00+00:00,2026-06-13 11:24:00+00:00
W048,W049,1,179500000.0,2026-06-19 15:00:00+00:00,2026-06-19 15:00:00+00:00
W049,W036,1,179000000.0,2026-06-19 15:00:45+00:00,2026-06-19 15:00:45+00:00
W050,W041,1,38000000.0,2026-06-24 20:02:00+00:00,2026-06-24 20:02:00+00:00
W050,W042,1,38000000.0,2026-06-24 20:02:00+00:00,2026-06-24 20:02:00+00:00
W050,W043,1,38000000.0,2026-06-24 20:02:00+00:00,2026-06-24 20:02:00+00:00
