wallet_id,graphsage_dim_0,graphsage_dim_1,graphsage_dim_2,graphsage_dim_3,graphsage_dim_4,graphsage_dim_5,graphsage_dim_6,graphsage_dim_7,graphsage_dim_8,graphsage_dim_9,graphsage_dim_10,graphsage_dim_11,graphsage_dim_12,graphsage_dim_13,graphsage_dim_14,graphsage_dim_15,graphsage_dim_16,graphsage_dim_17,graphsage_dim_18,graphsage_dim_19,graphsage_dim_20,graphsage_dim_21,graphsage_dim_22,graphsage_dim_23,graphsage_dim_24,graphsage_dim_25,graphsage_dim_26,graphsage_dim_27,graphsage_dim_28,graphsage_dim_29,graphsage_dim_30,graphsage_dim_31
W001,-0.30915585,0.20360231,0.07733165,-0.12033192,0.39734462,-0.89425516,0.19337347,-0.58239824,0.06954295,-0.048098564,0.028662145,-0.14545302,-0.40462345,0.20968877,0.4321771,-0.41934806,-0.80368286,-0.104100704,-0.06585739,0.26934764,-0.02200538,-0.009131255,-0.0057219975,0.37672246,0.029975133,0.61608887,0.60299724,0.49718282,0.36723906,0.1340948,-0.6635885,-0.5055557
W002,-0.37764362,0.19528355,0.20324987,-0.03190486,-0.57062757,-0.061133936,0.51982915,-0.48909312,0.24900836,0.44598907,0.5118766,0.09171392,0.053652294,0.15239652,0.5025606,-0.1784966,-0.106596515,0.42491102,0.14597848,0.081493616,0.40214467,-0.042560466,-0.6827146,-0.091517486,-0.44239032,0.42467538,-0.18782336,0.14025906,0.09845444,-0.744538,-0.21362945,0.046879314
W003,-0.23197505,-0.06990398,0.0623872,-0.30825448,-0.39225,-0.7378197,0.2851014,-0.80651,-0.024338627,0.27089995,0.13059255,0.19940126,-0.25681204,0.28217277,0.29339904,-0.2203512,-0.3592285,0.35490584,0.13695419,0.24572448,0.3304513,0.05539085,-0.5266781,0.36274672,-0.31336802,0.28660333,0.3151279,0.22484198,0.15808128,-0.4738723,-0.095517516,0.0051817596
W004,-1.0721216,0.7899786,0.09495306,-0.029418707,1.2802616,-0.09199026,-0.3968135,-0.67018414,-0.4566518,-0.37099853,-0.5268688,-0.2129297,0.0525195,-0.73712826,0.482092,-0.08941757,0.22129324,-0.46331,-0.28296447,-0.36123013,-0.42136684,0.28404576,0.5246145,-0.33136582,0.9021838,0.73159474,0.08620468,0.28293055,0.65017635,0.7560687,-0.4784022,-0.62025243
W005,-0.0800055,0.13797978,-0.017488206,-0.28960872,-0.070865266,-0.38723922,0.1606183,-0.62313694,-0.17896038,0.28409052,0.04741451,0.4972615,-0.24650285,0.38157296,0.18198462,-0.18432514,-0.5462568,0.2502636,-0.046602394,0.23054588,0.2988845,-0.012478258,-0.20970294,0.2995916,-0.12940279,0.5798513,0.35001358,0.15256129,0.0010673329,-0.43082774,0.44579172,-0.05136846
W006,0.36132815,0.45270595,0.27707285,0.6037954,-0.11813923,0.30343783,0.018294837,0.6641184,-0.03171563,-0.42356932,0.47297877,-0.5972587,-0.40628517,0.6199074,-0.23616584,-0.7972301,-0.25438902,-0.35082301,-0.071659535,-0.66981155,0.8119124,-0.4205177,-0.05877319,0.11540711,0.29591095,-0.3661168,0.104411185,0.34544235,0.014575936,-0.588364,-1.1443557,0.30537117
W007,-0.28420562,0.15615186,-0.117451176,-0.2957094,-0.0017881095,-0.68065953,0.3232927,-0.8891953,-0.1394761,0.6162003,0.051123623,-0.12803414,-0.26149663,-0.06900543,-0.07553422,-0.18135938,-0.30350438,0.32884663,-0.13188577,-0.1270312,0.4493967,-0.28029174,-0.7632978,0.37168717,-0.3044115,0.41795278,-0.19735032,0.5542578,0.23908454,-0.41301465,-0.14365453,-0.030094802
W008,-0.17917739,-0.30007413,-0.04677937,0.0941521,-0.669266,-0.02632994,0.07737677,-0.15726367,0.119789325,0.25257775,0.10339527,-0.17458123,0.06437301,-0.074364744,0.01016378,0.11486543,-0.33130705,0.28623903,0.31460077,0.16313602,0.07470034,-0.2433055,-0.22859028,-0.2357627,-0.17059378,0.19978198,-0.20944577,-0.015609703,0.08441043,0.12121485,0.0045481026,0.12744704
W009,-0.4697399,-0.35404184,0.04393871,0.05871007,-0.09679085,-0.24151725,0.09852974,0.17071228,0.08559263,-0.03534042,0.203674,0.13474149,-0.30284712,0.20606914,0.059580833,-0.37218153,-0.5183834,-0.0042575356,0.20752619,-0.27341086,0.6841365,-0.34711725,-0.24576038,0.057084024,-0.18147138,0.3162558,0.44203576,0.020751953,-0.0386699,0.44762537,0.21802704,-0.08166999
W010,-0.30734742,-0.28876388,-0.15683371,-0.1923545,-0.31431392,-0.4692259,0.06948477,-0.3014928,0.24373874,-0.3117859,-0.11773662,-0.08967561,-0.03325426,0.25568074,0.272333,-0.08896352,-0.27039406,-0.005282387,0.07396646,0.3404977,-0.02750174,0.07810944,0.027480165,-0.019813124,0.055213936,0.572109,0.19345063,0.02181233,0.18978399,-0.003380768,-0.014054126,-0.019435283
W011,-0.74827576,-0.3629444,0.3208353,0.08696848,-0.49596322,-0.4936468,0.4048593,0.46764255,0.3051225,-0.38162315,0.28879198,0.07797644,-0.42599776,0.37731528,0.20687011,-0.7048285,-0.6546422,-0.034489855,0.47581086,-0.11414603,0.55648565,-0.08670129,-0.18666735,-0.19098555,-0.10704405,0.60142195,0.8984995,0.15844859,-0.11638174,0.46581268,-0.22661866,0.12481524
W012,-1.083151,1.2128314,0.31329447,0.41091704,0.8158666,-0.79623437,0.9516041,-0.33391723,0.5132582,0.8567616,-0.5725328,-0.08686799,0.4519707,-0.53966403,-0.95866346,0.32750604,-0.044002168,0.491068,-0.7503818,0.072299436,-0.4787057,0.23474887,0.4097998,-0.28757232,0.27006653,-1.1447952,-2.0852935,0.39123413,-0.375386,0.9100059,-1.0048546,-0.88483405
W013,-0.30951104,0.7291012,0.31406265,0.32012972,-0.7504014,0.3766613,0.4874611,0.35943905,-0.19243944,0.0678952,0.8625706,0.39523047,-0.5064215,0.21041897,0.1397429,-0.9055705,-0.7761576,-0.2611442,0.12138438,-0.6964717,1.5454448,-0.47045144,-0.70391953,0.23394883,0.20265014,0.50327104,0.6672983,0.3754611,0.0658309,-0.5752202,-0.3191419,-0.17836414
W014,-0.26008347,1.6057638,0.8094742,0.19851421,1.2745578,0.9901799,-0.42221078,0.102280706,-0.37421754,-0.6186392,0.3645902,1.0393084,-0.114464045,-0.49474582,0.50798404,-0.05254595,-0.880265,-0.19298768,-0.124659285,-1.1881638,0.17700386,-0.6831939,0.122636706,-0.034270227,0.5100023,0.21542037,0.21562767,0.45586622,0.041481577,0.15599667,-0.91062367,-0.49582064
W015,-0.08030939,0.05213403,0.3300934,0.228659,-0.50914043,0.78090775,0.31540388,-0.19443104,-0.3949132,0.8549378,0.18110059,-0.45877147,0.36955112,-1.0735774,0.099825636,0.027916107,-0.53827864,-0.5147232,-0.641702,0.07966207,-0.23918317,-0.2638244,-0.12667659,0.060284644,0.3955503,0.0330185,-0.066609256,-0.18309823,-0.33519593,-0.03852258,-0.38694665,0.17951009
W016,-0.26927632,-0.0011211038,-0.24838004,-0.53316814,0.4332468,-0.7170795,-0.10015634,-0.25599903,0.03733655,-0.36240503,-0.02335906,-0.09576723,-0.14940089,0.22828223,0.5163048,-0.09586982,-0.15186012,-0.7463628,-0.077455744,0.36390102,-0.16547948,0.14613082,0.075362384,0.18461467,0.18824589,1.0554706,0.28394,0.3890178,0.27806586,-0.37321565,-0.26971716,-0.24423128
W017,-0.38505882,0.004919354,-0.18241066,-0.32185858,-0.1742743,-1.0966241,0.44724932,-0.86596453,0.23846897,-0.123938546,0.08948776,-0.020795196,-0.27779496,0.3419803,0.30042017,-0.22729546,-0.7029653,0.46975031,-0.03178548,0.72249794,-0.035118908,0.47160986,-0.23982486,0.6027348,-0.09106432,0.35273102,0.68707645,0.3701033,0.35121536,-0.44934648,-0.09443602,-0.19778685
W018,0.17695521,-0.14460324,0.47490028,0.1816411,0.2915364,-1.7672032,-0.04767187,-1.4654636,0.48516676,0.5382054,-1.1989231,0.7304512,-1.3835331,0.7461829,-0.6309773,-0.52458274,-0.1832711,0.6737384,-0.11966492,-0.27489102,0.7747663,0.20059103,-0.9661173,0.45335096,-0.60790694,-0.60677695,-1.0908886,0.7822205,0.42066768,-0.46356466,1.637027,0.11995678
W019,-0.25240383,-0.08959939,0.014690302,0.1581031,-0.37523583,-0.37150428,0.23695663,0.5389313,0.04926133,0.8319938,-0.3751462,0.008997228,-0.23204471,-0.25394043,-0.19383937,-0.190089,-0.80655617,-0.038716406,-0.18311262,-0.19346125,-0.0008468181,-0.14646742,-0.14003551,0.182153,0.36840466,0.27413717,0.63234967,-0.15114069,-0.15518859,0.06928789,0.7789874,0.009063348
W020,-0.35618395,-0.48131284,0.040530108,-0.06197133,-0.5913532,-0.7456568,0.12617059,-0.49659014,0.17245838,0.1773087,0.13330112,-0.23319945,-0.39515913,0.039383695,-0.24872506,-0.0979743,-0.77916116,0.17541853,0.3442672,0.029761776,0.6048876,-0.5255862,-0.66252923,-0.1972752,-0.1273137,0.31630692,0.45155048,0.1951115,0.08081317,0.30677035,-0.021634065,-0.117541075
W021,-0.4117791,0.032263458,0.19251403,-0.7647618,-0.3324862,-1.1817777,0.4453066,-1.144301,0.29005408,0.049151182,0.5772812,0.35199443,-0.7087678,0.40318954,0.15763277,-0.32158944,-0.23582572,0.50433487,0.6782886,0.30505666,1.3740771,-0.5376352,-0.66431415,-0.00742105,-0.27862602,0.7075641,0.48434252,0.62570107,0.24610077,0.037973672,-0.639988,-0.16350989
W022,-0.5278122,-0.6261638,-0.955424,-0.6733608,0.114222616,-1.7023845,-0.3992422,-0.7185095,-0.12957668,-0.51420444,-0.68328625,-0.14649291,-0.07684946,-0.19084589,0.7040912,-0.5141644,0.45746535,-0.025900051,-0.51732314,0.50284797,0.43238068,-0.04565382,-0.041672125,0.40679348,-0.043509513,0.44547942,0.5979631,-0.04218225,0.6761441,-0.47457007,0.47282964,0.008408293
W023,-0.29849282,0.035279334,0.3804624,-0.009925224,-0.25918806,-0.07414493,0.40223294,-0.62804896,0.26108053,-0.2934764,0.29842618,-0.24645968,-0.02663505,0.3471948,0.19079351,-0.37143904,-0.93051684,0.022132188,-0.26782933,-0.027174532,0.5306678,-0.10048707,0.073986284,0.28561348,0.4601093,0.35975936,0.45442647,0.30221072,0.07455812,0.12852746,-0.7014686,-0.21380429
W024,-0.5221892,0.5204328,-0.087152295,-0.22943114,0.9502535,-0.0043692887,-0.14787577,-0.42671627,-0.1280523,-0.51867294,0.16302833,0.11979538,0.06646304,-0.40374386,0.6605944,-0.32842916,-0.61423993,-0.33871257,-0.18879238,-0.26653957,-0.33341217,0.28290966,0.4912389,-0.051715184,0.65108407,0.9039171,-0.020898841,0.46044657,0.5880285,0.17531618,-0.6526525,-0.2380091
W025,-0.5074588,0.03814727,1.0349584,-0.18062337,-0.083752036,-1.8105772,-0.093577705,-0.8370662,0.27603486,-1.0341985,-0.078910075,0.568473,-1.2145234,0.86615115,-0.6277048,-0.79509205,-1.5279754,0.2938059,0.1021183,-0.5730857,1.250722,-0.5276053,-0.6041928,0.34105706,0.4678605,0.39770496,0.5779132,0.33976036,0.19700533,-0.17777148,-0.75237584,-0.37365723
W026,-0.35587084,-0.1984975,-0.38844824,-0.25939703,-0.7382175,-0.72306204,0.12078981,-0.65143746,0.16401902,0.0794739,0.06373455,0.122755796,-0.058247793,0.39057603,-0.25601792,-0.31862596,-0.475903,0.35685104,0.035688937,0.39366883,0.22469664,-0.30165654,-0.004245758,0.02456659,0.07772004,0.79047716,0.5691027,-0.045697227,0.17607018,-0.06978689,0.19303834,-0.29214498
W027,-0.018200666,0.9505134,-0.06172678,-0.23711431,0.45552915,-0.13327143,0.17543136,-0.5097038,-0.087056994,-0.62683845,0.76143694,-0.29726815,-0.9679731,0.12459097,0.14456686,-1.1774185,-1.0397791,-0.7582205,-0.4373332,-0.53125226,0.5751467,-0.45220834,-0.49028713,0.58990395,0.54580647,0.37165108,0.48997587,0.66866136,0.5911143,-0.32460964,-0.27885303,-0.19241741
W028,-0.08908875,-0.12923835,0.09620291,-0.1560564,-0.4739445,0.3261513,0.19671065,0.0018195286,0.29044813,-0.11847872,0.49632227,0.09797619,-0.019813724,0.21421762,0.13538954,-0.082756035,-0.42364717,-0.03124877,0.20079908,0.09134979,0.45259565,-0.3391026,-0.13592845,0.122028254,0.08189164,0.33003905,0.124751545,0.1008963,0.022032633,-0.096879095,-0.23942907,0.18323568
W029,0.40976948,1.4388903,1.2275472,-0.14441083,-1.0258596,0.28914165,1.0547043,-0.109598905,0.053215437,1.4019853,1.51236,-0.555184,-1.1611226,0.37790114,-0.4017486,-0.38564208,0.350536,0.12083861,0.45003036,-1.2251687,1.4010038,0.1757607,-0.96770585,0.39323226,-0.18968159,-0.52150077,-0.0960294,0.50988156,-0.38995528,-0.6145813,-2.2668915,0.33790165
W030,-0.81162345,-0.7957158,-0.39759326,-0.17794013,0.0958468,-0.32591552,-0.2612112,-0.08030777,-0.060858607,-1.0209498,-0.1464664,-0.59560347,0.90737325,-0.6602463,0.1337547,-0.24793221,0.20131084,-0.41182446,-0.34464765,-0.072799504,-0.21550056,-0.48630247,-0.018245593,0.048104867,0.36702323,0.3420367,0.0039516985,0.07195751,0.2780179,0.22229134,-0.7114592,0.35130155
W031,0.11076671,0.18342549,-0.32249823,0.41197428,-0.9376734,0.3517579,0.09604639,-0.06674346,-0.011704735,0.34622282,0.1322964,-0.73641723,0.19401763,-0.16713831,-0.13584882,-0.5193365,-0.45417804,-0.43919337,-0.0058988035,-0.1094138,0.2185086,-0.771483,-0.22565237,-0.6162499,0.41234237,0.20395824,-0.08814042,0.3617071,0.045558155,-0.04136949,0.12441958,0.17590402
W032,0.01197198,0.2757153,0.04332024,0.08213769,-0.6074022,0.5692011,0.032386653,0.12776917,0.154904,-0.11824743,0.7273215,0.114004955,0.038507767,0.42783222,0.5743824,-0.42030203,-0.1302486,-0.16872789,0.09735573,-0.15783767,0.69024986,-0.15399472,-0.22535786,0.2370598,0.07099289,0.40859345,0.32863125,0.05658842,0.3830995,-0.66500455,-0.34326857,0.075385496
W033,-0.43360177,0.19758296,0.3296603,-0.12701108,-0.2931307,-1.0117992,0.5309884,-0.5673325,0.3125004,0.050591797,0.2641716,-0.20918027,-0.34002715,0.4974844,0.069550455,-0.5975172,-0.77182424,0.38374847,0.52906626,0.29855487,0.64069194,-0.26467735,-0.43196252,0.16904142,-0.3613978,0.77697724,0.5971128,0.50994724,0.12344183,-0.46471155,-0.6443276,-0.0035387166
W034,0.19105326,0.06779587,-0.23357272,-0.30589554,-0.7227295,-0.5835905,0.4150572,-0.9785993,-0.1732211,0.35579425,0.5782032,-0.1423556,-0.9161453,0.61330676,0.29796094,-0.31848663,0.32716647,0.19746807,0.47525895,0.23309793,1.0466226,-0.09339251,-0.7384778,0.56380814,-0.67077684,0.06824078,0.12503675,0.23890805,0.15045327,-0.24675374,-0.37737307,-0.49513775
W035,-0.1972854,0.06202717,-0.29626352,-0.27191192,0.14899834,-0.37059745,0.27094477,-0.26904133,0.079375595,0.19039305,0.21257958,-0.01572983,-0.40977162,0.23911372,0.20452186,0.1370302,0.12410277,-0.068530664,0.07182497,0.2321111,0.29389188,0.10928485,-0.21047841,0.42161414,-0.16797972,0.42060336,-0.21430588,0.11015037,0.088636294,-0.024486497,-0.15580173,-0.35484236
W036,-0.6250106,0.027804524,-0.40301052,-0.041832753,1.0545915,0.95837337,-0.54140997,0.8650496,0.4008249,-0.7769067,0.5366503,-0.12475199,0.6138197,-1.3231523,-8.481741e-05,-0.010743611,0.80800474,-0.9192358,0.42348042,0.027014911,-0.26017714,-0.12923402,1.1299193,-0.40795475,0.5362073,0.16952035,-0.27386427,0.6326002,0.27176413,1.1803526,-0.8606391,-0.049551763
W037,-0.60039973,0.19774473,-0.32281092,-0.6286847,0.33692694,-0.8738837,0.088610224,-0.39745703,0.33158356,-0.13356802,-0.4871934,-0.11403718,-0.23648366,-0.24409363,0.4985131,-0.1514191,-0.3300563,-0.49693328,-0.041582704,0.5260593,-0.38795218,0.43443576,0.11401825,0.2947929,0.06918073,0.5420225,0.3058524,0.49364334,0.24320742,-0.20445023,0.13932194,0.0020303875
W038,-0.20040107,0.21130629,0.2961617,0.170882,-0.19060627,0.011386104,0.5450454,0.27640983,-0.16766286,1.0008508,0.2522545,0.24816398,0.20513687,-0.13475196,-0.079175144,0.3063279,-0.3345586,0.44521147,-0.1407384,-0.32835782,-0.303474,0.00625924,-0.28368613,0.11843115,-0.09914863,0.2547992,-0.23150244,0.020103961,-0.2044017,-0.3553806,0.18078241,-0.12294762
W039,-0.03813973,-0.06805693,0.32576025,0.15165937,-0.8254874,-0.2792284,-0.18967658,0.1789076,-0.04032892,0.4162588,0.22394598,0.12814406,0.14908537,-0.104120195,0.19447288,-0.26737818,-0.8549746,-0.052204717,0.13392998,-0.20093668,0.15661713,-0.006124258,-0.17589346,-0.20553029,0.31847236,0.50131196,0.2691647,0.18710448,0.19080538,-0.48947906,-0.27848184,0.17122704
W040,-0.4539227,-0.37215686,-0.1891631,0.1728,-0.14484179,-0.60157144,-0.37727857,-0.38289863,0.25247753,-0.3000576,-0.0200423,-0.23240076,0.29420266,-0.12903619,-0.49053228,-0.08701791,0.044840842,0.09054138,0.21732739,-0.14184538,0.21272546,-0.37818056,0.14076263,-0.14703313,0.15442613,0.10403624,-0.71452355,0.32252723,0.17221548,-0.3972584,-0.8242762,0.343394
W041,0.13617277,-0.10033325,-0.36531037,0.046210736,1.0408689,0.683597,0.26200193,0.817598,-0.4253574,0.13575575,-0.38405147,0.49569142,0.41072392,0.18321842,-0.15165168,0.10812041,1.1349024,-0.7563995,-0.25710544,-0.6377767,-0.032617033,0.4387336,-0.46262985,0.4638837,-0.5157172,-0.25914785,-0.62002325,0.673898,-0.15721524,-0.107204944,1.7301652,-0.1533003
W042,-0.7374314,-0.26528803,0.08775266,-0.02216959,0.73253024,-0.48531994,-0.09807218,0.6317414,-0.036158156,-0.388712,-0.79769224,-0.15289071,0.17734152,-0.12396567,-0.36485177,-0.17065394,-0.21022257,-0.26367757,0.026181355,-0.07926046,-0.055036128,-0.29965672,0.00073456764,0.43690693,0.15492414,-0.24332361,-0.25729746,0.03526157,-0.26978987,0.6542117,0.68628836,0.0050001256
W043,-0.8109242,0.070079684,-0.1267747,0.44377384,0.2712561,0.47441876,-0.43827462,1.4759955,-0.73101115,0.80872476,-0.8856442,-0.61358446,1.1525743,-0.75138474,-0.507521,-0.39353514,0.55094975,-0.91131246,0.18144491,-0.7980875,-0.13447922,-0.5765218,-0.030458093,0.2546563,0.193512,-0.26521653,-1.2988142,0.2647922,-0.6006143,0.29280537,0.9325425,0.2298482
W044,-0.12600563,1.0074145,0.7486469,0.31159753,0.1348817,0.39857095,0.5155484,0.11949711,0.4747528,-0.4881407,0.85355866,-0.042627722,-0.7060616,0.48059726,0.39833033,-0.50187224,-1.0443662,-0.26640627,0.33170626,-0.7454903,1.0258954,-0.57638186,-0.17590293,0.47303838,0.32209423,0.052179888,0.4479829,0.42787528,0.17784593,0.03102976,-1.1064049,-0.17068668
W045,-0.30869502,-0.4154666,0.06732568,-0.08964511,-0.3370582,-0.08397214,-0.019229755,-0.3377022,0.20220846,-0.28692034,0.021009758,-0.11373178,0.36372894,-0.153842,-0.16479573,0.19775842,-0.52814424,0.19728415,-0.21252352,-0.053476438,-0.12175236,-0.32390952,0.14227638,-0.22209358,0.4204974,0.27527925,0.039662674,0.18341938,0.11123994,-0.0068209954,-0.49053717,0.38098043
W046,-0.43513805,-0.23445185,-0.102497056,-0.06942539,-0.08307455,-0.9061341,0.1504342,-0.8504634,0.09109181,0.24627316,0.15518445,0.46003032,0.0020497441,0.34931707,-0.16185835,-0.06504639,-0.48416632,0.79762673,-0.39482456,-0.43887404,0.31109756,-0.15629911,-0.5676228,0.40176734,-0.19648564,0.36946565,0.1409958,-0.053042002,0.5846456,-0.47049838,0.430891,-0.45218936
W047,0.29502377,0.5596993,-0.43160534,0.473777,-1.242476,1.1499132,0.75971395,0.7089213,0.2513323,0.35062903,0.80041164,-0.6456805,-0.61611676,0.09127222,-0.314754,0.07067828,0.66497797,-0.31083238,-0.15641475,-0.082114905,0.6265912,-0.3647928,-0.6422108,0.9000861,0.32519004,-0.5835959,0.37183437,0.30642945,-0.35954016,0.051920697,-0.17743847,-0.40908632
W048,2.5783472,-1.258433,0.3166308,0.87293434,-1.2392602,2.5401235,-1.1962383,0.48325244,-0.03736482,-0.9212027,-0.037467033,0.37473032,-0.7268272,0.4384654,-0.09092744,0.38119355,1.5395538,-1.5287403,-0.22590801,-0.5856668,0.6501326,1.0885587,-0.81812036,-0.58592325,0.3588441,-1.4819126,0.79119515,-0.809277,0.17135796,-0.45183602,-0.59493124,0.47891906
W049,-2.799855,-5.4372134,-2.9481325,1.7623076,-0.24743551,3.42066,-4.1151657,2.9905088,-2.2981644,-3.428669,0.033914268,-0.5351221,2.216357,-2.3701332,0.8844638,-1.2042626,6.8178954,-5.039515,-1.2436957,-5.7024794,2.3778975,2.9992287,-1.2662535,0.07551992,0.70577204,-3.4298615,-0.89552784,-0.41786966,0.40404788,-0.7469199,-0.68660927,1.358676
W050,0.16000989,-0.24571733,0.09123591,0.2512718,-0.03547895,0.5673878,0.0567192,2.8586295,-1.8413676,1.3804665,-0.13743417,-0.29122716,0.05066493,-0.8065865,-0.820254,0.069706626,1.8756005,-1.6327671,-1.4919883,-1.6787328,0.11412541,0.45476153,-0.21748862,1.3998009,1.0554857,-1.2173162,0.73237586,-0.14262787,-0.45938578,-0.8096303,-0.5617097,-0.16323191
