wallet_id,entity_id,relationship_type,confidence,valid_from,valid_to
W0000001,E000099,primary_control,1.0,2026-03-29 16:04:40,
W0000002,E000004,primary_control,1.0,2026-04-25 05:43:02,
W0000003,E000012,primary_control,1.0,2026-05-18 10:46:40,
W0000004,E000048,primary_control,1.0,2026-01-14 18:13:09,
W0000005,E000038,primary_control,1.0,2026-04-15 17:00:44,
W0000006,E000074,primary_control,1.0,2026-02-17 04:26:57,
W0000007,E000018,primary_control,1.0,2026-05-08 23:04:55,
W0000008,E000009,primary_control,1.0,2026-05-11 18:06:22,
W0000008,E000094,shared_infrastructure,0.729,2026-05-11 18:06:22,
W0000009,E000035,primary_control,1.0,2026-04-15 03:16:21,
W0000010,E000087,primary_control,1.0,2026-02-18 12:10:56,
W0000011,E000026,primary_control,1.0,2026-01-10 19:45:31,
W0000012,E000017,primary_control,1.0,2026-02-02 07:03:57,
W0000013,E000076,primary_control,1.0,2026-06-25 05:41:18,
W0000014,E000072,primary_control,1.0,2026-02-21 11:56:08,
W0000015,E000092,primary_control,1.0,2026-01-31 01:24:19,
W0000016,E000075,primary_control,1.0,2026-05-23 20:47:01,
W0000016,E000041,shared_infrastructure,0.607,2026-05-23 20:47:01,
W0000017,E000031,primary_control,1.0,2026-01-12 01:04:40,
W0000018,E000011,primary_control,1.0,2026-05-12 02:43:06,
W0000019,E000097,primary_control,1.0,2026-02-17 19:26:48,
W0000020,E000078,primary_control,1.0,2026-05-08 15:34:51,
W0000021,E000050,primary_control,1.0,2026-02-09 15:55:00,
W0000022,E000056,primary_control,1.0,2026-03-30 18:49:15,
W0000023,E000082,primary_control,1.0,2026-03-30 23:45:55,
W0000024,E000030,primary_control,1.0,2026-04-15 09:33:28,
W0000025,E000064,primary_control,1.0,2026-06-21 01:07:28,
W0000026,E000031,primary_control,1.0,2026-03-27 02:05:17,
W0000027,E000003,primary_control,1.0,2026-05-10 16:28:05,
W0000028,E000027,primary_control,1.0,2026-02-21 08:30:01,
W0000029,E000014,primary_control,1.0,2026-02-22 21:14:04,
W0000030,E000037,primary_control,1.0,2026-05-14 11:58:07,
W0000031,E000009,primary_control,1.0,2026-01-18 22:08:31,
W0000032,E000062,primary_control,1.0,2026-05-30 17:40:33,
W0000033,E000081,primary_control,1.0,2026-04-18 03:01:01,
W0000034,E000029,primary_control,1.0,2026-04-16 22:38:06,
W0000035,E000028,primary_control,1.0,2026-03-25 10:57:04,
W0000035,E000047,associated_with,0.7,2026-03-25 10:57:04,
W0000036,E000067,primary_control,1.0,2026-02-10 19:01:39,
W0000037,E000077,primary_control,1.0,2026-05-01 12:29:32,
W0000038,E000031,primary_control,1.0,2026-06-05 07:44:37,
W0000039,E000062,primary_control,1.0,2026-06-01 22:11:07,
W0000040,E000049,primary_control,1.0,2026-02-21 19:24:17,
W0000041,E000007,primary_control,1.0,2026-06-16 17:20:04,
W0000042,E000054,primary_control,1.0,2026-03-09 21:31:34,
W0000043,E000049,primary_control,1.0,2026-01-05 14:17:03,
W0000044,E000011,primary_control,1.0,2026-05-31 03:57:48,
W0000045,E000062,primary_control,1.0,2026-01-06 08:37:40,
W0000046,E000050,primary_control,1.0,2026-01-08 10:17:29,
W0000047,E000059,primary_control,1.0,2026-03-26 17:44:34,
W0000048,E000035,primary_control,1.0,2026-02-19 11:05:34,
W0000049,E000036,primary_control,1.0,2026-03-12 17:23:42,
W0000049,E000086,associated_with,0.624,2026-03-12 17:23:42,
W0000050,E000022,primary_control,1.0,2026-05-20 18:17:52,
W0000051,E000061,primary_control,1.0,2026-03-20 03:19:18,
W0000052,E000071,primary_control,1.0,2026-05-12 12:31:49,
W0000053,E000001,primary_control,1.0,2026-03-01 00:09:35,
W0000054,E000070,primary_control,1.0,2026-05-08 03:08:57,
W0000055,E000038,primary_control,1.0,2026-04-10 06:14:36,
W0000056,E000075,primary_control,1.0,2026-02-02 22:49:09,
W0000057,E000062,primary_control,1.0,2026-01-19 03:12:57,
W0000058,E000036,primary_control,1.0,2026-01-29 14:43:09,
W0000058,E000061,transacted_for,0.688,2026-01-29 14:43:09,
W0000059,E000035,primary_control,1.0,2026-05-20 11:44:04,
W0000060,E000001,primary_control,1.0,2026-06-23 08:05:46,
W0000061,E000099,primary_control,1.0,2026-04-01 04:57:33,
W0000062,E000005,primary_control,1.0,2026-03-30 15:15:58,
W0000063,E000059,primary_control,1.0,2026-05-27 15:43:12,
W0000064,E000095,primary_control,1.0,2026-03-24 20:45:21,
W0000065,E000088,primary_control,1.0,2026-03-29 09:28:37,
W0000066,E000025,primary_control,1.0,2026-05-29 16:57:01,
W0000067,E000081,primary_control,1.0,2026-01-16 01:05:54,
W0000068,E000015,primary_control,1.0,2026-01-27 20:52:11,
W0000069,E000038,primary_control,1.0,2026-01-13 11:19:41,
W0000070,E000078,primary_control,1.0,2026-01-13 02:10:45,
W0000071,E000004,primary_control,1.0,2026-06-16 08:39:38,
W0000072,E000066,primary_control,1.0,2026-02-27 23:38:08,
W0000073,E000023,primary_control,1.0,2026-04-15 12:17:22,
W0000074,E000048,primary_control,1.0,2026-02-12 14:34:44,
W0000075,E000063,primary_control,1.0,2026-05-10 21:10:37,
W0000076,E000025,primary_control,1.0,2026-05-01 19:55:39,
W0000076,E000051,transacted_for,0.642,2026-05-01 19:55:39,
W0000077,E000079,primary_control,1.0,2026-01-27 08:24:19,
W0000078,E000061,primary_control,1.0,2026-02-11 02:24:30,
W0000079,E000046,primary_control,1.0,2026-02-24 00:46:11,
W0000080,E000004,primary_control,1.0,2026-05-26 10:42:21,
W0000080,E000045,shared_infrastructure,0.38,2026-05-26 10:42:21,
W0000081,E000017,primary_control,1.0,2026-05-27 10:58:53,
W0000082,E000004,primary_control,1.0,2026-05-01 15:38:02,
W0000083,E000020,primary_control,1.0,2026-04-20 12:17:19,
W0000084,E000069,primary_control,1.0,2026-02-02 13:57:14,
W0000085,E000013,primary_control,1.0,2026-06-01 00:46:22,
W0000086,E000006,primary_control,1.0,2026-03-02 13:49:34,
W0000087,E000023,primary_control,1.0,2026-05-19 20:12:36,
W0000087,E000089,associated_with,0.457,2026-05-19 20:12:36,
W0000088,E000056,primary_control,1.0,2026-06-15 02:39:13,
W0000089,E000070,primary_control,1.0,2026-06-01 23:20:42,
W0000090,E000069,primary_control,1.0,2026-01-14 09:21:42,
W0000091,E000078,primary_control,1.0,2026-06-09 16:20:23,
W0000092,E000075,primary_control,1.0,2026-06-23 03:02:26,
W0000093,E000099,primary_control,1.0,2026-05-07 07:21:04,
W0000094,E000048,primary_control,1.0,2026-04-01 06:28:07,
W0000095,E000061,primary_control,1.0,2026-06-15 09:16:15,
W0000096,E000083,primary_control,1.0,2026-02-17 08:29:09,
W0000097,E000063,primary_control,1.0,2026-01-06 13:45:06,
W0000098,E000038,primary_control,1.0,2026-03-10 21:36:15,
W0000099,E000067,primary_control,1.0,2026-04-18 22:10:26,
W0000100,E000043,primary_control,1.0,2026-05-20 19:47:28,
W0000101,E000098,primary_control,1.0,2026-04-03 10:45:16,
W0000102,E000055,primary_control,1.0,2026-02-13 00:42:50,
W0000103,E000069,primary_control,1.0,2026-04-02 21:33:13,
W0000104,E000062,primary_control,1.0,2026-03-10 07:33:21,
W0000105,E000022,primary_control,1.0,2026-05-21 01:25:43,
W0000106,E000098,primary_control,1.0,2026-02-05 22:51:38,
W0000107,E000053,primary_control,1.0,2026-01-20 12:29:08,
W0000108,E000056,primary_control,1.0,2026-01-03 17:56:10,
W0000109,E000009,primary_control,1.0,2026-04-18 10:50:22,
W0000110,E000092,primary_control,1.0,2026-01-20 22:05:35,
W0000111,E000081,primary_control,1.0,2026-03-08 03:48:17,
W0000112,E000091,primary_control,1.0,2026-01-23 03:41:04,
W0000113,E000009,primary_control,1.0,2026-01-30 11:05:56,
W0000114,E000082,primary_control,1.0,2026-02-18 04:39:13,
W0000115,E000040,primary_control,1.0,2026-05-31 14:59:38,
W0000116,E000048,primary_control,1.0,2026-06-17 00:40:01,
W0000117,E000010,primary_control,1.0,2026-04-29 09:05:09,
W0000118,E000038,primary_control,1.0,2026-02-21 09:20:25,
W0000119,E000012,primary_control,1.0,2026-01-31 09:29:41,
W0000120,E000088,primary_control,1.0,2026-02-26 13:22:00,
W0000121,E000084,primary_control,1.0,2026-01-14 19:43:18,
W0000122,E000090,primary_control,1.0,2026-04-25 12:37:07,
W0000123,E000029,primary_control,1.0,2026-06-26 09:30:15,
W0000124,E000032,primary_control,1.0,2026-06-03 21:55:00,
W0000125,E000025,primary_control,1.0,2026-03-27 06:36:12,
W0000126,E000076,primary_control,1.0,2026-02-22 20:45:33,
W0000127,E000008,primary_control,1.0,2026-06-22 17:00:39,
W0000128,E000006,primary_control,1.0,2026-01-18 17:36:50,
W0000129,E000025,primary_control,1.0,2026-05-29 12:02:30,
W0000130,E000014,primary_control,1.0,2026-04-02 08:41:33,
W0000131,E000005,primary_control,1.0,2026-04-24 15:50:01,
W0000132,E000016,primary_control,1.0,2026-04-02 06:24:25,
W0000133,E000019,primary_control,1.0,2026-06-16 13:19:33,
W0000134,E000053,primary_control,1.0,2026-05-09 15:51:47,
W0000135,E000084,primary_control,1.0,2026-01-18 02:23:18,
W0000136,E000076,primary_control,1.0,2026-06-17 22:46:31,
W0000137,E000087,primary_control,1.0,2026-03-22 05:52:23,
W0000138,E000093,primary_control,1.0,2026-05-02 10:36:57,
W0000139,E000024,primary_control,1.0,2026-02-25 22:18:47,
W0000140,E000006,primary_control,1.0,2026-05-03 08:06:59,
W0000141,E000057,primary_control,1.0,2026-04-17 23:05:45,
W0000142,E000020,primary_control,1.0,2026-03-31 14:30:10,
W0000143,E000055,primary_control,1.0,2026-04-09 19:30:55,
W0000144,E000088,primary_control,1.0,2026-02-17 07:52:06,
W0000145,E000096,primary_control,1.0,2026-05-25 21:58:31,
W0000146,E000078,primary_control,1.0,2026-03-07 23:56:00,
W0000147,E000056,primary_control,1.0,2026-06-12 14:55:14,
W0000148,E000029,primary_control,1.0,2026-03-28 17:03:42,
W0000149,E000071,primary_control,1.0,2026-03-30 10:03:34,
W0000150,E000041,primary_control,1.0,2026-04-22 00:46:12,
W0000151,E000002,primary_control,1.0,2026-03-03 18:48:32,
W0000152,E000046,primary_control,1.0,2026-05-09 21:00:50,
W0000153,E000095,primary_control,1.0,2026-04-25 14:26:24,
W0000154,E000074,primary_control,1.0,2026-01-20 08:41:24,
W0000155,E000028,primary_control,1.0,2026-03-21 14:38:19,
W0000155,E000034,shared_infrastructure,0.655,2026-03-21 14:38:19,
W0000156,E000062,primary_control,1.0,2026-06-15 12:11:54,
W0000157,E000092,primary_control,1.0,2026-06-19 09:35:58,
W0000157,E000009,shared_infrastructure,0.651,2026-06-19 09:35:58,
W0000158,E000042,primary_control,1.0,2026-05-26 00:11:00,
W0000159,E000018,primary_control,1.0,2026-03-28 03:41:30,
W0000160,E000005,primary_control,1.0,2026-03-04 23:41:43,
W0000161,E000028,primary_control,1.0,2026-02-17 10:02:33,
W0000162,E000034,primary_control,1.0,2026-02-03 00:10:52,
W0000162,E000049,transacted_for,0.456,2026-02-03 00:10:52,
W0000163,E000005,primary_control,1.0,2026-02-15 02:04:35,
W0000164,E000003,primary_control,1.0,2026-06-24 13:13:02,
W0000165,E000031,primary_control,1.0,2026-01-15 08:13:17,
W0000166,E000058,primary_control,1.0,2026-05-05 01:40:12,
W0000167,E000056,primary_control,1.0,2026-02-08 16:25:06,
W0000168,E000071,primary_control,1.0,2026-04-22 01:21:10,
W0000169,E000058,primary_control,1.0,2026-01-05 06:14:45,
W0000170,E000009,primary_control,1.0,2026-06-26 19:46:57,
W0000171,E000025,primary_control,1.0,2026-05-31 15:12:53,
W0000172,E000035,primary_control,1.0,2026-05-01 13:33:45,
W0000173,E000090,primary_control,1.0,2026-05-13 05:00:52,
W0000174,E000005,primary_control,1.0,2026-03-01 23:43:53,
W0000174,E000047,transacted_for,0.39,2026-03-01 23:43:53,
W0000175,E000078,primary_control,1.0,2026-02-04 02:32:31,
W0000176,E000068,primary_control,1.0,2026-04-14 01:57:04,
W0000177,E000025,primary_control,1.0,2026-06-27 11:46:36,
W0000178,E000063,primary_control,1.0,2026-06-06 03:59:43,
W0000179,E000040,primary_control,1.0,2026-06-17 00:32:44,
W0000180,E000044,primary_control,1.0,2026-01-18 12:50:30,
W0000180,E000069,shared_infrastructure,0.512,2026-01-18 12:50:30,
W0000181,E000039,primary_control,1.0,2026-04-24 12:14:50,
W0000182,E000082,primary_control,1.0,2026-05-12 00:57:58,
W0000183,E000061,primary_control,1.0,2026-06-27 17:24:06,
W0000184,E000087,primary_control,1.0,2026-06-26 14:03:12,
W0000185,E000008,primary_control,1.0,2026-01-08 05:25:15,
W0000186,E000043,primary_control,1.0,2026-06-22 06:55:41,
W0000187,E000078,primary_control,1.0,2026-04-25 01:12:15,
W0000188,E000092,primary_control,1.0,2026-04-30 13:08:50,
W0000189,E000069,primary_control,1.0,2026-02-12 04:33:00,
W0000190,E000068,primary_control,1.0,2026-01-20 07:01:33,
W0000191,E000023,primary_control,1.0,2026-01-12 18:11:01,
W0000192,E000023,primary_control,1.0,2026-01-18 19:13:44,
W0000193,E000004,primary_control,1.0,2026-01-10 19:42:46,
W0000194,E000037,primary_control,1.0,2026-01-14 07:44:47,
W0000195,E000042,primary_control,1.0,2026-03-05 19:11:54,
W0000196,E000052,primary_control,1.0,2026-06-16 16:27:44,
W0000197,E000033,primary_control,1.0,2026-01-22 08:17:38,
W0000198,E000043,primary_control,1.0,2026-04-25 08:15:12,
W0000198,E000034,shared_infrastructure,0.676,2026-04-25 08:15:12,
W0000199,E000011,primary_control,1.0,2026-04-03 11:28:01,
W0000200,E000019,primary_control,1.0,2026-03-29 18:29:52,
W0000201,E000099,primary_control,1.0,2026-02-28 13:41:57,
W0000202,E000091,primary_control,1.0,2026-06-14 12:41:50,
W0000203,E000081,primary_control,1.0,2026-01-15 06:29:29,
W0000204,E000024,primary_control,1.0,2026-02-23 09:40:02,
W0000205,E000061,primary_control,1.0,2026-03-15 23:08:35,
W0000206,E000080,primary_control,1.0,2026-01-20 06:12:18,
W0000207,E000038,primary_control,1.0,2026-03-25 12:16:16,
W0000208,E000084,primary_control,1.0,2026-03-19 10:13:02,
W0000209,E000059,primary_control,1.0,2026-05-10 03:37:38,
W0000210,E000088,primary_control,1.0,2026-01-14 00:51:50,
W0000211,E000018,primary_control,1.0,2026-05-25 14:02:09,
W0000212,E000062,primary_control,1.0,2026-05-11 02:29:17,
W0000213,E000074,primary_control,1.0,2026-06-18 13:36:09,
W0000214,E000066,primary_control,1.0,2026-01-21 02:48:49,
W0000215,E000091,primary_control,1.0,2026-02-13 13:03:24,
W0000216,E000020,primary_control,1.0,2026-05-29 01:59:59,
W0000217,E000060,primary_control,1.0,2026-05-30 00:29:41,
W0000218,E000006,primary_control,1.0,2026-04-29 06:07:19,
W0000218,E000035,transacted_for,0.486,2026-04-29 06:07:19,
W0000219,E000001,primary_control,1.0,2026-02-05 05:24:40,
W0000220,E000028,primary_control,1.0,2026-05-24 21:09:57,
W0000221,E000071,primary_control,1.0,2026-03-23 12:33:40,
W0000222,E000061,primary_control,1.0,2026-05-31 20:18:58,
W0000223,E000049,primary_control,1.0,2026-01-31 13:34:59,
W0000223,E000011,shared_infrastructure,0.641,2026-01-31 13:34:59,
W0000224,E000081,primary_control,1.0,2026-03-22 10:14:10,
W0000225,E000064,primary_control,1.0,2026-03-25 11:32:33,
W0000226,E000092,primary_control,1.0,2026-04-13 07:41:27,
W0000226,E000051,associated_with,0.374,2026-04-13 07:41:27,
W0000227,E000038,primary_control,1.0,2026-05-30 00:06:28,
W0000228,E000022,primary_control,1.0,2026-01-02 12:01:26,
W0000229,E000071,primary_control,1.0,2026-04-14 10:00:49,
W0000230,E000025,primary_control,1.0,2026-01-14 23:53:46,
W0000231,E000004,primary_control,1.0,2026-03-31 06:36:36,
W0000232,E000076,primary_control,1.0,2026-05-18 18:30:17,
W0000233,E000061,primary_control,1.0,2026-02-03 08:59:13,
W0000234,E000068,primary_control,1.0,2026-01-18 02:42:54,
W0000235,E000076,primary_control,1.0,2026-04-12 17:50:32,
W0000236,E000063,primary_control,1.0,2026-02-13 00:36:02,
W0000237,E000020,primary_control,1.0,2026-04-14 00:47:51,
W0000238,E000044,primary_control,1.0,2026-05-22 05:49:56,
W0000239,E000036,primary_control,1.0,2026-02-03 16:33:50,
W0000240,E000013,primary_control,1.0,2026-02-04 09:33:38,
W0000241,E000083,primary_control,1.0,2026-05-13 06:18:43,
W0000242,E000058,primary_control,1.0,2026-06-17 19:40:56,
W0000243,E000081,primary_control,1.0,2026-05-03 14:28:04,
W0000244,E000066,primary_control,1.0,2026-04-09 12:21:40,
W0000245,E000010,primary_control,1.0,2026-03-13 14:26:30,
W0000245,E000012,transacted_for,0.573,2026-03-13 14:26:30,
W0000246,E000008,primary_control,1.0,2026-03-29 07:54:39,
W0000247,E000088,primary_control,1.0,2026-04-08 08:32:27,
W0000248,E000063,primary_control,1.0,2026-05-19 16:57:06,
W0000249,E000045,primary_control,1.0,2026-05-18 09:45:22,
W0000250,E000031,primary_control,1.0,2026-03-12 15:53:14,
W0000251,E000063,primary_control,1.0,2026-05-12 19:53:33,
W0000251,E000081,transacted_for,0.379,2026-05-12 19:53:33,
W0000252,E000072,primary_control,1.0,2026-02-25 04:13:15,
W0000253,E000029,primary_control,1.0,2026-03-06 17:34:46,
W0000254,E000064,primary_control,1.0,2026-03-02 05:47:04,
W0000255,E000015,primary_control,1.0,2026-03-02 02:45:22,
W0000256,E000014,primary_control,1.0,2026-05-11 02:58:07,
W0000257,E000096,primary_control,1.0,2026-03-12 06:14:28,
W0000258,E000038,primary_control,1.0,2026-03-08 08:35:17,
W0000259,E000041,primary_control,1.0,2026-01-15 23:36:55,
W0000260,E000007,primary_control,1.0,2026-05-09 12:48:49,
W0000261,E000071,primary_control,1.0,2026-01-30 22:52:11,
W0000262,E000032,primary_control,1.0,2026-05-21 00:57:22,
W0000262,E000047,transacted_for,0.455,2026-05-21 00:57:22,
W0000263,E000053,primary_control,1.0,2026-05-27 02:23:49,
W0000264,E000088,primary_control,1.0,2026-06-25 12:49:32,
W0000265,E000094,primary_control,1.0,2026-03-31 15:35:04,
W0000266,E000078,primary_control,1.0,2026-02-01 11:14:44,
W0000267,E000047,primary_control,1.0,2026-01-11 03:10:31,
W0000268,E000019,primary_control,1.0,2026-05-19 03:22:07,
W0000269,E000031,primary_control,1.0,2026-02-22 23:17:58,
W0000270,E000080,primary_control,1.0,2026-01-18 19:24:58,
W0000271,E000026,primary_control,1.0,2026-03-22 13:33:35,
W0000272,E000072,primary_control,1.0,2026-01-16 20:18:32,
W0000273,E000018,primary_control,1.0,2026-06-12 22:50:41,
W0000274,E000053,primary_control,1.0,2026-06-28 03:22:33,
W0000275,E000088,primary_control,1.0,2026-03-29 02:38:03,
W0000275,E000011,shared_infrastructure,0.445,2026-03-29 02:38:03,
W0000276,E000079,primary_control,1.0,2026-01-22 14:10:05,
W0000277,E000043,primary_control,1.0,2026-03-23 12:31:43,
W0000278,E000093,primary_control,1.0,2026-04-26 21:00:19,
W0000278,E000066,transacted_for,0.666,2026-04-26 21:00:19,
W0000279,E000001,primary_control,1.0,2026-04-30 09:13:13,
W0000280,E000015,primary_control,1.0,2026-04-12 15:36:53,
W0000280,E000068,transacted_for,0.696,2026-04-12 15:36:53,
W0000281,E000004,primary_control,1.0,2026-03-17 19:38:46,
W0000281,E000050,associated_with,0.462,2026-03-17 19:38:46,
W0000282,E000011,primary_control,1.0,2026-03-08 22:53:45,
W0000283,E000062,primary_control,1.0,2026-01-26 21:44:01,
W0000284,E000033,primary_control,1.0,2026-06-11 05:52:05,
W0000285,E000034,primary_control,1.0,2026-06-07 13:51:11,
W0000285,E000100,associated_with,0.366,2026-06-07 13:51:11,
W0000286,E000036,primary_control,1.0,2026-06-22 00:04:56,
W0000287,E000073,primary_control,1.0,2026-06-08 08:04:03,
W0000288,E000035,primary_control,1.0,2026-02-25 13:22:24,
W0000289,E000062,primary_control,1.0,2026-02-23 01:16:54,
W0000290,E000076,primary_control,1.0,2026-05-25 08:03:53,
W0000291,E000034,primary_control,1.0,2026-04-07 08:28:28,
W0000292,E000039,primary_control,1.0,2026-06-05 13:37:14,
W0000293,E000034,primary_control,1.0,2026-04-16 22:05:41,
W0000294,E000055,primary_control,1.0,2026-03-01 12:22:27,
W0000295,E000081,primary_control,1.0,2026-03-10 06:19:39,
W0000295,E000046,transacted_for,0.541,2026-03-10 06:19:39,
W0000296,E000010,primary_control,1.0,2026-01-15 13:43:01,
W0000297,E000090,primary_control,1.0,2026-02-01 01:35:31,
W0000298,E000081,primary_control,1.0,2026-01-07 18:10:29,
W0000298,E000100,transacted_for,0.509,2026-01-07 18:10:29,
W0000299,E000082,primary_control,1.0,2026-04-28 11:56:46,
W0000300,E000089,primary_control,1.0,2026-03-28 04:54:25,
W0000301,E000073,primary_control,1.0,2026-03-03 01:08:32,
W0000302,E000034,primary_control,1.0,2026-04-07 21:42:48,
W0000303,E000050,primary_control,1.0,2026-05-31 11:35:46,
W0000304,E000053,primary_control,1.0,2026-05-15 18:11:03,
W0000305,E000012,primary_control,1.0,2026-03-29 18:40:17,
W0000306,E000016,primary_control,1.0,2026-06-07 09:15:55,
W0000307,E000055,primary_control,1.0,2026-06-23 01:54:24,
W0000308,E000033,primary_control,1.0,2026-06-04 02:53:35,
W0000309,E000036,primary_control,1.0,2026-06-03 19:17:36,
W0000310,E000068,primary_control,1.0,2026-04-18 13:55:37,
W0000311,E000060,primary_control,1.0,2026-01-26 04:46:39,
W0000312,E000073,primary_control,1.0,2026-05-20 05:09:09,
W0000313,E000070,primary_control,1.0,2026-01-15 07:42:11,
W0000314,E000083,primary_control,1.0,2026-04-01 10:56:24,
W0000315,E000049,primary_control,1.0,2026-05-30 02:07:18,
W0000316,E000005,primary_control,1.0,2026-06-11 10:33:43,
W0000317,E000031,primary_control,1.0,2026-03-04 15:42:29,
W0000318,E000089,primary_control,1.0,2026-06-14 06:20:12,
W0000319,E000052,primary_control,1.0,2026-01-25 07:20:09,
W0000320,E000032,primary_control,1.0,2026-04-25 22:01:38,
W0000321,E000063,primary_control,1.0,2026-06-13 14:28:27,
W0000321,E000004,shared_infrastructure,0.767,2026-06-13 14:28:27,
W0000322,E000039,primary_control,1.0,2026-05-07 10:29:08,
W0000323,E000006,primary_control,1.0,2026-04-07 17:01:32,
W0000324,E000023,primary_control,1.0,2026-02-17 13:12:49,
W0000325,E000010,primary_control,1.0,2026-01-31 16:42:29,
W0000326,E000063,primary_control,1.0,2026-04-28 19:14:30,
W0000327,E000064,primary_control,1.0,2026-03-19 10:09:14,
W0000328,E000019,primary_control,1.0,2026-03-03 23:11:16,
W0000329,E000045,primary_control,1.0,2026-01-28 08:32:14,
W0000329,E000050,associated_with,0.534,2026-01-28 08:32:14,
W0000330,E000017,primary_control,1.0,2026-06-07 23:04:53,
W0000331,E000021,primary_control,1.0,2026-05-29 04:24:12,
W0000332,E000093,primary_control,1.0,2026-06-20 16:47:22,
W0000333,E000073,primary_control,1.0,2026-04-09 03:32:30,
W0000334,E000066,primary_control,1.0,2026-01-10 10:45:48,
W0000335,E000088,primary_control,1.0,2026-02-25 11:41:02,
W0000335,E000014,transacted_for,0.738,2026-02-25 11:41:02,
W0000336,E000046,primary_control,1.0,2026-03-13 01:23:30,
W0000337,E000035,primary_control,1.0,2026-03-12 09:28:59,
W0000338,E000083,primary_control,1.0,2026-05-29 10:22:52,
W0000339,E000100,primary_control,1.0,2026-04-29 15:40:02,
W0000340,E000069,primary_control,1.0,2026-06-04 08:29:22,
W0000341,E000028,primary_control,1.0,2026-02-08 15:40:37,
W0000342,E000008,primary_control,1.0,2026-01-08 13:21:08,
W0000343,E000060,primary_control,1.0,2026-03-30 17:43:15,
W0000344,E000061,primary_control,1.0,2026-04-30 01:06:16,
W0000345,E000100,primary_control,1.0,2026-06-13 14:48:34,
W0000346,E000096,primary_control,1.0,2026-04-14 08:53:00,
W0000347,E000004,primary_control,1.0,2026-03-13 12:40:18,
W0000348,E000075,primary_control,1.0,2026-03-01 17:52:57,
W0000349,E000042,primary_control,1.0,2026-05-21 01:58:05,
W0000350,E000071,primary_control,1.0,2026-01-29 16:41:04,
W0000350,E000090,shared_infrastructure,0.358,2026-01-29 16:41:04,
W0000351,E000029,primary_control,1.0,2026-03-22 04:32:00,
W0000352,E000054,primary_control,1.0,2026-06-19 11:37:31,
W0000353,E000061,primary_control,1.0,2026-05-09 14:12:02,
W0000354,E000033,primary_control,1.0,2026-03-31 06:11:14,
W0000355,E000050,primary_control,1.0,2026-04-29 11:09:46,
W0000356,E000056,primary_control,1.0,2026-02-13 15:57:22,
W0000357,E000092,primary_control,1.0,2026-03-03 13:31:01,
W0000358,E000089,primary_control,1.0,2026-02-25 21:11:44,
W0000359,E000073,primary_control,1.0,2026-06-08 21:54:55,
W0000360,E000039,primary_control,1.0,2026-01-09 04:02:38,
W0000361,E000081,primary_control,1.0,2026-05-08 09:03:04,
W0000362,E000051,primary_control,1.0,2026-04-20 03:11:37,
W0000363,E000043,primary_control,1.0,2026-02-17 01:56:10,
W0000364,E000042,primary_control,1.0,2026-01-11 04:37:34,
W0000365,E000018,primary_control,1.0,2026-05-13 06:35:05,
W0000365,E000071,associated_with,0.419,2026-05-13 06:35:05,
W0000366,E000088,primary_control,1.0,2026-04-03 17:04:16,
W0000367,E000053,primary_control,1.0,2026-05-06 10:06:08,
W0000368,E000042,primary_control,1.0,2026-04-14 21:59:25,
W0000369,E000033,primary_control,1.0,2026-06-28 13:48:31,
W0000370,E000093,primary_control,1.0,2026-02-06 04:16:30,
W0000371,E000019,primary_control,1.0,2026-03-07 01:24:33,
W0000372,E000093,primary_control,1.0,2026-06-22 16:15:06,
W0000373,E000035,primary_control,1.0,2026-06-07 01:20:45,
W0000374,E000090,primary_control,1.0,2026-02-19 22:56:28,
W0000374,E000044,associated_with,0.6,2026-02-19 22:56:28,
W0000375,E000014,primary_control,1.0,2026-04-29 15:15:15,
W0000376,E000016,primary_control,1.0,2026-03-19 20:01:05,
W0000377,E000061,primary_control,1.0,2026-02-18 03:58:59,
W0000378,E000051,primary_control,1.0,2026-03-06 00:09:54,
W0000379,E000050,primary_control,1.0,2026-05-07 22:23:07,
W0000380,E000022,primary_control,1.0,2026-04-01 08:53:52,
W0000381,E000057,primary_control,1.0,2026-05-15 00:59:10,
W0000382,E000089,primary_control,1.0,2026-04-30 08:21:43,
W0000383,E000029,primary_control,1.0,2026-03-30 08:21:15,
W0000384,E000088,primary_control,1.0,2026-05-28 01:30:33,
W0000385,E000025,primary_control,1.0,2026-05-13 02:37:23,
W0000386,E000083,primary_control,1.0,2026-04-13 13:27:54,
W0000386,E000073,shared_infrastructure,0.715,2026-04-13 13:27:54,
W0000387,E000005,primary_control,1.0,2026-04-22 04:58:59,
W0000388,E000099,primary_control,1.0,2026-03-27 19:07:34,
W0000389,E000092,primary_control,1.0,2026-01-18 15:49:07,
W0000390,E000024,primary_control,1.0,2026-04-10 15:54:29,
W0000391,E000087,primary_control,1.0,2026-05-11 15:19:29,
W0000392,E000001,primary_control,1.0,2026-05-25 19:42:02,
W0000393,E000064,primary_control,1.0,2026-05-17 00:01:48,
W0000394,E000011,primary_control,1.0,2026-04-02 16:00:40,
W0000395,E000027,primary_control,1.0,2026-05-29 17:00:56,
W0000396,E000048,primary_control,1.0,2026-06-18 20:43:27,
W0000397,E000027,primary_control,1.0,2026-05-07 21:41:22,
W0000398,E000065,primary_control,1.0,2026-04-13 16:35:05,
W0000399,E000001,primary_control,1.0,2026-05-27 20:03:05,
W0000400,E000079,primary_control,1.0,2026-04-14 06:59:25,
W0000401,E000064,primary_control,1.0,2026-01-31 02:55:04,
W0000402,E000026,primary_control,1.0,2026-01-07 06:08:36,
W0000403,E000082,primary_control,1.0,2026-02-16 17:35:10,
W0000403,E000077,shared_infrastructure,0.613,2026-02-16 17:35:10,
W0000404,E000009,primary_control,1.0,2026-02-17 12:32:37,
W0000405,E000038,primary_control,1.0,2026-05-27 11:41:31,
W0000406,E000041,primary_control,1.0,2026-06-08 09:50:22,
W0000407,E000061,primary_control,1.0,2026-02-16 00:03:10,
W0000408,E000086,primary_control,1.0,2026-02-12 22:08:01,
W0000409,E000033,primary_control,1.0,2026-05-02 13:20:22,
W0000410,E000064,primary_control,1.0,2026-05-05 22:04:12,
W0000411,E000078,primary_control,1.0,2026-03-21 06:37:32,
W0000412,E000088,primary_control,1.0,2026-02-16 18:59:35,
W0000413,E000087,primary_control,1.0,2026-06-27 15:00:10,
W0000414,E000075,primary_control,1.0,2026-04-13 21:56:27,
W0000415,E000062,primary_control,1.0,2026-05-06 13:52:03,
W0000416,E000025,primary_control,1.0,2026-04-15 00:14:33,
W0000416,E000049,transacted_for,0.615,2026-04-15 00:14:33,
W0000417,E000049,primary_control,1.0,2026-06-06 05:56:37,
W0000418,E000091,primary_control,1.0,2026-02-10 13:29:37,
W0000419,E000005,primary_control,1.0,2026-02-06 21:34:28,
W0000420,E000021,primary_control,1.0,2026-05-16 01:51:12,
W0000421,E000043,primary_control,1.0,2026-04-18 04:52:33,
W0000422,E000066,primary_control,1.0,2026-03-01 21:21:07,
W0000423,E000074,primary_control,1.0,2026-01-20 03:32:51,
W0000424,E000037,primary_control,1.0,2026-03-13 23:36:36,
W0000425,E000040,primary_control,1.0,2026-05-24 22:29:11,
W0000425,E000071,associated_with,0.605,2026-05-24 22:29:11,
W0000426,E000029,primary_control,1.0,2026-02-08 02:19:11,
W0000427,E000045,primary_control,1.0,2026-04-07 22:54:48,
W0000428,E000047,primary_control,1.0,2026-05-29 05:31:06,
W0000429,E000092,primary_control,1.0,2026-03-31 11:37:07,
W0000430,E000027,primary_control,1.0,2026-05-20 20:54:15,
W0000431,E000005,primary_control,1.0,2026-04-12 17:45:28,
W0000432,E000009,primary_control,1.0,2026-05-29 10:04:37,
W0000433,E000025,primary_control,1.0,2026-01-14 04:45:12,
W0000433,E000065,transacted_for,0.377,2026-01-14 04:45:12,
W0000434,E000091,primary_control,1.0,2026-05-09 00:29:15,
W0000434,E000069,transacted_for,0.355,2026-05-09 00:29:15,
W0000435,E000052,primary_control,1.0,2026-04-15 00:43:13,
W0000435,E000090,transacted_for,0.705,2026-04-15 00:43:13,
W0000436,E000005,primary_control,1.0,2026-06-28 06:25:03,
W0000437,E000047,primary_control,1.0,2026-06-08 07:10:27,
W0000438,E000069,primary_control,1.0,2026-03-20 20:13:29,
W0000439,E000041,primary_control,1.0,2026-02-28 05:58:59,
W0000440,E000025,primary_control,1.0,2026-01-19 03:44:38,
W0000441,E000010,primary_control,1.0,2026-05-04 15:27:40,
W0000442,E000080,primary_control,1.0,2026-05-06 05:29:08,
W0000443,E000025,primary_control,1.0,2026-06-23 18:01:45,
W0000444,E000088,primary_control,1.0,2026-02-22 15:23:40,
W0000445,E000052,primary_control,1.0,2026-06-24 15:05:45,
W0000446,E000059,primary_control,1.0,2026-01-04 00:58:19,
W0000447,E000098,primary_control,1.0,2026-06-09 09:40:56,
W0000448,E000043,primary_control,1.0,2026-04-21 00:59:39,
W0000449,E000072,primary_control,1.0,2026-05-27 17:23:39,
W0000450,E000015,primary_control,1.0,2026-04-08 05:51:49,
W0000450,E000056,shared_infrastructure,0.383,2026-04-08 05:51:49,
W0000451,E000073,primary_control,1.0,2026-05-31 05:01:37,
W0000451,E000035,associated_with,0.548,2026-05-31 05:01:37,
W0000452,E000071,primary_control,1.0,2026-03-25 20:33:26,
W0000453,E000015,primary_control,1.0,2026-05-30 22:33:39,
W0000454,E000012,primary_control,1.0,2026-01-16 22:19:29,
W0000455,E000029,primary_control,1.0,2026-05-24 15:02:36,
W0000456,E000001,primary_control,1.0,2026-03-01 20:37:49,
W0000457,E000024,primary_control,1.0,2026-01-17 22:50:04,
W0000458,E000096,primary_control,1.0,2026-03-21 05:37:25,
W0000458,E000046,transacted_for,0.613,2026-03-21 05:37:25,
W0000459,E000046,primary_control,1.0,2026-01-03 09:30:41,
W0000460,E000098,primary_control,1.0,2026-06-24 23:35:54,
W0000461,E000075,primary_control,1.0,2026-04-12 04:31:23,
W0000462,E000051,primary_control,1.0,2026-02-28 11:22:24,
W0000463,E000080,primary_control,1.0,2026-02-23 14:04:31,
W0000464,E000044,primary_control,1.0,2026-02-18 21:00:20,
W0000465,E000036,primary_control,1.0,2026-03-30 21:47:23,
W0000466,E000073,primary_control,1.0,2026-03-06 12:14:39,
W0000467,E000074,primary_control,1.0,2026-03-06 23:59:01,
W0000468,E000025,primary_control,1.0,2026-02-28 08:07:47,
W0000469,E000091,primary_control,1.0,2026-03-03 00:12:00,
W0000470,E000023,primary_control,1.0,2026-05-23 16:45:45,
W0000471,E000044,primary_control,1.0,2026-03-15 00:32:41,
W0000472,E000020,primary_control,1.0,2026-04-20 11:44:01,
W0000473,E000006,primary_control,1.0,2026-05-22 05:03:35,
W0000474,E000055,primary_control,1.0,2026-06-11 10:03:14,
W0000475,E000046,primary_control,1.0,2026-05-11 16:18:11,
W0000476,E000047,primary_control,1.0,2026-05-08 21:35:30,
W0000477,E000013,primary_control,1.0,2026-03-29 04:48:09,
W0000478,E000095,primary_control,1.0,2026-06-29 07:48:07,
W0000479,E000044,primary_control,1.0,2026-05-17 05:51:09,
W0000480,E000005,primary_control,1.0,2026-05-30 07:35:08,
W0000481,E000008,primary_control,1.0,2026-04-20 08:47:48,
W0000482,E000080,primary_control,1.0,2026-01-21 13:44:14,
W0000483,E000099,primary_control,1.0,2026-04-19 08:26:16,
W0000484,E000069,primary_control,1.0,2026-03-17 22:49:02,
W0000485,E000095,primary_control,1.0,2026-01-30 06:31:20,
W0000486,E000055,primary_control,1.0,2026-03-22 18:35:09,
W0000487,E000085,primary_control,1.0,2026-03-09 15:19:45,
W0000488,E000060,primary_control,1.0,2026-04-04 18:35:53,
W0000489,E000083,primary_control,1.0,2026-03-03 22:13:33,
W0000490,E000013,primary_control,1.0,2026-01-05 09:15:15,
W0000491,E000032,primary_control,1.0,2026-05-24 18:55:52,
W0000492,E000062,primary_control,1.0,2026-04-19 17:05:06,
W0000493,E000076,primary_control,1.0,2026-05-03 06:53:44,
W0000494,E000073,primary_control,1.0,2026-01-06 16:02:45,
W0000495,E000079,primary_control,1.0,2026-03-17 12:06:21,
W0000496,E000011,primary_control,1.0,2026-04-23 02:38:10,
W0000497,E000068,primary_control,1.0,2026-03-05 07:11:59,
W0000498,E000092,primary_control,1.0,2026-04-13 11:19:48,
W0000499,E000020,primary_control,1.0,2026-03-09 13:26:46,
W0000500,E000056,primary_control,1.0,2026-06-28 09:22:16,
