wallet_id,risk_model_percentile,isolation_forest_percentile,autoencoder_percentile,deterministic_percentile,statistical_aggregate_score,risk_percentile,risk_level
W0000001,0.212,0.832,0.09,0.056,0.28724547135848655,0.144,LOW
W0000002,0.55,0.806,0.636,0.748,0.6813921515990411,0.816,CRITICAL
W0000003,0.338,0.352,0.712,0.674,0.5269009183260435,0.548,HIGH
W0000004,0.438,0.932,0.838,0.522,0.6890447312001241,0.83,CRITICAL
W0000005,0.116,0.65,0.144,0.498,0.3394554107069484,0.236,LOW
W0000006,0.344,0.46,0.93,0.672,0.6159037369484657,0.74,HIGH
W0000007,0.08,0.354,0.654,0.188,0.3344823028483086,0.232,LOW
W0000008,0.902,0.278,0.548,0.41,0.5381722777936628,0.566,HIGH
W0000009,0.62,0.792,0.516,0.702,0.6500097793804389,0.78,CRITICAL
W0000010,0.776,0.368,0.27,0.264,0.4150265699655562,0.36,MEDIUM
W0000011,0.766,0.99,0.162,0.984,0.6967700665267655,0.838,CRITICAL
W0000012,0.982,0.938,0.988,0.764,0.9224355779131361,0.984,CRITICAL
W0000013,0.12,0.204,0.238,0.068,0.1615410153190174,0.016,LOW
W0000014,0.56,0.86,0.304,0.794,0.6121973386256756,0.728,HIGH
W0000015,0.666,0.202,0.852,0.306,0.5255550314012449,0.542,HIGH
W0000016,0.954,0.94,0.036,0.98,0.6937003245931627,0.834,CRITICAL
W0000017,0.456,0.518,0.142,0.464,0.38255034556184675,0.3,MEDIUM
W0000018,0.42,0.82,0.822,0.14,0.5644355346995743,0.628,HIGH
W0000019,0.746,0.89,0.962,0.708,0.8330792631274604,0.946,CRITICAL
W0000020,0.804,0.778,0.632,0.144,0.5945272599448022,0.69,HIGH
W0000021,0.172,0.544,0.08,0.476,0.30455568863683335,0.176,LOW
W0000022,0.05,0.722,0.692,0.294,0.4498256365472203,0.426,MEDIUM
W0000023,0.948,0.47,0.69,0.782,0.7222916801980354,0.872,CRITICAL
W0000024,0.812,0.898,0.474,0.654,0.6986057667521521,0.846,CRITICAL
W0000025,0.222,0.318,0.072,0.678,0.30814388364313305,0.186,LOW
W0000026,0.784,0.346,0.46,0.74,0.5773115432733809,0.654,HIGH
W0000027,0.254,0.312,0.104,0.204,0.2130628249748713,0.058,LOW
W0000028,0.414,0.656,0.296,0.322,0.4159414362207529,0.364,MEDIUM
W0000029,0.19,0.534,0.898,0.72,0.597924141108635,0.698,HIGH
W0000030,0.558,0.02,0.728,0.168,0.38846939760662996,0.312,MEDIUM
W0000031,0.544,0.91,0.44,0.826,0.6665636215975335,0.79,CRITICAL
W0000032,0.546,0.072,0.816,0.148,0.4183920835268616,0.374,MEDIUM
W0000033,0.41,0.138,0.106,0.21,0.21188857275160966,0.056,LOW
W0000034,0.266,0.32,0.66,0.328,0.40614227079701465,0.346,MEDIUM
W0000035,0.002,0.24,0.872,0.414,0.4037397968382355,0.342,MEDIUM
W0000036,0.162,0.254,0.748,0.338,0.39275316891215434,0.326,MEDIUM
W0000037,0.272,0.738,0.664,0.828,0.6242908276529807,0.752,CRITICAL
W0000038,0.072,0.036,0.412,0.01,0.14644537087570503,0.01,LOW
W0000039,0.34,0.864,0.208,0.776,0.5278449560276749,0.552,HIGH
W0000040,0.486,0.884,0.344,0.856,0.6257799823782085,0.758,CRITICAL
W0000041,0.672,0.124,0.452,0.212,0.3720110865652943,0.278,MEDIUM
W0000042,0.636,0.558,0.038,0.862,0.4989413581099681,0.506,HIGH
W0000043,0.25,0.246,0.788,0.516,0.4653020885375809,0.456,MEDIUM
W0000044,0.036,0.974,0.064,0.976,0.48522220759729306,0.482,MEDIUM
W0000045,0.358,0.066,0.158,0.154,0.18402721791649437,0.032,LOW
W0000046,0.514,0.206,0.582,0.216,0.39110167317048905,0.32,MEDIUM
W0000047,0.462,0.448,0.442,0.064,0.360069282014309,0.262,MEDIUM
W0000048,0.5,0.164,0.568,0.584,0.45963515903876634,0.446,MEDIUM
W0000049,0.164,0.644,0.378,0.054,0.3131573836936474,0.192,LOW
W0000050,0.566,0.536,0.45,0.652,0.5457369308814588,0.582,HIGH
W0000051,0.95,0.062,0.794,0.466,0.5823480736818507,0.662,HIGH
W0000052,0.498,0.266,0.606,0.114,0.3844643938211333,0.304,MEDIUM
W0000053,0.174,0.446,0.868,0.316,0.47033115248754953,0.466,MEDIUM
W0000054,0.802,0.596,0.644,0.746,0.6949409121144408,0.836,CRITICAL
W0000055,0.158,0.412,0.102,0.624,0.31077680837576227,0.19,LOW
W0000056,0.942,0.88,0.982,0.96,0.943001806602652,0.992,CRITICAL
W0000057,0.432,0.044,0.874,0.324,0.44169917913234846,0.412,MEDIUM
W0000058,0.676,0.958,0.284,0.898,0.6821687016511977,0.818,CRITICAL
W0000059,0.46,0.056,0.464,0.072,0.2750556229856393,0.128,LOW
W0000060,0.052,0.292,0.604,0.202,0.30194033986176916,0.168,LOW
W0000061,0.568,0.338,0.57,0.118,0.40915884779198725,0.354,MEDIUM
W0000062,0.906,0.982,0.878,0.928,0.9210830620820993,0.982,CRITICAL
W0000063,0.156,0.154,0.59,0.006,0.24488335501294295,0.086,LOW
W0000064,0.714,0.61,0.146,0.78,0.5420473660454863,0.572,HIGH
W0000065,0.602,0.766,0.006,0.974,0.556816033549095,0.606,HIGH
W0000066,0.472,0.238,0.836,0.326,0.4868961167401381,0.488,MEDIUM
W0000067,0.232,0.602,0.922,0.352,0.545224819862764,0.58,HIGH
W0000068,0.762,0.458,0.354,0.724,0.564328807222804,0.626,HIGH
W0000069,0.046,0.616,0.504,0.492,0.4161238953469161,0.366,MEDIUM
W0000070,0.72,0.14,0.032,0.65,0.36935821786408185,0.272,MEDIUM
W0000071,0.562,0.226,0.854,0.102,0.45885955537988965,0.444,MEDIUM
W0000072,0.588,0.84,0.454,0.632,0.6194622630574689,0.746,HIGH
W0000073,0.945,0.548,0.944,0.528,0.7535098746826521,0.904,CRITICAL
W0000074,0.742,0.732,0.774,0.716,0.7427368836164479,0.886,CRITICAL
W0000075,0.536,0.482,0.904,0.834,0.698232559699039,0.844,CRITICAL
W0000076,0.764,0.878,0.97,0.932,0.8891977167091003,0.968,CRITICAL
W0000077,0.166,0.296,0.762,0.42,0.42680910253299265,0.378,MEDIUM
W0000078,0.306,0.598,0.58,0.39,0.4731710954896123,0.472,MEDIUM
W0000079,0.878,0.748,0.428,0.742,0.6865678271298111,0.824,CRITICAL
W0000080,0.188,0.87,0.03,0.874,0.4641047840090688,0.452,MEDIUM
W0000081,0.88,0.972,0.15,0.988,0.7177767755278451,0.87,CRITICAL
W0000082,0.63,0.834,0.704,0.664,0.707380982451984,0.856,CRITICAL
W0000083,0.224,0.092,0.77,0.166,0.33570768027269504,0.234,LOW
W0000084,0.238,0.048,0.272,0.238,0.20281279563979684,0.044,LOW
W0000085,0.13,0.176,0.554,0.177,0.2733462767607733,0.126,LOW
W0000086,0.786,0.76,0.402,0.812,0.6758828168970974,0.802,CRITICAL
W0000087,0.978,0.546,0.918,0.896,0.8395120156982447,0.952,CRITICAL
W0000088,0.332,0.798,0.236,0.686,0.4973074981596951,0.5,MEDIUM
W0000089,0.49,0.564,0.118,0.726,0.4559806519148488,0.436,MEDIUM
W0000090,0.53,0.258,0.7,0.554,0.5199947044409273,0.532,HIGH
W0000091,0.778,0.658,0.658,0.638,0.6825620424343891,0.822,CRITICAL
W0000092,0.718,0.42,0.984,0.246,0.6135944740346118,0.736,HIGH
W0000093,0.084,0.116,0.07,0.494,0.1832450653042303,0.028,LOW
W0000094,0.392,0.854,0.81,0.772,0.709718814563481,0.862,CRITICAL
W0000095,0.074,0.584,0.266,0.88,0.43773211002346185,0.404,MEDIUM
W0000096,0.17,0.024,0.384,0.044,0.16739042143392038,0.02,LOW
W0000097,0.01,0.064,0.532,0.004,0.17095078484314835,0.024,LOW
W0000098,0.768,0.852,0.278,0.592,0.6063755031337508,0.718,HIGH
W0000099,0.614,0.57,0.942,0.576,0.6887162691041019,0.828,CRITICAL
W0000100,0.268,0.426,0.294,0.636,0.3987006210109141,0.334,MEDIUM
W0000101,0.934,0.876,0.38,0.642,0.6933835234900729,0.832,CRITICAL
W0000102,0.416,0.372,0.476,0.482,0.43819212385102113,0.406,MEDIUM
W0000103,0.904,0.152,0.736,0.354,0.5496661819020219,0.59,HIGH
W0000104,0.752,0.906,0.538,0.546,0.6790160834259693,0.808,CRITICAL
W0000105,0.014,0.344,0.172,0.136,0.16578556706055644,0.018,LOW
W0000106,0.692,0.532,0.916,0.732,0.7276879753337254,0.876,CRITICAL
W0000107,0.866,0.374,0.558,0.691,0.6205528070029636,0.75,HIGH
W0000108,0.658,0.646,0.884,0.6,0.7063870753087108,0.854,CRITICAL
W0000109,0.322,0.654,0.926,0.76,0.6758129432966492,0.8,CRITICAL
W0000110,0.712,0.554,0.67,0.27,0.5594436876338653,0.612,HIGH
W0000111,0.122,0.256,0.164,0.348,0.21846882148903485,0.062,LOW
W0000112,0.228,0.968,0.666,0.53,0.5989853081046352,0.7,HIGH
W0000113,0.326,0.946,0.056,0.982,0.5483475924358197,0.588,HIGH
W0000114,0.7,0.73,0.972,0.52,0.7430269883215826,0.888,CRITICAL
W0000115,0.308,0.396,0.648,0.368,0.440241657536392,0.408,MEDIUM
W0000116,0.086,0.552,0.706,0.308,0.4256732206455807,0.376,MEDIUM
W0000117,0.102,0.6,0.626,0.468,0.4553392194999196,0.434,MEDIUM
W0000118,0.082,0.102,0.18,0.268,0.1582222674606638,0.014,LOW
W0000119,0.202,0.126,0.804,0.172,0.3495321888128536,0.25,LOW
W0000120,0.408,0.566,0.42,0.508,0.47214049158462346,0.47,MEDIUM
W0000121,0.788,0.28,0.772,0.47,0.589068492187818,0.676,HIGH
W0000122,0.006,0.648,0.288,0.18,0.2792344846157337,0.132,LOW
W0000123,0.334,0.43,0.492,0.276,0.38844055274881023,0.31,MEDIUM
W0000124,0.564,0.934,0.02,0.998,0.5969006655772755,0.696,HIGH
W0000125,0.552,0.384,0.71,0.666,0.5841543936996019,0.668,HIGH
W0000126,0.608,0.83,0.386,0.922,0.6701663771671724,0.794,CRITICAL
W0000127,0.452,0.51,0.584,0.214,0.44799402402990635,0.424,MEDIUM
W0000128,0.918,0.122,0.246,0.152,0.358425669686117,0.258,MEDIUM
W0000129,0.73,0.736,0.9,0.596,0.7488589515303975,0.898,CRITICAL
W0000130,0.134,0.35,0.276,0.43,0.2948524143385566,0.158,LOW
W0000131,0.426,0.674,0.698,0.552,0.5919954852831719,0.684,HIGH
W0000132,0.286,0.128,0.628,0.478,0.39144956321883984,0.322,MEDIUM
W0000133,0.93,0.764,0.818,0.884,0.8479152804623189,0.956,CRITICAL
W0000134,0.716,0.844,0.782,0.594,0.7367077709507264,0.882,CRITICAL
W0000135,0.48,0.502,0.166,0.33,0.3602158568162521,0.264,MEDIUM
W0000136,0.448,0.2,0.598,0.222,0.37959163298283766,0.292,MEDIUM
W0000137,0.404,0.076,0.496,0.296,0.32759349409371913,0.216,LOW
W0000138,0.182,0.572,0.722,0.472,0.4966473046445674,0.498,MEDIUM
W0000139,0.35,0.04,0.596,0.108,0.290705259448277,0.148,LOW
W0000140,0.576,0.998,0.01,1.0,0.6125592178197511,0.732,HIGH
W0000141,0.808,0.914,0.62,0.886,0.7973983467239985,0.926,CRITICAL
W0000142,0.048,0.55,0.094,0.422,0.2671791105765602,0.118,LOW
W0000143,0.528,0.756,0.434,0.44,0.5344416692103012,0.564,HIGH
W0000144,0.74,0.688,0.668,0.7,0.6977358401548746,0.842,CRITICAL
W0000145,0.518,0.394,0.222,0.502,0.40012281686402873,0.336,MEDIUM
W0000146,0.384,0.512,0.74,0.848,0.624574817771826,0.754,CRITICAL
W0000147,0.078,0.614,0.338,0.658,0.41462014141786185,0.358,MEDIUM
W0000148,0.616,0.62,0.204,0.226,0.407863508732793,0.35,MEDIUM
W0000149,0.294,0.332,0.336,0.24,0.30241827890283013,0.17,LOW
W0000150,0.972,0.966,0.844,0.578,0.841946730124565,0.954,CRITICAL
W0000151,0.422,0.886,0.47,0.722,0.6154953903736902,0.738,HIGH
W0000152,0.068,0.954,0.088,0.448,0.37193504695299734,0.276,MEDIUM
W0000153,0.698,0.016,0.882,0.298,0.49609501070661266,0.496,MEDIUM
W0000154,0.844,0.874,0.976,0.784,0.8749160683431705,0.96,CRITICAL
W0000155,0.832,0.38,0.8,0.199,0.5682084954356108,0.636,HIGH
W0000156,0.706,0.66,0.012,0.972,0.5583348573480258,0.608,HIGH
W0000157,0.646,0.828,0.084,0.904,0.5882090298872075,0.672,HIGH
W0000158,0.686,0.406,0.43,0.11,0.4119969819271748,0.356,MEDIUM
W0000159,0.094,0.294,0.718,0.34,0.3775186980830689,0.29,MEDIUM
W0000160,0.466,0.762,0.684,0.56,0.6204038256097691,0.748,HIGH
W0000161,0.24,0.436,0.812,0.242,0.4507249421625067,0.428,MEDIUM
W0000162,0.502,0.03,0.358,0.17,0.2716351101860824,0.124,LOW
W0000163,0.728,0.402,0.436,0.844,0.5943086883671843,0.688,HIGH
W0000164,0.81,0.018,0.608,0.07,0.3921203738048455,0.324,MEDIUM
W0000165,0.194,0.006,0.646,0.25,0.29213539277420847,0.152,LOW
W0000166,0.952,0.952,0.248,0.648,0.6793151464016624,0.81,CRITICAL
W0000167,0.292,0.404,0.808,0.374,0.4854852185785,0.484,MEDIUM
W0000168,0.298,0.098,0.738,0.086,0.32731068449326833,0.214,LOW
W0000169,0.888,0.936,0.342,0.968,0.76156306994079,0.908,CRITICAL
W0000170,0.64,0.588,0.136,0.704,0.49821673311606485,0.502,HIGH
W0000171,0.146,0.912,0.048,0.942,0.4848347158568058,0.48,MEDIUM
W0000172,0.928,0.752,0.542,0.662,0.7136888953369376,0.864,CRITICAL
W0000173,0.038,0.236,0.308,0.346,0.23407554971859662,0.072,LOW
W0000174,0.6,0.824,0.894,0.738,0.7694249842171494,0.914,CRITICAL
W0000175,0.124,0.13,0.486,0.046,0.21094725086279445,0.054,LOW
W0000176,0.738,0.682,0.694,0.605,0.6811082581645921,0.814,CRITICAL
W0000177,0.184,0.594,0.178,0.766,0.4150676591577905,0.362,MEDIUM
W0000178,0.31,0.416,0.73,0.042,0.39287083179722504,0.328,MEDIUM
W0000179,0.836,0.182,0.098,0.668,0.4306592456199415,0.388,MEDIUM
W0000180,0.398,0.702,0.832,0.605,0.6425644254245612,0.778,CRITICAL
W0000181,0.654,0.5,0.85,0.63,0.6681463665043186,0.792,CRITICAL
W0000182,1.0,0.652,0.588,0.876,0.7707062420447168,0.916,CRITICAL
W0000183,0.83,0.924,0.19,0.838,0.6707006996663771,0.796,CRITICAL
W0000184,0.678,0.632,0.092,0.888,0.5482129515261087,0.586,HIGH
W0000185,0.526,0.326,0.48,0.026,0.3488289742227431,0.248,LOW
W0000186,0.876,0.78,0.422,0.84,0.7148006668984417,0.866,CRITICAL
W0000187,0.862,0.334,0.406,0.442,0.5084492473537421,0.52,HIGH
W0000188,0.356,0.11,0.404,0.082,0.24763331508280312,0.09,LOW
W0000189,0.468,0.26,0.062,0.408,0.2884688544441082,0.146,LOW
W0000190,0.118,0.398,0.244,0.26,0.25345990620418735,0.096,LOW
W0000191,0.882,0.902,0.986,0.788,0.894592557902424,0.972,CRITICAL
W0000192,0.958,0.994,0.992,0.996,0.985124720302064,1.0,CRITICAL
W0000193,0.532,0.636,0.418,0.768,0.5790059706956601,0.656,HIGH
W0000194,0.244,0.184,0.228,0.088,0.18881793553142215,0.038,LOW
W0000195,0.444,0.992,0.008,0.994,0.5770141140366486,0.652,HIGH
W0000196,0.144,0.452,0.946,0.756,0.5894851456975205,0.678,HIGH
W0000197,0.722,0.08,0.52,0.182,0.38626935949130203,0.306,MEDIUM
W0000198,0.782,0.75,0.702,0.138,0.6012056739258533,0.706,HIGH
W0000199,0.71,0.676,0.446,0.626,0.6067047460722046,0.72,HIGH
W0000200,0.922,0.794,0.938,0.858,0.8813792779360967,0.966,CRITICAL
W0000201,0.112,0.922,0.264,0.022,0.32609520806901204,0.21,LOW
W0000202,0.638,0.302,0.68,0.444,0.5253024796781833,0.54,HIGH
W0000203,0.68,0.308,0.616,0.22,0.4663330373132954,0.462,MEDIUM
W0000204,0.07,0.086,0.302,0.318,0.19814483784911877,0.042,LOW
W0000205,0.252,0.37,0.494,0.062,0.3049061678379374,0.178,LOW
W0000206,0.842,0.434,0.216,0.5,0.4863162138572086,0.486,MEDIUM
W0000207,0.33,0.624,0.066,0.558,0.37708572087671244,0.286,MEDIUM
W0000208,0.624,0.706,0.49,0.364,0.544311297513532,0.578,HIGH
W0000209,0.276,0.264,0.364,0.106,0.2587029193225104,0.104,LOW
W0000210,0.96,0.328,0.562,0.234,0.5270589571790134,0.55,HIGH
W0000211,0.628,0.704,0.732,0.734,0.7005129864552452,0.85,CRITICAL
W0000212,0.516,0.488,0.312,0.126,0.3598997065141406,0.26,MEDIUM
W0000213,0.796,0.95,0.928,0.936,0.9029167297160685,0.974,CRITICAL
W0000214,0.998,0.634,0.954,0.8,0.8531039501899512,0.958,CRITICAL
W0000215,0.21,0.526,0.506,0.412,0.41669062545752333,0.368,MEDIUM
W0000216,0.582,0.746,0.2,0.816,0.5659309877111205,0.63,HIGH
W0000217,0.312,0.926,0.252,0.418,0.4647410431577703,0.454,MEDIUM
W0000218,0.352,0.272,0.326,0.08,0.2621497361909447,0.11,LOW
W0000219,0.374,0.408,0.806,0.758,0.5954532601098599,0.692,HIGH
W0000220,0.694,0.856,0.324,0.83,0.6580245323274625,0.784,CRITICAL
W0000221,0.656,0.06,0.906,0.128,0.4634705366344973,0.45,MEDIUM
W0000222,0.97,0.826,0.488,0.77,0.7511505194790655,0.9,CRITICAL
W0000223,0.314,0.718,0.966,0.37,0.6094389369206865,0.726,HIGH
W0000224,0.872,0.01,0.576,0.376,0.467578074657871,0.464,MEDIUM
W0000225,0.806,0.088,0.622,0.177,0.43668365985990315,0.398,MEDIUM
W0000226,0.856,0.356,0.368,0.142,0.43128428175043093,0.39,MEDIUM
W0000227,0.542,0.052,0.656,0.192,0.3771086668390442,0.288,MEDIUM
W0000228,0.018,0.084,0.26,0.184,0.1416961525127055,0.006,LOW
W0000229,0.216,0.288,0.218,0.1,0.20652606550945735,0.048,LOW
W0000230,0.85,0.96,0.6,0.89,0.8137090568433543,0.938,CRITICAL
W0000231,0.604,0.218,0.948,0.36,0.5543488109063694,0.6,HIGH
W0000232,0.442,0.726,0.382,0.744,0.5624489453779008,0.624,HIGH
W0000233,0.668,0.106,0.534,0.174,0.38140890961029034,0.294,MEDIUM
W0000234,0.27,0.214,0.046,0.486,0.24298132942447875,0.082,LOW
W0000235,0.114,0.724,0.786,0.46,0.5315666079280579,0.56,HIGH
W0000236,0.368,0.36,0.034,0.79,0.3688892914433016,0.27,MEDIUM
W0000237,0.092,0.022,0.426,0.016,0.1534184747240346,0.012,LOW
W0000238,0.424,0.808,0.796,0.892,0.7306305968572818,0.878,CRITICAL
W0000239,0.226,0.712,0.058,0.402,0.33386172730743613,0.23,LOW
W0000240,0.76,0.804,0.138,0.82,0.6061712324821489,0.716,HIGH
W0000241,0.956,0.41,0.89,0.534,0.7094822478615119,0.86,CRITICAL
W0000242,0.82,0.888,0.91,0.61,0.8128583728018837,0.936,CRITICAL
W0000243,0.218,0.054,0.784,0.286,0.3572786716302775,0.256,MEDIUM
W0000244,0.938,0.05,0.744,0.31,0.5258509207787493,0.544,HIGH
W0000245,0.792,0.822,0.002,0.964,0.6128590309188207,0.734,HIGH
W0000246,0.318,0.694,0.174,0.538,0.41699603191472184,0.37,MEDIUM
W0000247,0.148,0.07,0.416,0.454,0.27776883426120536,0.13,LOW
W0000248,0.662,0.008,0.114,0.634,0.3437791468908034,0.246,LOW
W0000249,0.59,0.228,0.678,0.48,0.5039403802647664,0.514,HIGH
W0000250,0.23,0.862,0.28,0.908,0.5520173342182386,0.596,HIGH
W0000251,0.096,0.286,0.35,0.052,0.2034458076772217,0.046,LOW
W0000252,0.43,0.216,0.318,0.456,0.35336856607932815,0.254,MEDIUM
W0000253,0.108,0.142,0.676,0.124,0.28253738550007723,0.136,LOW
W0000254,0.894,0.812,0.98,0.94,0.9099887437759048,0.976,CRITICAL
W0000255,0.592,0.19,0.198,0.032,0.25333684215123703,0.094,LOW
W0000256,0.354,0.376,0.372,0.008,0.28360767276793525,0.14,LOW
W0000257,0.47,0.672,0.726,0.428,0.5813233839507856,0.658,HIGH
W0000258,0.988,0.208,0.88,0.602,0.6825140530459595,0.82,CRITICAL
W0000259,0.364,0.604,0.858,0.55,0.6057221895476865,0.712,HIGH
W0000260,0.264,0.498,0.94,0.798,0.6376758088184717,0.768,CRITICAL
W0000261,0.474,0.196,0.22,0.13,0.25518938453922263,0.1,LOW
W0000262,0.774,0.194,0.518,0.496,0.49860482528661043,0.504,HIGH
W0000263,0.064,0.364,0.53,0.23,0.30721931182255924,0.182,LOW
W0000264,0.868,0.304,0.086,0.51,0.4269895126402095,0.38,MEDIUM
W0000265,0.288,0.716,0.432,0.774,0.5439020038689268,0.576,HIGH
W0000266,0.962,0.626,0.06,0.86,0.6002667213488404,0.704,HIGH
W0000267,0.744,0.582,0.592,0.804,0.676138269164217,0.804,CRITICAL
W0000268,0.886,0.21,0.826,0.252,0.5609813972538162,0.618,HIGH
W0000269,0.594,0.18,0.3,0.206,0.32129759864462987,0.202,LOW
W0000270,0.79,0.892,0.912,0.916,0.8784870827671791,0.962,CRITICAL
W0000271,0.708,0.638,0.902,0.73,0.7521729875191013,0.902,CRITICAL
W0000272,0.1,0.186,0.082,0.394,0.18379527072639895,0.03,LOW
W0000273,0.524,0.442,0.652,0.078,0.437196444528811,0.402,MEDIUM
W0000274,0.262,0.158,0.456,0.796,0.4176282538353704,0.372,MEDIUM
W0000275,0.77,0.796,0.12,0.866,0.6122931893020351,0.73,HIGH
W0000276,0.302,0.48,0.374,0.066,0.3096444056137792,0.188,LOW
W0000277,0.586,0.232,0.192,0.384,0.342241006870775,0.244,LOW
W0000278,0.896,0.664,0.16,0.688,0.5816888112238183,0.66,HIGH
W0000279,0.874,0.54,0.536,0.438,0.5964044230972976,0.694,HIGH
W0000280,0.554,0.77,0.116,0.864,0.551918172089718,0.594,HIGH
W0000281,0.436,0.608,0.362,0.598,0.4932775722824724,0.494,MEDIUM
W0000282,0.936,0.392,0.768,0.514,0.6607266220920688,0.788,CRITICAL
W0000283,0.154,0.322,0.638,0.12,0.3244848419638105,0.206,LOW
W0000284,0.512,0.58,0.052,0.67,0.4331406243672041,0.396,MEDIUM
W0000285,0.198,0.082,0.566,0.156,0.2662187683596334,0.116,LOW
W0000286,0.945,0.428,0.348,0.256,0.4908645027212871,0.492,MEDIUM
W0000287,0.534,0.662,0.346,0.548,0.513663852148529,0.526,HIGH
W0000288,0.78,0.686,0.1,0.712,0.5470438037242726,0.584,HIGH
W0000289,0.69,0.784,0.322,0.894,0.6543878893157934,0.782,CRITICAL
W0000290,0.034,0.17,0.068,0.164,0.10624394809169267,0.002,LOW
W0000291,0.622,0.692,0.834,0.62,0.6988359867528277,0.848,CRITICAL
W0000292,0.464,0.382,0.262,0.386,0.3685207180018167,0.268,MEDIUM
W0000293,0.798,0.666,0.254,0.832,0.6188349437682519,0.744,HIGH
W0000294,0.52,0.074,0.86,0.474,0.5012252566413219,0.512,HIGH
W0000295,0.022,0.014,0.734,0.03,0.22600223052349097,0.066,LOW
W0000296,0.506,0.12,0.392,0.094,0.2858973610233007,0.142,LOW
W0000297,0.434,0.872,0.876,0.926,0.7790603647262603,0.92,CRITICAL
W0000298,0.702,0.908,0.95,0.95,0.8796597744610685,0.964,CRITICAL
W0000299,0.854,0.788,0.908,0.572,0.7880508497687055,0.922,CRITICAL
W0000300,0.75,0.696,0.714,0.842,0.7483862627111383,0.896,CRITICAL
W0000301,0.126,0.838,0.078,0.92,0.46592607261854047,0.46,MEDIUM
W0000302,0.848,0.454,0.792,0.372,0.6276888154980588,0.764,CRITICAL
W0000303,0.28,0.708,0.76,0.378,0.5416292698783843,0.57,HIGH
W0000304,0.966,0.456,0.14,0.434,0.48454094593651625,0.478,MEDIUM
W0000305,0.3,0.132,0.356,0.09,0.22730764802454725,0.068,LOW
W0000306,0.634,0.028,0.696,0.29,0.4281771764145971,0.384,MEDIUM
W0000307,0.688,0.786,0.528,0.824,0.6970666710129615,0.84,CRITICAL
W0000308,0.584,0.31,0.394,0.57,0.4614932862675135,0.448,MEDIUM
W0000309,0.484,0.012,0.594,0.038,0.2998135962148009,0.16,LOW
W0000310,0.22,0.3,0.37,0.436,0.332313232307697,0.228,LOW
W0000311,0.574,0.462,0.5,0.556,0.5221088573677286,0.536,HIGH
W0000312,0.208,0.466,0.306,0.19,0.2928916407759192,0.154,LOW
W0000313,0.596,0.542,0.268,0.59,0.4878401432609807,0.49,MEDIUM
W0000314,0.14,0.67,0.388,0.424,0.4026793734664365,0.338,MEDIUM
W0000315,0.44,0.918,0.996,0.398,0.7025566047898122,0.852,CRITICAL
W0000316,0.454,0.742,0.828,0.504,0.640945423685697,0.774,CRITICAL
W0000317,0.642,0.29,0.564,0.628,0.5331424335707498,0.562,HIGH
W0000318,0.986,0.93,0.366,0.906,0.776422421851999,0.918,CRITICAL
W0000319,0.606,0.348,0.846,0.718,0.6399024346682959,0.77,CRITICAL
W0000320,0.284,0.882,0.054,0.956,0.5163415806820952,0.528,HIGH
W0000321,0.372,0.606,0.544,0.778,0.5713784220392888,0.638,HIGH
W0000322,0.674,0.244,0.886,0.416,0.5728512893596981,0.64,HIGH
W0000323,0.9,0.52,0.602,0.544,0.6416599578949228,0.776,CRITICAL
W0000324,0.908,0.92,0.994,0.93,0.9406159548442445,0.99,CRITICAL
W0000325,0.65,0.916,0.524,0.02,0.5297608677195346,0.556,HIGH
W0000326,0.748,0.79,0.688,0.754,0.7421389663207459,0.884,CRITICAL
W0000327,0.278,0.298,0.742,0.236,0.40588847992314037,0.344,MEDIUM
W0000328,0.834,0.224,0.64,0.614,0.5828135792414422,0.666,HIGH
W0000329,0.828,0.802,0.746,0.836,0.8002213101486753,0.93,CRITICAL
W0000330,0.94,0.768,0.978,0.854,0.8901440563697062,0.97,CRITICAL
W0000331,0.494,0.9,0.686,0.918,0.743984054563271,0.89,CRITICAL
W0000332,0.214,0.628,0.156,0.196,0.29107906203182227,0.15,LOW
W0000333,0.012,0.896,0.014,0.954,0.4414689690139221,0.41,MEDIUM
W0000334,0.032,0.15,0.274,0.208,0.1703266953336962,0.022,LOW
W0000335,0.556,0.422,0.478,0.344,0.45248266316113006,0.43,MEDIUM
W0000336,0.2,0.306,0.074,0.792,0.32712689628124636,0.212,LOW
W0000337,0.852,0.336,0.512,0.098,0.456575208247149,0.438,MEDIUM
W0000338,0.152,0.476,0.614,0.518,0.44642635340932213,0.414,MEDIUM
W0000339,0.324,0.85,0.862,0.382,0.616088315696793,0.742,HIGH
W0000340,0.242,0.444,0.224,0.036,0.2365315464316937,0.076,LOW
W0000341,0.91,0.772,0.83,0.752,0.8175666864697355,0.94,CRITICAL
W0000342,0.15,0.714,0.024,0.302,0.2827406492742839,0.138,LOW
W0000343,0.38,0.282,0.168,0.484,0.32034846168700015,0.2,LOW
W0000344,0.724,0.144,0.546,0.024,0.3724657526178864,0.282,MEDIUM
W0000345,0.932,0.942,0.39,0.66,0.7155702004383151,0.868,CRITICAL
W0000346,0.974,0.034,0.4,0.132,0.390718171289471,0.318,MEDIUM
W0000347,0.234,0.118,0.458,0.096,0.23854951521342044,0.078,LOW
W0000348,0.992,0.774,0.856,0.564,0.8015865621484068,0.932,CRITICAL
W0000349,0.726,0.63,0.234,0.574,0.5268384177381852,0.546,HIGH
W0000350,0.482,0.81,0.776,0.868,0.7338988574794397,0.88,CRITICAL
W0000351,0.732,0.276,0.132,0.452,0.38688602605125294,0.308,MEDIUM
W0000352,0.86,0.678,0.556,0.644,0.6794370031268082,0.812,CRITICAL
W0000353,0.248,0.284,0.716,0.49,0.447100877802238,0.418,MEDIUM
W0000354,0.132,0.112,0.848,0.32,0.3763208564486288,0.284,MEDIUM
W0000355,0.84,0.516,0.55,0.304,0.5551848442408419,0.604,HIGH
W0000356,0.4,0.642,0.176,0.012,0.30248337570840356,0.172,LOW
W0000357,0.016,0.538,0.232,0.524,0.31989706267159856,0.198,LOW
W0000358,0.664,0.818,0.522,0.566,0.6368540751623148,0.766,CRITICAL
W0000359,0.008,0.25,0.41,0.028,0.18508946661029768,0.034,LOW
W0000360,0.076,0.668,0.108,0.706,0.3721976979946205,0.28,MEDIUM
W0000361,0.062,0.192,0.34,0.4,0.2512894366404189,0.092,LOW
W0000362,0.418,0.1,0.87,0.562,0.5059320401124988,0.516,HIGH
W0000363,0.548,0.094,0.25,0.158,0.2642256407433174,0.112,LOW
W0000364,0.192,0.252,0.414,0.084,0.2445975146275217,0.084,LOW
W0000365,0.696,0.148,0.624,0.272,0.44682319312840785,0.416,MEDIUM
W0000366,0.892,0.524,0.398,0.288,0.5224523596047401,0.538,HIGH
W0000367,0.128,0.72,0.042,0.404,0.3077643954173874,0.184,LOW
W0000368,0.178,0.53,0.334,0.262,0.3255460880990874,0.208,LOW
W0000369,0.618,0.568,0.526,0.728,0.6054861081863937,0.71,HIGH
W0000370,0.256,0.108,0.51,0.058,0.24757562101531083,0.088,LOW
W0000371,0.914,0.198,0.29,0.542,0.4790536448511937,0.474,MEDIUM
W0000372,0.926,0.514,0.122,0.68,0.5407689752539335,0.568,HIGH
W0000373,0.09,0.046,0.79,0.232,0.31332469254681433,0.194,LOW
W0000374,0.206,0.178,0.186,0.582,0.2814020564512547,0.134,LOW
W0000375,0.376,0.114,0.32,0.356,0.29332896033058997,0.156,LOW
W0000376,0.394,0.562,0.282,0.846,0.5071255313452278,0.518,HIGH
W0000377,0.984,0.744,0.964,0.952,0.9140466827845186,0.978,CRITICAL
W0000378,0.504,0.432,0.672,0.616,0.5612546664689319,0.62,HIGH
W0000379,0.316,0.222,0.23,0.568,0.3279418770789647,0.218,LOW
W0000380,0.346,0.438,0.36,0.426,0.39043852769099013,0.316,MEDIUM
W0000381,0.826,0.948,0.956,0.948,0.9205754424911082,0.98,CRITICAL
W0000382,0.916,0.842,0.572,0.694,0.7481136741115618,0.894,CRITICAL
W0000383,0.478,0.944,0.152,0.736,0.5549945455404779,0.602,HIGH
W0000384,0.042,0.136,0.184,0.396,0.18753917119170693,0.036,LOW
W0000385,0.29,0.858,0.438,0.814,0.5890233820741779,0.674,HIGH
W0000386,0.02,0.212,0.466,0.014,0.19180604548476682,0.04,LOW
W0000387,0.996,0.928,0.896,0.934,0.9367941586744162,0.988,CRITICAL
W0000388,0.004,0.472,0.202,0.392,0.26196275208325404,0.108,LOW
W0000389,0.458,0.496,0.17,0.104,0.30183842022510654,0.166,LOW
W0000390,0.402,0.248,0.482,0.38,0.383372806519041,0.302,MEDIUM
W0000391,0.32,0.4,0.096,0.432,0.300869295448351,0.162,LOW
W0000392,0.814,0.592,0.634,0.3,0.5899607716513207,0.68,HIGH
W0000393,0.45,0.814,0.314,0.924,0.6077316934546609,0.724,HIGH
W0000394,0.176,0.104,0.778,0.048,0.30160592176113604,0.164,LOW
W0000395,0.818,0.56,0.952,0.85,0.8028564887436076,0.934,CRITICAL
W0000396,0.37,0.904,0.124,0.938,0.5583498699734182,0.61,HIGH
W0000397,0.382,0.59,0.126,0.691,0.4299459359702089,0.386,MEDIUM
W0000398,0.87,1.0,0.998,0.902,0.9448890775526594,0.994,CRITICAL
W0000399,0.816,0.166,0.11,0.762,0.44738128411945355,0.42,MEDIUM
W0000400,0.734,0.358,0.498,0.199,0.4525955358649981,0.432,MEDIUM
W0000401,0.024,0.964,0.018,0.97,0.46535263420654915,0.458,MEDIUM
W0000402,0.186,0.468,0.892,0.646,0.5623523837137357,0.622,HIGH
W0000403,0.99,0.758,0.92,0.336,0.762442523770339,0.91,CRITICAL
W0000404,0.026,0.33,0.708,0.186,0.3306606746820205,0.22,LOW
W0000405,0.682,0.618,0.022,0.9,0.5286184909315431,0.554,HIGH
W0000406,0.446,0.776,0.682,0.656,0.6406750982793653,0.772,CRITICAL
W0000407,0.098,0.362,0.63,0.06,0.30400741240569334,0.174,LOW
W0000408,0.92,0.986,0.96,0.872,0.9358667784667627,0.986,CRITICAL
W0000409,0.572,0.868,0.924,0.912,0.8222159452137305,0.942,CRITICAL
W0000410,0.508,0.956,0.026,0.986,0.5873811609631595,0.67,HIGH
W0000411,0.058,0.078,0.21,0.112,0.11888881493342404,0.004,LOW
W0000412,0.858,0.494,0.75,0.266,0.6028090216691118,0.708,HIGH
W0000413,0.11,0.386,0.54,0.406,0.36756859283221427,0.266,MEDIUM
W0000414,0.98,0.978,0.99,0.958,0.9772580311997083,0.998,CRITICAL
W0000415,0.648,0.464,0.758,0.292,0.5529231594329258,0.598,HIGH
W0000416,0.138,0.684,0.194,0.882,0.4568035987308555,0.44,MEDIUM
W0000417,0.296,0.894,0.968,0.274,0.624841613448805,0.756,CRITICAL
W0000418,0.258,0.038,0.508,0.218,0.268278801830051,0.12,LOW
W0000419,0.652,0.728,0.888,0.75,0.7604710842447577,0.906,CRITICAL
W0000420,0.538,0.068,0.33,0.074,0.25896115756884047,0.106,LOW
W0000421,0.362,0.23,0.484,0.258,0.34147259748606695,0.24,LOW
W0000422,0.522,0.754,0.468,0.586,0.5763249428068109,0.648,HIGH
W0000423,0.028,0.314,0.328,0.146,0.2091379124473297,0.052,LOW
W0000424,0.758,0.576,0.61,0.332,0.5731277496809207,0.642,HIGH
W0000425,0.246,0.274,0.756,0.388,0.43190543885849364,0.392,MEDIUM
W0000426,0.976,0.032,0.866,0.284,0.5597420434455378,0.614,HIGH
W0000427,0.58,0.68,0.674,0.15,0.5302260875027316,0.558,HIGH
W0000428,0.06,0.188,0.028,0.852,0.2659433450573128,0.114,LOW
W0000429,0.088,0.484,0.814,0.248,0.42702468817307315,0.382,MEDIUM
W0000430,0.366,0.134,0.612,0.092,0.31768177096855915,0.196,LOW
W0000431,0.406,0.8,0.802,0.608,0.6597910629016929,0.786,CRITICAL
W0000432,0.772,0.324,0.408,0.116,0.4086502926863446,0.352,MEDIUM
W0000433,0.348,0.45,0.552,0.526,0.4721208134681842,0.468,MEDIUM
W0000434,0.476,0.242,0.396,0.462,0.39447325770375413,0.33,MEDIUM
W0000435,0.274,0.522,0.798,0.806,0.6069633601032266,0.722,HIGH
W0000436,0.924,0.848,0.618,0.622,0.7478586490477839,0.892,CRITICAL
W0000437,0.328,0.578,0.764,0.35,0.5171908954767396,0.53,HIGH
W0000438,0.03,0.418,0.226,0.58,0.3062808077691337,0.18,LOW
W0000439,0.304,0.816,0.332,0.91,0.5745322123843889,0.646,HIGH
W0000440,0.26,0.98,0.936,0.87,0.7663397745530445,0.912,CRITICAL
W0000441,0.61,0.622,0.128,0.808,0.520929454276571,0.534,HIGH
W0000442,0.488,0.414,0.286,0.358,0.3822762602901556,0.298,MEDIUM
W0000443,0.378,0.782,0.258,0.684,0.5105661058005484,0.522,HIGH
W0000444,0.36,0.16,0.214,0.588,0.3240810070332182,0.204,LOW
W0000445,0.054,0.172,0.134,0.618,0.236459937560317,0.074,LOW
W0000446,0.968,0.69,0.958,0.696,0.8359127561236331,0.95,CRITICAL
W0000447,0.39,0.096,0.574,0.254,0.3414617341041263,0.238,LOW
W0000448,0.67,0.268,0.256,0.224,0.3522121430606929,0.252,MEDIUM
W0000449,0.884,0.698,0.04,0.818,0.5827600116678027,0.664,HIGH
W0000450,0.54,0.146,0.352,0.278,0.3318089381023339,0.222,LOW
W0000451,0.51,0.002,0.182,0.194,0.22213022177569364,0.064,LOW
W0000452,0.428,0.378,0.502,0.512,0.45698605435812223,0.442,MEDIUM
W0000453,0.236,0.734,0.316,0.54,0.4476388131023957,0.422,MEDIUM
W0000454,0.57,0.506,0.31,0.366,0.4327500139640674,0.394,MEDIUM
W0000455,0.754,0.486,0.84,0.64,0.6886622704307827,0.826,CRITICAL
W0000456,0.136,0.156,0.206,0.342,0.2088665257874321,0.05,LOW
W0000457,0.386,0.27,0.242,0.122,0.255690338997763,0.102,LOW
W0000458,0.684,0.7,0.292,0.362,0.5003027702965488,0.508,HIGH
W0000459,0.16,0.976,0.05,0.978,0.5123543279459053,0.524,HIGH
W0000460,0.142,0.22,0.72,0.488,0.4068262968788798,0.348,MEDIUM
W0000461,0.824,0.988,1.0,0.962,0.9454230953794303,0.996,CRITICAL
W0000462,0.342,0.09,0.514,0.076,0.2696143623498736,0.122,LOW
W0000463,0.492,0.74,0.196,0.134,0.3822719679198677,0.296,MEDIUM
W0000464,0.736,0.556,0.24,0.802,0.5667072755714451,0.634,HIGH
W0000465,0.838,0.836,0.016,0.946,0.6271851910509959,0.762,CRITICAL
W0000466,0.066,0.058,0.376,0.034,0.1454716864439553,0.008,LOW
W0000467,0.282,0.984,0.934,0.99,0.8000780939550844,0.928,CRITICAL
W0000468,0.168,0.866,0.298,0.944,0.5514211537169473,0.592,HIGH
W0000469,0.598,0.234,0.424,0.04,0.3318316553559751,0.224,LOW
W0000470,0.898,0.586,0.462,0.786,0.6731426680306846,0.798,CRITICAL
W0000471,0.632,0.574,0.914,0.676,0.7093620516534159,0.858,CRITICAL
W0000472,0.056,0.474,0.188,0.228,0.23281433032028992,0.07,LOW
W0000473,0.644,0.612,0.076,0.314,0.3966512848364245,0.332,MEDIUM
W0000474,0.822,0.71,0.824,0.822,0.7960880199393552,0.924,CRITICAL
W0000475,0.196,0.042,0.13,0.682,0.254097653392699,0.098,LOW
W0000476,0.412,0.34,0.766,0.612,0.5430920993515134,0.574,HIGH
W0000477,0.106,0.44,0.472,0.45,0.37014728038004713,0.274,MEDIUM
W0000478,0.578,0.846,0.974,0.878,0.8248675004820962,0.944,CRITICAL
W0000479,0.794,0.49,0.444,0.698,0.5994123903103655,0.702,HIGH
W0000480,0.496,0.424,0.842,0.446,0.5664523073444042,0.632,HIGH
W0000481,0.964,0.492,0.148,0.714,0.5602083211123678,0.616,HIGH
W0000482,0.396,0.504,0.212,0.282,0.34220674480589275,0.242,LOW
W0000483,0.846,0.64,0.154,0.81,0.590588520053533,0.682,HIGH
W0000484,0.18,0.004,0.65,0.05,0.2427206325235153,0.08,LOW
W0000485,0.204,0.508,0.56,0.312,0.4031076105924919,0.34,MEDIUM
W0000486,0.912,0.97,0.004,0.966,0.6781269036546735,0.806,CRITICAL
W0000487,0.89,0.528,0.864,0.16,0.6265717107106461,0.76,CRITICAL
W0000488,0.626,0.366,0.112,0.71,0.43683238054499196,0.4,MEDIUM
W0000489,0.104,0.39,0.724,0.28,0.39037198518297267,0.314,MEDIUM
W0000490,0.388,0.996,0.044,0.992,0.5741686107503747,0.644,HIGH
W0000491,0.864,0.342,0.662,0.536,0.6061247978486081,0.714,HIGH
W0000492,0.66,0.962,0.754,0.506,0.722409317689742,0.874,CRITICAL
W0000493,0.756,0.388,0.586,0.244,0.5007678911796917,0.51,HIGH
W0000494,0.612,0.168,0.752,0.334,0.48224093036059723,0.476,MEDIUM
W0000495,0.8,0.162,0.82,0.532,0.5923123088106478,0.686,HIGH
W0000496,0.994,0.478,0.932,0.914,0.8355418682339135,0.948,CRITICAL
W0000497,0.336,0.262,0.642,0.018,0.3319688091230854,0.226,LOW
W0000498,0.044,0.026,0.578,0.002,0.18296129261730748,0.026,LOW
W0000499,0.04,0.174,0.448,0.162,0.21707532195553902,0.06,LOW
W0000500,0.704,0.316,0.78,0.458,0.576612439174113,0.65,HIGH
