wallet_id,risk_probability,risk_prediction,risk_level,deterministic_risk_score,priority_score,alert_status,top_evidence
W0000470,0.998682,1,HIGH,,0.998813,ALERT,median_sent_sats: increases_risk (SHAP=2.2952) | graphsage_dim_23: increases_risk (SHAP=0.5975) | observations_per_tx: increases_risk (SHAP=0.5775) | country_entropy: increases_risk (SHAP=0.5037) | avg_sent_sats: increases_risk (SHAP=0.4700)
W0000345,0.998284,1,HIGH,,0.998456,ALERT,median_sent_sats: increases_risk (SHAP=2.5084) | isolation_forest_anomaly_score: increases_risk (SHAP=0.7187) | observations_per_tx: increases_risk (SHAP=0.6271) | avg_sent_sats: increases_risk (SHAP=0.4413) | graphsage_dim_10: increases_risk (SHAP=0.4363)
W0000414,0.996291,1,HIGH,,0.996662,ALERT,median_sent_sats: increases_risk (SHAP=2.4509) | observations_per_tx: decreases_risk (SHAP=-0.8163) | graphsage_dim_23: increases_risk (SHAP=0.6519) | isolation_forest_anomaly_score: increases_risk (SHAP=0.5663) | avg_sent_sats: increases_risk (SHAP=0.4262)
W0000408,0.996025,1,HIGH,,0.996423,ALERT,median_sent_sats: increases_risk (SHAP=2.5036) | isolation_forest_anomaly_score: increases_risk (SHAP=0.7658) | observations_per_tx: increases_risk (SHAP=0.5798) | avg_sent_sats: increases_risk (SHAP=0.4470) | graphsage_dim_23: decreases_risk (SHAP=-0.4221)
W0000150,0.995701,1,HIGH,,0.996131,ALERT,median_sent_sats: increases_risk (SHAP=2.5871) | isolation_forest_anomaly_score: increases_risk (SHAP=0.7532) | observations_per_tx: increases_risk (SHAP=0.6230) | avg_sent_sats: increases_risk (SHAP=0.4542) | graphsage_dim_23: decreases_risk (SHAP=-0.4427)
W0000487,0.995395,1,HIGH,,0.995856,ALERT,median_sent_sats: increases_risk (SHAP=2.4797) | observations_per_tx: increases_risk (SHAP=0.5617) | country_entropy: increases_risk (SHAP=0.5094) | deterministic_score: decreases_risk (SHAP=-0.4825) | graphsage_dim_23: increases_risk (SHAP=0.4711)
W0000073,0.994785,1,HIGH,,0.995306,ALERT,median_sent_sats: increases_risk (SHAP=2.5692) | graphsage_dim_23: increases_risk (SHAP=0.6493) | observations_per_tx: decreases_risk (SHAP=-0.5691) | country_entropy: increases_risk (SHAP=0.5108) | avg_sent_sats: increases_risk (SHAP=0.4374)
W0000299,0.994735,1,HIGH,,0.995262,ALERT,median_sent_sats: increases_risk (SHAP=2.6041) | observations_per_tx: increases_risk (SHAP=0.6089) | country_entropy: increases_risk (SHAP=0.4618) | avg_sent_sats: increases_risk (SHAP=0.4455) | graphsage_dim_23: increases_risk (SHAP=0.4321)
W0000403,0.994464,1,HIGH,,0.995018,ALERT,median_sent_sats: increases_risk (SHAP=2.4825) | observations_per_tx: increases_risk (SHAP=0.5766) | deterministic_score: decreases_risk (SHAP=-0.5194) | graphsage_dim_23: increases_risk (SHAP=0.5010) | avg_sent_sats: increases_risk (SHAP=0.4737)
W0000024,0.99408,1,HIGH,,0.994672,ALERT,median_sent_sats: increases_risk (SHAP=2.5651) | observations_per_tx: increases_risk (SHAP=0.6100) | graphsage_dim_23: decreases_risk (SHAP=-0.4997) | avg_sent_sats: increases_risk (SHAP=0.4366) | graphsage_dim_10: increases_risk (SHAP=0.4020)
W0000087,0.993287,1,HIGH,,0.993959,ALERT,median_sent_sats: increases_risk (SHAP=2.1314) | graphsage_dim_23: increases_risk (SHAP=0.5209) | country_entropy: increases_risk (SHAP=0.5147) | observations_per_tx: increases_risk (SHAP=0.4788) | avg_sent_sats: increases_risk (SHAP=0.4566)
W0000056,0.992969,1,HIGH,,0.993673,ALERT,median_sent_sats: increases_risk (SHAP=2.5535) | observations_per_tx: decreases_risk (SHAP=-0.7563) | graphsage_dim_23: increases_risk (SHAP=0.6612) | country_entropy: increases_risk (SHAP=0.4295) | avg_sent_sats: increases_risk (SHAP=0.4203)
W0000330,0.992454,1,HIGH,,0.993209,ALERT,median_sent_sats: increases_risk (SHAP=2.4606) | observations_per_tx: decreases_risk (SHAP=-0.8557) | graphsage_dim_23: increases_risk (SHAP=0.6549) | country_entropy: increases_risk (SHAP=0.4693) | avg_sent_sats: increases_risk (SHAP=0.4171)
W0000192,0.991823,1,HIGH,,0.992641,ALERT,median_sent_sats: increases_risk (SHAP=2.4506) | isolation_forest_anomaly_score: increases_risk (SHAP=0.7066) | graphsage_dim_23: increases_risk (SHAP=0.6578) | observations_per_tx: decreases_risk (SHAP=-0.5462) | avg_sent_sats: increases_risk (SHAP=0.4010)
W0000398,0.99096,1,HIGH,,0.991864,ALERT,median_sent_sats: increases_risk (SHAP=2.4331) | isolation_forest_anomaly_score: increases_risk (SHAP=0.7862) | observations_per_tx: increases_risk (SHAP=0.5304) | graphsage_dim_10: increases_risk (SHAP=0.4173) | avg_sent_sats: increases_risk (SHAP=0.4079)
W0000324,0.990677,1,HIGH,,0.99161,ALERT,median_sent_sats: increases_risk (SHAP=2.4558) | observations_per_tx: increases_risk (SHAP=0.5338) | graphsage_dim_23: increases_risk (SHAP=0.4850) | avg_sent_sats: increases_risk (SHAP=0.4551) | isolation_forest_anomaly_score: decreases_risk (SHAP=-0.4288)
W0000242,0.989956,1,HIGH,,0.99096,ALERT,median_sent_sats: increases_risk (SHAP=2.5166) | isolation_forest_anomaly_score: increases_risk (SHAP=0.8012) | observations_per_tx: increases_risk (SHAP=0.5084) | avg_sent_sats: increases_risk (SHAP=0.4636) | graphsage_dim_10: increases_risk (SHAP=0.4228)
W0000166,0.989093,1,HIGH,,0.990184,ALERT,median_sent_sats: increases_risk (SHAP=1.6173) | avg_sent_sats: decreases_risk (SHAP=-0.7794) | isolation_forest_anomaly_score: increases_risk (SHAP=0.7354) | observations_per_tx: increases_risk (SHAP=0.5579) | graphsage_dim_23: decreases_risk (SHAP=-0.4538)
W0000348,0.989088,1,HIGH,,0.99018,ALERT,median_sent_sats: increases_risk (SHAP=2.4999) | observations_per_tx: increases_risk (SHAP=0.5431) | deterministic_score: decreases_risk (SHAP=-0.4765) | avg_sent_sats: increases_risk (SHAP=0.4635) | graphsage_dim_23: increases_risk (SHAP=0.4085)
W0000012,0.988347,1,HIGH,,0.989513,ALERT,median_sent_sats: increases_risk (SHAP=2.4822) | graphsage_dim_23: increases_risk (SHAP=0.5090) | observations_per_tx: increases_risk (SHAP=0.5048) | avg_sent_sats: increases_risk (SHAP=0.4717) | country_entropy: increases_risk (SHAP=0.4474)
W0000023,0.987092,1,HIGH,,0.988382,ALERT,median_sent_sats: increases_risk (SHAP=2.4299) | observations_per_tx: decreases_risk (SHAP=-1.0620) | graphsage_dim_23: increases_risk (SHAP=0.4908) | country_entropy: increases_risk (SHAP=0.4749) | avg_sent_sats: increases_risk (SHAP=0.4584)
W0000382,0.986358,1,HIGH,,0.987722,ALERT,median_sent_sats: increases_risk (SHAP=1.6226) | graphsage_dim_10: decreases_risk (SHAP=-0.8636) | graphsage_dim_23: increases_risk (SHAP=0.5211) | observations_per_tx: increases_risk (SHAP=0.4793) | avg_sent_sats: increases_risk (SHAP=0.4786)
W0000259,0.985885,1,HIGH,,0.987296,ALERT,median_sent_sats: increases_risk (SHAP=2.4090) | isolation_forest_anomaly_score: increases_risk (SHAP=0.8072) | observations_per_tx: increases_risk (SHAP=0.4637) | graphsage_dim_10: decreases_risk (SHAP=-0.4343) | avg_sent_sats: increases_risk (SHAP=0.4336)
W0000016,0.984652,1,HIGH,,0.986187,ALERT,avg_sent_sats: decreases_risk (SHAP=-0.9529) | isolation_forest_anomaly_score: increases_risk (SHAP=0.6757) | graphsage_dim_23: increases_risk (SHAP=0.6098) | median_sent_sats: increases_risk (SHAP=0.5132) | country_entropy: increases_risk (SHAP=0.3130)
W0000318,0.98444,1,HIGH,,0.985996,ALERT,median_sent_sats: increases_risk (SHAP=1.2971) | autoencoder_reconstruction_error: decreases_risk (SHAP=-1.2569) | graphsage_dim_23: increases_risk (SHAP=0.6134) | country_entropy: increases_risk (SHAP=0.4609) | observations_per_tx: increases_risk (SHAP=0.4603)
W0000182,0.983536,1,HIGH,,0.985182,ALERT,median_sent_sats: increases_risk (SHAP=1.5680) | observations_per_tx: increases_risk (SHAP=0.5771) | graphsage_dim_23: decreases_risk (SHAP=-0.5465) | country_entropy: increases_risk (SHAP=0.5157) | avg_sent_sats: increases_risk (SHAP=0.4641)
W0000114,0.980853,1,HIGH,,0.982768,ALERT,median_sent_sats: increases_risk (SHAP=2.3966) | graphsage_dim_10: decreases_risk (SHAP=-0.7150) | graphsage_dim_23: increases_risk (SHAP=0.6575) | country_entropy: increases_risk (SHAP=0.4936) | observations_per_tx: decreases_risk (SHAP=-0.4934)
W0000461,0.979567,1,HIGH,,0.981611,ALERT,median_sent_sats: increases_risk (SHAP=2.2560) | observations_per_tx: decreases_risk (SHAP=-0.9851) | isolation_forest_anomaly_score: increases_risk (SHAP=0.7195) | country_entropy: increases_risk (SHAP=0.3835) | avg_sent_sats: increases_risk (SHAP=0.3759)
W0000439,0.978583,1,HIGH,,0.980725,ALERT,median_sent_sats: increases_risk (SHAP=2.2974) | graphsage_dim_10: decreases_risk (SHAP=-0.8965) | isolation_forest_anomaly_score: increases_risk (SHAP=0.7433) | observations_per_tx: increases_risk (SHAP=0.5447) | avg_sent_sats: increases_risk (SHAP=0.4822)
W0000081,0.977074,1,HIGH,,0.979367,ALERT,isolation_forest_anomaly_score: increases_risk (SHAP=0.6531) | graphsage_dim_10: decreases_risk (SHAP=-0.6263) | observations_per_tx: increases_risk (SHAP=0.5362) | avg_sent_sats: increases_risk (SHAP=0.4163) | country_entropy: increases_risk (SHAP=0.3852)
W0000019,0.975396,1,HIGH,,0.977856,ALERT,median_sent_sats: increases_risk (SHAP=1.9010) | observations_per_tx: decreases_risk (SHAP=-0.7922) | graphsage_dim_23: increases_risk (SHAP=0.6870) | country_entropy: decreases_risk (SHAP=-0.5208) | isolation_forest_anomaly_score: increases_risk (SHAP=0.4443)
W0000406,0.97501,1,HIGH,,0.977509,ALERT,median_sent_sats: increases_risk (SHAP=2.3114) | observations_per_tx: decreases_risk (SHAP=-0.9710) | isolation_forest_anomaly_score: increases_risk (SHAP=0.8550) | country_entropy: decreases_risk (SHAP=-0.4486) | avg_sent_sats: increases_risk (SHAP=0.3668)
W0000265,0.973411,1,HIGH,,0.97607,ALERT,median_sent_sats: increases_risk (SHAP=2.1047) | observations_per_tx: increases_risk (SHAP=0.6231) | graphsage_dim_23: decreases_risk (SHAP=-0.4752) | country_entropy: decreases_risk (SHAP=-0.4513) | isolation_forest_anomaly_score: decreases_risk (SHAP=-0.4161)
W0000092,0.960906,1,HIGH,,0.964816,ALERT,median_sent_sats: increases_risk (SHAP=2.3775) | observations_per_tx: increases_risk (SHAP=0.6163) | country_entropy: decreases_risk (SHAP=-0.4704) | isolation_forest_anomaly_score: decreases_risk (SHAP=-0.4605) | graphsage_dim_10: increases_risk (SHAP=0.4407)
W0000169,0.932979,1,HIGH,,0.939681,ALERT,median_sent_sats: increases_risk (SHAP=2.1705) | observations_per_tx: decreases_risk (SHAP=-1.2193) | isolation_forest_anomaly_score: increases_risk (SHAP=0.7710) | graphsage_dim_23: decreases_risk (SHAP=-0.5429) | graphsage_dim_10: increases_risk (SHAP=0.3482)
W0000040,0.891459,1,HIGH,,0.902314,ALERT,median_sent_sats: increases_risk (SHAP=2.1723) | observations_per_tx: decreases_risk (SHAP=-1.1184) | graphsage_dim_10: decreases_risk (SHAP=-0.9179) | graphsage_dim_23: increases_risk (SHAP=0.5227) | country_entropy: increases_risk (SHAP=0.4845)
W0000191,0.879057,1,HIGH,,0.891152,ALERT,median_sent_sats: increases_risk (SHAP=2.2415) | country_entropy: decreases_risk (SHAP=-0.7691) | graphsage_dim_23: increases_risk (SHAP=0.5893) | observations_per_tx: increases_risk (SHAP=0.4272) | avg_sent_sats: increases_risk (SHAP=0.3929)
W0000339,0.85154,1,HIGH,,0.866386,ALERT,median_sent_sats: increases_risk (SHAP=2.2351) | graphsage_dim_10: decreases_risk (SHAP=-1.0704) | isolation_forest_anomaly_score: increases_risk (SHAP=0.7981) | observations_per_tx: increases_risk (SHAP=0.4780) | graphsage_dim_23: decreases_risk (SHAP=-0.4142)
W0000300,0.57643,1,MEDIUM,,0.618787,ALERT,median_sent_sats: increases_risk (SHAP=1.3624) | observations_per_tx: decreases_risk (SHAP=-1.3095) | graphsage_dim_23: decreases_risk (SHAP=-0.6891) | country_entropy: increases_risk (SHAP=0.4490) | isolation_forest_anomaly_score: decreases_risk (SHAP=-0.4487)
