wallet_id,degree,in_degree,out_degree,weighted_degree,weighted_in_degree,weighted_out_degree,pagerank,betweenness_centrality,clustering_coefficient,community_id,community_size,two_hop_neighbor_count
W0000001,39,22,17,42.0,23.0,19.0,0.0020792337722011865,0.002278131324258608,0.08771929824561403,1,177,285
W0000002,53,26,27,55.0,27.0,28.0,0.0022580833070652635,0.0038965596157219443,0.08597285067873303,0,179,372
W0000003,50,28,22,51.0,28.0,23.0,0.0024930190134219085,0.0034768184607255454,0.09877551020408164,0,179,323
W0000004,71,25,46,74.0,26.0,48.0,0.00210846572184244,0.0058606199994428,0.08276797829036635,1,177,384
W0000005,36,21,15,36.0,21.0,15.0,0.001955408304332184,0.0019298313436478109,0.08253968253968254,2,140,256
W0000006,49,30,19,49.0,30.0,19.0,0.002864501382349622,0.0033984960969716937,0.08953900709219859,2,140,282
W0000007,47,22,25,47.0,22.0,25.0,0.0018864808205305934,0.0028786139294802475,0.09805735430157261,2,140,351
W0000008,46,27,19,49.0,28.0,21.0,0.0023876431321209067,0.0028233195506316222,0.08562367864693446,2,140,264
W0000009,36,17,19,38.0,18.0,20.0,0.0017869774975073733,0.001844864487887145,0.07226890756302522,0,179,255
W0000010,37,20,17,41.0,23.0,18.0,0.002070565871124967,0.0019135334000234731,0.08095238095238096,2,140,256
W0000011,27,18,9,27.0,18.0,9.0,0.001654699823664786,0.0009026401739936776,0.1076923076923077,2,140,143
W0000012,53,32,21,55.0,34.0,21.0,0.0029089073125897107,0.003773129249263768,0.07993966817496229,1,177,290
W0000013,40,23,17,41.0,24.0,17.0,0.0020458278051948115,0.0024109872324017036,0.08717948717948718,1,177,275
W0000014,39,31,8,39.0,31.0,8.0,0.0027303208909933044,0.0013603485242768467,0.09176788124156546,1,177,146
W0000015,48,27,21,49.0,28.0,21.0,0.002417406381039797,0.002941170832819199,0.09805735430157261,2,140,285
W0000016,29,17,12,29.0,17.0,12.0,0.0015570098257103797,0.0010521949232780645,0.082010582010582,1,177,178
W0000017,37,24,13,37.0,24.0,13.0,0.001906769823127443,0.0016832794249413271,0.1021021021021021,1,177,199
W0000018,43,19,24,44.0,19.0,25.0,0.001642478057623199,0.0024351532681762384,0.09523809523809523,0,179,339
W0000019,34,22,12,35.0,22.0,13.0,0.001984275112623871,0.0014254952819516956,0.10037878787878787,0,179,205
W0000020,40,22,18,40.0,22.0,18.0,0.001873405637554778,0.002050720681785673,0.08974358974358974,0,179,271
W0000021,35,15,20,37.0,15.0,22.0,0.0014532190412923762,0.0016606506839507513,0.0873440285204991,2,140,272
W0000022,43,20,23,43.0,20.0,23.0,0.0017226118789083157,0.0022329542715294076,0.10336817653890824,2,140,318
W0000023,35,20,15,35.0,20.0,15.0,0.001995432647443478,0.0017988515887031003,0.09915966386554621,2,140,263
W0000024,59,22,37,60.0,23.0,37.0,0.0021999472722807794,0.004917907854471466,0.08282828282828283,0,179,392
W0000025,35,19,16,37.0,21.0,16.0,0.0017483570683120768,0.0014437680685282501,0.08067226890756303,0,179,245
W0000026,37,13,24,37.0,13.0,24.0,0.0013765100743917441,0.0017053064127826325,0.0990990990990991,2,140,337
W0000027,41,22,19,41.0,22.0,19.0,0.0018745593955368156,0.002027840321778313,0.09743589743589744,2,140,273
W0000028,46,23,23,48.0,24.0,24.0,0.002044834061039685,0.0026363277225989468,0.08484848484848485,2,140,292
W0000029,52,28,24,53.0,29.0,24.0,0.002436690944556018,0.0034401733559441274,0.10588235294117647,2,140,327
W0000030,47,27,20,48.0,27.0,21.0,0.0025976878426678604,0.0031579099327568266,0.08233117483811286,2,140,287
W0000031,28,12,16,28.0,12.0,16.0,0.0011897539147617871,0.000978500305290063,0.0582010582010582,0,179,236
W0000032,42,22,20,42.0,22.0,20.0,0.001982679696683833,0.0026370029183482224,0.10104529616724739,2,140,300
W0000033,44,27,17,44.0,27.0,17.0,0.0023082514907021737,0.0024763437726328112,0.09407665505226481,1,177,257
W0000034,53,28,25,54.0,29.0,25.0,0.0026057065970888516,0.004150205710940134,0.08635703918722787,1,177,308
W0000035,44,20,24,46.0,21.0,25.0,0.0019755455078832897,0.0026612240155750844,0.09745293466223699,1,177,327
W0000036,38,23,15,39.0,24.0,15.0,0.0019408680802606606,0.0017743404059799219,0.11379800853485064,1,177,261
W0000037,34,15,19,36.0,16.0,20.0,0.0016198295763434306,0.0015156276196710624,0.09848484848484848,3,4,276
W0000038,38,22,16,40.0,22.0,18.0,0.00195897730165938,0.0020553572278305078,0.11904761904761904,1,177,292
W0000039,39,22,17,39.0,22.0,17.0,0.0020610151659171045,0.0021940824405469552,0.0953058321479374,0,179,282
W0000040,30,19,11,31.0,20.0,11.0,0.0019010752454869787,0.0013393829733597661,0.08620689655172414,0,179,198
W0000041,48,27,21,49.0,27.0,22.0,0.00248532579993509,0.003214824848747661,0.08421985815602837,2,140,271
W0000042,42,16,26,43.0,16.0,27.0,0.0014064336283960742,0.0022780780875886726,0.07439024390243902,2,140,315
W0000043,38,17,21,38.0,17.0,21.0,0.0016469295493546162,0.0023587392046454537,0.08961593172119488,2,140,300
W0000044,30,19,11,30.0,19.0,11.0,0.0015278264127357379,0.0011072888676733434,0.11264367816091954,0,179,183
W0000045,36,18,18,36.0,18.0,18.0,0.0016609953746097978,0.0018316458990097263,0.07777777777777778,1,177,255
W0000046,40,23,17,40.0,23.0,17.0,0.001855112933265186,0.0019051425922497086,0.1106612685560054,1,177,263
W0000047,47,25,22,47.0,25.0,22.0,0.002519645765139396,0.003226787935583829,0.0927536231884058,1,177,303
W0000048,45,30,15,47.0,32.0,15.0,0.002816592358341376,0.002697575926213548,0.09191919191919191,0,179,245
W0000049,44,20,24,45.0,21.0,24.0,0.0017749765690080474,0.0025827492416059697,0.08668076109936575,1,177,318
W0000050,37,17,20,39.0,18.0,21.0,0.0014506351561603295,0.0017103198942489488,0.10756302521008404,1,177,307
W0000051,40,19,21,40.0,19.0,21.0,0.0015259087636019823,0.001948247741918317,0.08974358974358974,0,179,261
W0000052,46,25,21,47.0,25.0,22.0,0.002134371064081289,0.0028657381331227776,0.0782608695652174,1,177,302
W0000053,49,25,24,50.0,26.0,24.0,0.0023759652982571823,0.003622462755674235,0.09528214616096208,1,177,319
W0000054,64,23,41,67.0,25.0,42.0,0.00218432042307568,0.005382641140971054,0.08360655737704918,2,140,388
W0000055,34,18,16,34.0,18.0,16.0,0.0015866161782677572,0.0014069685074459461,0.0677361853832442,1,177,229
W0000056,50,32,18,51.0,32.0,19.0,0.002900275907502095,0.002983910325676428,0.09959183673469388,0,179,273
W0000057,47,28,19,50.0,30.0,20.0,0.002869379432577297,0.003170313763647122,0.09855072463768116,0,179,267
W0000058,33,18,15,34.0,18.0,16.0,0.0016246262068423025,0.0015835936260149234,0.06881720430107527,1,177,248
W0000059,41,18,23,41.0,18.0,23.0,0.0017506296188561908,0.002330611547859595,0.10512820512820513,0,179,316
W0000060,46,27,19,46.0,27.0,19.0,0.002489391539199839,0.003113553115102352,0.06866002214839424,0,179,271
W0000061,38,23,15,40.0,25.0,15.0,0.002172992904544066,0.0019317311921617294,0.08412698412698413,1,177,253
W0000062,79,36,43,83.0,36.0,47.0,0.0028625230760602176,0.0077813344513776965,0.09368421052631579,0,179,406
W0000063,44,22,22,45.0,23.0,22.0,0.0021919744033672087,0.0026660611827049215,0.08139534883720931,1,177,288
W0000064,36,15,21,37.0,15.0,22.0,0.0014688780918983165,0.0016294558279303544,0.11428571428571428,0,179,285
W0000065,33,18,15,33.0,18.0,15.0,0.0014564723228380136,0.001261557190376566,0.10037878787878787,0,179,244
W0000066,42,21,21,45.0,21.0,24.0,0.0017543995499253173,0.002421301092502054,0.09872241579558652,0,179,321
W0000067,46,26,20,48.0,26.0,22.0,0.0021977438350045263,0.0027389930958105256,0.10202020202020202,2,140,299
W0000068,37,21,16,37.0,21.0,16.0,0.00173687658937734,0.0018437169318761737,0.1111111111111111,2,140,285
W0000069,49,28,21,50.0,28.0,22.0,0.002533509326686076,0.0037469600868826124,0.10195035460992907,1,177,319
W0000070,37,20,17,37.0,20.0,17.0,0.0017864231505690092,0.0018909627402974342,0.07807807807807808,1,177,273
W0000071,47,23,24,47.0,23.0,24.0,0.002064479711922132,0.0029408575069130583,0.09805735430157261,2,140,305
W0000072,53,33,20,55.0,35.0,20.0,0.0030630839355935448,0.003757839712867861,0.08748114630467571,1,177,268
W0000073,42,26,16,43.0,27.0,16.0,0.002233903843819026,0.0021425889284793823,0.10512820512820513,1,177,239
W0000074,63,17,46,64.0,18.0,46.0,0.0016490941611155096,0.004178529910799366,0.0898995240613432,2,140,401
W0000075,59,36,23,62.0,37.0,25.0,0.002948010137267404,0.00454848228419376,0.09739866908650938,2,140,308
W0000076,56,28,28,56.0,28.0,28.0,0.0023176946566303173,0.0038680960364702935,0.07878787878787878,2,140,320
W0000077,51,26,25,53.0,28.0,25.0,0.002457663112719077,0.0037453278384563184,0.08333333333333333,0,179,323
W0000078,46,25,21,47.0,26.0,21.0,0.002351729487944766,0.0027401196193790564,0.10188261351052048,1,177,297
W0000079,61,25,36,65.0,28.0,37.0,0.0024015821731336673,0.004868773082280706,0.09376890502117362,0,179,368
W0000080,29,16,13,29.0,16.0,13.0,0.001376477196065649,0.0011559554363793788,0.10591133004926108,0,179,247
W0000081,25,13,12,25.0,13.0,12.0,0.0012688874946039995,0.0008981694599239018,0.1,1,177,200
W0000082,52,31,21,53.0,32.0,21.0,0.0027242909028897355,0.0034116710737267667,0.09568627450980392,1,177,316
W0000083,41,24,17,43.0,25.0,18.0,0.002271242060734713,0.0024636842778383763,0.06794871794871794,1,177,253
W0000084,36,20,16,39.0,21.0,18.0,0.0018937464298928878,0.0016754016069404042,0.10158730158730159,0,179,262
W0000085,48,22,26,50.0,24.0,26.0,0.0022892868234539675,0.0035626787229592624,0.09090909090909091,1,177,357
W0000086,32,21,11,33.0,22.0,11.0,0.002015359634040808,0.0012917540616819141,0.1028225806451613,0,179,192
W0000087,33,18,15,34.0,19.0,15.0,0.0018169431493993238,0.001539738889037857,0.09247311827956989,2,140,228
W0000088,36,18,18,36.0,18.0,18.0,0.0015937833425129868,0.0018536315927292267,0.0957983193277311,0,179,303
W0000089,45,13,32,45.0,13.0,32.0,0.0014353161259843218,0.0024712179214298174,0.08585858585858586,0,179,369
W0000090,41,26,15,42.0,27.0,15.0,0.0024526727898011923,0.002164193533156999,0.1048780487804878,2,140,264
W0000091,50,24,26,50.0,24.0,26.0,0.002267710540819729,0.0036570802950163244,0.09308510638297872,0,179,318
W0000092,45,23,22,46.0,23.0,23.0,0.002188621453370256,0.0030908238187026885,0.07610993657505286,2,140,305
W0000093,41,24,17,42.0,25.0,17.0,0.0020932279381859053,0.001942464731251523,0.1048780487804878,0,179,241
W0000094,80,32,48,83.0,33.0,50.0,0.0027456127518588813,0.0077869518719418905,0.08568646543330087,2,140,391
W0000095,29,15,14,31.0,15.0,16.0,0.0013033632438553297,0.0010381397627515587,0.08374384236453201,0,179,227
W0000096,47,23,24,47.0,23.0,24.0,0.002125866561689986,0.0030736278984140283,0.08973172987974098,0,179,316
W0000097,44,21,23,45.0,22.0,23.0,0.001799753074151914,0.0025161545790434534,0.10104529616724739,1,177,297
W0000098,46,26,20,50.0,27.0,23.0,0.002422136163411831,0.002965026685047196,0.07676767676767676,2,140,299
W0000099,44,25,19,46.0,27.0,19.0,0.002323224549000399,0.0025940259729761686,0.08416389811738649,1,177,282
W0000100,37,20,17,37.0,20.0,17.0,0.001752326887886544,0.0018657617003899909,0.08067226890756303,1,177,257
W0000101,52,17,35,53.0,18.0,35.0,0.0015272958001112513,0.003262296360807252,0.0784313725490196,1,177,383
W0000102,40,27,13,42.0,27.0,15.0,0.002180460754872943,0.002035777300849945,0.09041835357624832,1,177,246
W0000103,45,24,21,46.0,24.0,22.0,0.002076218118935654,0.0026188597779707927,0.08686868686868687,2,140,301
W0000104,34,16,18,34.0,16.0,18.0,0.0014713664909829882,0.0015545883204672883,0.08912655971479501,1,177,264
W0000105,37,21,16,38.0,22.0,16.0,0.0019530692707617594,0.0018404292860264744,0.0746031746031746,0,179,271
W0000106,48,26,22,51.0,27.0,24.0,0.00253407400890931,0.0031627208532266325,0.08502415458937199,1,177,287
W0000107,42,24,18,43.0,25.0,18.0,0.0019680475077088555,0.002156581524352372,0.07560975609756097,2,140,248
W0000108,48,22,26,50.0,23.0,27.0,0.0019999895240366485,0.003106046921737511,0.10730804810360776,1,177,319
W0000109,54,35,19,58.0,37.0,21.0,0.002895861092574224,0.0034719585502470908,0.09433962264150944,2,140,309
W0000110,40,19,21,40.0,19.0,21.0,0.0016672413335486053,0.0023516550430468792,0.0858974358974359,1,177,315
W0000111,33,15,18,33.0,15.0,18.0,0.0013531063796273553,0.0015329516566448165,0.09475806451612903,1,177,302
W0000112,51,25,26,52.0,26.0,26.0,0.002085008600906967,0.003210627520393756,0.0824829931972789,2,140,311
W0000113,25,13,12,27.0,13.0,14.0,0.0012805440280200956,0.0009317904829682471,0.09,0,179,208
W0000114,41,25,16,41.0,25.0,16.0,0.002168616413775812,0.00213880120794539,0.08846153846153847,1,177,252
W0000115,49,28,21,51.0,28.0,23.0,0.002470232075542118,0.0031955862891379434,0.1099290780141844,0,179,288
W0000116,56,20,36,57.0,20.0,37.0,0.0016444755042712244,0.0034882018953331134,0.08385744234800839,1,177,366
W0000117,42,18,24,44.0,20.0,24.0,0.0016606468127432841,0.0023118238056356235,0.09230769230769231,2,140,302
W0000118,40,20,20,40.0,20.0,20.0,0.001673397333446814,0.002090896926007413,0.1,0,179,282
W0000119,45,22,23,45.0,22.0,23.0,0.002028113300255999,0.0028278803373996643,0.08879492600422834,1,177,299
W0000120,45,24,21,48.0,25.0,23.0,0.002364824464000994,0.0032867225686694433,0.08181818181818182,2,140,300
W0000121,43,25,18,43.0,25.0,18.0,0.0020728240700735507,0.0023120005943017925,0.07641196013289037,0,179,248
W0000122,46,21,25,47.0,21.0,26.0,0.001808535277593623,0.0029106726097909118,0.1,0,179,336
W0000123,42,19,23,42.0,19.0,23.0,0.0016421394216480046,0.0025121043659389183,0.09390243902439024,1,177,322
W0000124,31,15,16,31.0,15.0,16.0,0.0014391152676714422,0.0012297665962411105,0.06436781609195402,0,179,227
W0000125,49,23,26,52.0,24.0,28.0,0.0020399538224375032,0.003533765136121994,0.08421985815602837,1,177,332
W0000126,37,16,21,37.0,16.0,21.0,0.00148357259869213,0.0019683527608780798,0.07301587301587302,1,177,298
W0000127,42,20,22,44.0,21.0,23.0,0.0022054333453588714,0.0028011936139239607,0.08292682926829269,2,140,291
W0000128,41,19,22,41.0,19.0,22.0,0.0017040558855293741,0.00226156187499224,0.08906882591093117,0,179,283
W0000129,55,26,29,58.0,29.0,29.0,0.0023633992394948757,0.003827103084560863,0.09084556254367575,0,179,334
W0000130,47,21,26,48.0,21.0,27.0,0.001796130536793764,0.0030140966158677457,0.09619450317124736,0,179,379
W0000131,68,27,41,68.0,27.0,41.0,0.002305740580733592,0.006199446219557432,0.0773892773892774,1,177,380
W0000132,43,25,18,44.0,26.0,18.0,0.002334930925694063,0.002879649357559448,0.08130081300813008,2,140,275
W0000133,31,18,13,32.0,18.0,14.0,0.0019344852726794915,0.0014958708488203736,0.09425287356321839,1,177,259
W0000134,56,32,24,56.0,32.0,24.0,0.002637232016131243,0.00403320541482559,0.09225589225589226,2,140,317
W0000135,40,23,17,40.0,23.0,17.0,0.00197818672579,0.002068325483775586,0.08717948717948718,2,140,257
W0000136,37,20,17,38.0,21.0,17.0,0.0018157195082750366,0.0017983196262925359,0.0855614973262032,2,140,287
W0000137,43,19,24,43.0,19.0,24.0,0.0016325331862840405,0.002516814931427548,0.09856035437430787,1,177,340
W0000138,51,30,21,53.0,32.0,21.0,0.0029083142914556755,0.0036328792937665565,0.0784313725490196,1,177,292
W0000139,43,20,23,46.0,20.0,26.0,0.0019520275267983808,0.0029000800751346804,0.08527131782945736,0,179,306
W0000140,23,10,13,23.0,10.0,13.0,0.0010851640568071987,0.0007903605545526736,0.09881422924901186,1,177,197
W0000141,52,29,23,52.0,29.0,23.0,0.002649554567375033,0.0037747734271753527,0.08470588235294117,1,177,283
W0000142,39,17,22,39.0,17.0,22.0,0.0015228855642291598,0.001991266099295951,0.08232118758434548,1,177,318
W0000143,36,22,14,36.0,22.0,14.0,0.001956904908716067,0.0015527902280222654,0.09243697478991597,1,177,240
W0000144,51,31,20,51.0,31.0,20.0,0.0027339560923788963,0.0036809465841678214,0.0783673469387755,1,177,273
W0000145,45,29,16,47.0,30.0,17.0,0.0023669389273505217,0.0026900194469658806,0.09856035437430787,0,179,259
W0000146,55,28,27,56.0,29.0,27.0,0.002729278882247178,0.004337476828795379,0.09200603318250378,3,4,324
W0000147,34,15,19,35.0,16.0,19.0,0.0015665655712272532,0.0016144056315930313,0.09269162210338681,2,140,270
W0000148,40,21,19,40.0,21.0,19.0,0.0017936008310438442,0.0022031367720144316,0.1064102564102564,2,140,305
W0000149,36,17,19,39.0,17.0,22.0,0.0016200628287501941,0.0018037447869459072,0.09747899159663866,1,177,254
W0000150,75,23,52,80.0,24.0,56.0,0.0020028306327876657,0.006197350281340391,0.09295774647887324,2,140,408
W0000151,56,28,28,57.0,28.0,29.0,0.002340598484486489,0.004148412604775812,0.07619738751814223,2,140,334
W0000152,42,16,26,42.0,16.0,26.0,0.0014385187529654883,0.0023421008347840936,0.06852497096399536,0,179,322
W0000153,46,29,17,46.0,29.0,17.0,0.0026122065707848098,0.0027810530879804445,0.0797979797979798,1,177,243
W0000154,51,32,19,54.0,34.0,20.0,0.002976859115829995,0.0033816277926017606,0.08734693877551021,0,179,266
W0000155,46,24,22,46.0,24.0,22.0,0.00224860679986445,0.0030876789493880213,0.0966183574879227,0,179,303
W0000156,35,20,15,36.0,21.0,15.0,0.0017322467879008416,0.0014784029860615167,0.12477718360071301,2,140,234
W0000157,33,15,18,33.0,15.0,18.0,0.0012864117733509214,0.0014645617452208096,0.09659090909090909,0,179,293
W0000158,42,20,22,42.0,20.0,22.0,0.0017889074202135872,0.002492321874329615,0.10801393728222997,0,179,320
W0000159,50,25,25,51.0,26.0,25.0,0.002107250050680658,0.003125789514815729,0.10119047619047619,1,177,311
W0000160,65,22,43,68.0,22.0,46.0,0.001998666715865369,0.004938713705898833,0.08743169398907104,1,177,373
W0000161,47,24,23,48.0,25.0,23.0,0.002204073611940589,0.0030818191680483924,0.08502415458937199,1,177,325
W0000162,37,20,17,39.0,21.0,18.0,0.0017425721103520916,0.001708466978391788,0.1036036036036036,1,177,234
W0000163,35,18,17,35.0,18.0,17.0,0.001559830148797495,0.0014961845587683862,0.10084033613445378,2,140,261
W0000164,46,22,24,48.0,22.0,26.0,0.001958740379344233,0.0027178469943143833,0.10404040404040404,0,179,299
W0000165,39,19,20,39.0,19.0,20.0,0.001559020910882131,0.0016548096712572622,0.10256410256410256,0,179,266
W0000166,67,20,47,69.0,20.0,49.0,0.0016059604430232344,0.004604296947017682,0.09463869463869463,1,177,402
W0000167,50,29,21,50.0,29.0,21.0,0.002436690771484578,0.003177507611444951,0.09608843537414966,0,179,308
W0000168,41,18,23,42.0,18.0,24.0,0.001625712121174028,0.002158656897242133,0.09358974358974359,1,177,301
W0000169,60,15,45,63.0,16.0,47.0,0.001364811118895699,0.0033625594248485485,0.08942139099941554,2,140,412
W0000170,33,16,17,33.0,16.0,17.0,0.0016260847502307099,0.0016146441205246082,0.10685483870967742,0,179,272
W0000171,30,15,15,30.0,15.0,15.0,0.001606279824601172,0.0012283205046492555,0.09523809523809523,2,140,216
W0000172,49,25,24,50.0,26.0,24.0,0.0021455465543911076,0.003023128506626926,0.09178743961352658,1,177,301
W0000173,49,21,28,50.0,22.0,28.0,0.0018781758331054112,0.0030585496324826386,0.07908163265306123,2,140,319
W0000174,79,30,49,79.0,30.0,49.0,0.0026666736947832167,0.008157004340656587,0.08774527952610145,0,179,396
W0000175,40,18,22,43.0,20.0,23.0,0.0016605374988479982,0.0019790737666216143,0.09986504723346828,0,179,291
W0000176,42,23,19,44.0,24.0,20.0,0.002153124308600962,0.0026060899411742455,0.10220673635307782,2,140,312
W0000177,45,22,23,45.0,22.0,23.0,0.0017980777869928133,0.0026336070728500026,0.09619450317124736,0,179,306
W0000178,42,21,21,42.0,21.0,21.0,0.0018397367064432418,0.002412534922792572,0.09878048780487805,1,177,313
W0000179,31,18,13,31.0,18.0,13.0,0.0016744119087548884,0.0013105601911020247,0.09425287356321839,1,177,226
W0000180,52,19,33,52.0,19.0,33.0,0.0018092097940234047,0.0035458492877336084,0.07616892911010557,0,179,367
W0000181,55,21,34,56.0,22.0,34.0,0.001992526468796214,0.0038235021246790543,0.10168350168350168,1,177,372
W0000182,33,21,12,33.0,21.0,12.0,0.001888348649807654,0.0014439949113732608,0.10080645161290322,0,179,225
W0000183,29,14,15,30.0,14.0,16.0,0.0014680235868744689,0.0012814510895897916,0.07881773399014778,0,179,284
W0000184,31,16,15,31.0,16.0,15.0,0.001565657115484887,0.0013571620991139862,0.1032258064516129,1,177,224
W0000185,44,26,18,44.0,26.0,18.0,0.002318340125996141,0.002405731588196445,0.11219512195121951,0,179,273
W0000186,34,20,14,34.0,20.0,14.0,0.001910234503140326,0.0015116851342190554,0.0873440285204991,2,140,217
W0000187,35,18,17,37.0,19.0,18.0,0.0018750518766476746,0.0015820368594639837,0.10084033613445378,1,177,261
W0000188,44,23,21,47.0,25.0,22.0,0.001987265743703619,0.0025623906478435803,0.09302325581395349,3,4,297
W0000189,38,18,20,39.0,19.0,20.0,0.001763347661415146,0.0020705128635934134,0.08095238095238096,2,140,296
W0000190,42,22,20,42.0,22.0,20.0,0.0022450384693796016,0.0025813228008483274,0.09175377468060394,0,179,306
W0000191,34,18,16,34.0,18.0,16.0,0.0017046845845981244,0.0015045540082757928,0.0946969696969697,0,179,228
W0000192,69,42,27,72.0,44.0,28.0,0.0036475961621589017,0.006270670070275353,0.07885763000852515,0,179,329
W0000193,49,29,20,50.0,30.0,20.0,0.002725081778928688,0.003247191495734084,0.07678075855689177,0,179,301
W0000194,45,23,22,45.0,23.0,22.0,0.0018469882550024813,0.00256692408927299,0.10676532769556026,0,179,304
W0000195,22,13,9,23.0,13.0,10.0,0.0011870930943156605,0.0005580906536706984,0.07792207792207792,0,179,147
W0000196,50,27,23,51.0,28.0,23.0,0.0022980036655494366,0.0030002702366016183,0.09863945578231292,2,140,309
W0000197,45,22,23,47.0,23.0,24.0,0.002076586432623676,0.0029170235994658775,0.08773784355179703,2,140,323
W0000198,39,20,19,40.0,21.0,19.0,0.0018283702890944144,0.00223064622940663,0.08108108108108109,1,177,276
W0000199,49,25,24,51.0,25.0,26.0,0.0022808451550941668,0.0033719826607234086,0.10119047619047619,0,179,320
W0000200,57,36,21,58.0,37.0,21.0,0.0031606017817361522,0.0038480059826717823,0.08020050125313283,0,179,277
W0000201,40,18,22,41.0,19.0,22.0,0.0015829930160429343,0.0020467483585769495,0.09743589743589744,1,177,275
W0000202,50,26,24,50.0,26.0,24.0,0.0023427206706274693,0.003526307197534822,0.0971322849213691,1,177,309
W0000203,48,28,20,50.0,30.0,20.0,0.002467013692994795,0.003060094942154384,0.08333333333333333,1,177,265
W0000204,36,17,19,36.0,17.0,19.0,0.0016984875006545198,0.0016776750026055243,0.08412698412698413,1,177,251
W0000205,40,20,20,42.0,21.0,21.0,0.001684025136084422,0.0021817797436632174,0.08367071524966262,0,179,266
W0000206,49,24,25,50.0,25.0,25.0,0.002484276101335634,0.0034210924608897263,0.08067375886524823,1,177,310
W0000207,36,17,19,37.0,17.0,20.0,0.0016438045680341059,0.002010858530616378,0.07563025210084033,2,140,275
W0000208,40,20,20,40.0,20.0,20.0,0.0017688814582076935,0.0018702463605058768,0.09743589743589744,0,179,276
W0000209,43,27,16,43.0,27.0,16.0,0.0022777158170922372,0.002202790155160144,0.09856035437430787,0,179,247
W0000210,48,21,27,48.0,21.0,27.0,0.0022629783584033284,0.0034793850223179225,0.0851063829787234,1,177,320
W0000211,51,26,25,52.0,27.0,25.0,0.002300840809323423,0.004047242874700179,0.07482993197278912,0,179,345
W0000212,38,22,16,39.0,22.0,17.0,0.0019456509905449297,0.0020910221695320725,0.07507507507507508,2,140,242
W0000213,37,21,16,38.0,22.0,16.0,0.001909448086360832,0.001714947034629043,0.08571428571428572,2,140,255
W0000214,40,26,14,41.0,26.0,15.0,0.0022894761431095628,0.0022033751605986442,0.08461538461538462,1,177,243
W0000215,48,28,20,48.0,28.0,20.0,0.002480155594531918,0.003160618234845907,0.0786308973172988,0,179,280
W0000216,31,18,13,31.0,18.0,13.0,0.0015653815664218177,0.0013008153788576509,0.1206896551724138,0,179,258
W0000217,42,20,22,42.0,20.0,22.0,0.0017577069579767283,0.002428736358156693,0.08246225319396051,1,177,269
W0000218,39,20,19,40.0,21.0,19.0,0.0019575576664758424,0.002231664606138783,0.07152496626180836,1,177,261
W0000219,54,29,25,55.0,30.0,25.0,0.0022395427288927276,0.003586045929225208,0.08944793850454227,2,140,331
W0000220,33,18,15,34.0,19.0,15.0,0.0017331939970700117,0.0016126238149535648,0.07765151515151515,2,140,210
W0000221,43,20,23,46.0,23.0,23.0,0.0022613971720232685,0.0024862647779910906,0.1073170731707317,2,140,312
W0000222,49,28,21,51.0,28.0,23.0,0.0023715847285340607,0.003027594235978168,0.07712765957446809,3,4,277
W0000223,42,22,20,44.0,24.0,20.0,0.0022420855017402106,0.0026358135265840917,0.10975609756097561,0,179,305
W0000224,46,21,25,47.0,21.0,26.0,0.002087770630315003,0.0030759513535644975,0.09090909090909091,0,179,340
W0000225,39,24,15,40.0,25.0,15.0,0.002182433072445752,0.0020181462106710077,0.09176788124156546,0,179,293
W0000226,40,22,18,41.0,23.0,18.0,0.0020033684643855744,0.001958051764806237,0.08636977058029689,0,179,231
W0000227,44,23,21,45.0,23.0,22.0,0.0020969394528415897,0.002444755290890778,0.10887949260042283,2,140,287
W0000228,44,24,20,45.0,25.0,20.0,0.0023693130218053614,0.0028762038540796593,0.09936575052854123,2,140,296
W0000229,38,20,18,41.0,20.0,21.0,0.0017860419976920595,0.0020427526111084842,0.06456456456456457,0,179,263
W0000230,37,16,21,39.0,17.0,22.0,0.0015981944811700216,0.0017595678723512915,0.0945945945945946,0,179,287
W0000231,40,20,20,42.0,22.0,20.0,0.002189263205702363,0.0024016090435610674,0.07422402159244265,0,179,306
W0000232,48,34,14,52.0,36.0,16.0,0.002790469469938694,0.0023435662028343514,0.10372340425531915,2,140,214
W0000233,43,23,20,46.0,26.0,20.0,0.0021335295747238517,0.002203011056201116,0.10336817653890824,2,140,259
W0000234,34,16,18,34.0,16.0,18.0,0.0014102402684269145,0.0015730471058721595,0.09269162210338681,1,177,250
W0000235,52,22,30,55.0,23.0,32.0,0.0018034853011430836,0.0032381296598184123,0.09276018099547512,1,177,351
W0000236,34,20,14,36.0,22.0,14.0,0.0017413929261463146,0.0013344368127637847,0.13636363636363635,1,177,226
W0000237,45,23,22,48.0,24.0,24.0,0.0022645315051319876,0.0029711923885358507,0.08686868686868687,0,179,290
W0000238,59,22,37,64.0,25.0,39.0,0.002269063489076147,0.004796554109204465,0.09860859044162129,2,140,403
W0000239,43,24,19,44.0,24.0,20.0,0.0021442983056555575,0.002438302567401659,0.0859465737514518,2,140,250
W0000240,36,17,19,36.0,17.0,19.0,0.0017133805828270935,0.0017160020113154045,0.07777777777777778,1,177,265
W0000241,44,18,26,46.0,19.0,27.0,0.001788203344251454,0.0027235943037893576,0.08362369337979095,0,179,341
W0000242,81,29,52,87.0,32.0,55.0,0.0023445946102367272,0.007325567969406396,0.08016877637130802,1,177,397
W0000243,45,25,20,47.0,27.0,20.0,0.002616400531419115,0.0031756521803262255,0.09936575052854123,0,179,340
W0000244,45,26,19,46.0,27.0,19.0,0.002417815425321289,0.0026723627383449223,0.1014799154334038,2,140,287
W0000245,33,17,16,33.0,17.0,16.0,0.0014572240592499995,0.0013656628667696135,0.0967741935483871,1,177,246
W0000246,37,17,20,39.0,19.0,20.0,0.0017083076548911206,0.0017994269515122262,0.06825396825396825,0,179,279
W0000247,35,17,18,36.0,17.0,19.0,0.0015390561513615453,0.0015321559962857474,0.0957983193277311,1,177,275
W0000248,33,16,17,35.0,18.0,17.0,0.0015639196355412763,0.001368064495288554,0.09475806451612903,2,140,256
W0000249,43,26,17,45.0,28.0,17.0,0.0024681487072621623,0.0023904494852450622,0.07682926829268293,0,179,270
W0000250,30,18,12,31.0,19.0,12.0,0.0017886644014591942,0.0012104441409352728,0.0812807881773399,0,179,202
W0000251,45,23,22,46.0,23.0,23.0,0.0021686076807026305,0.002937769735113918,0.08130081300813008,0,179,296
W0000252,48,26,22,49.0,27.0,22.0,0.0020916362379783822,0.0030606209288477665,0.08687943262411348,2,140,278
W0000253,46,28,18,47.0,29.0,18.0,0.00251418452646488,0.0028695620272333193,0.08115942028985507,0,179,271
W0000254,57,32,25,57.0,32.0,25.0,0.0026410390967411047,0.004526768545326147,0.09090909090909091,0,179,313
W0000255,41,22,19,42.0,23.0,19.0,0.0019255506108012055,0.0021077284328778444,0.10128205128205128,1,177,255
W0000256,44,20,24,44.0,20.0,24.0,0.0016501279927359077,0.002243847664641135,0.10220673635307782,1,177,309
W0000257,42,19,23,43.0,19.0,24.0,0.001957091056582329,0.0025658395046447265,0.09639953542392567,2,140,327
W0000258,46,20,26,49.0,21.0,28.0,0.0018209218344049302,0.0026934611960770845,0.09696969696969697,1,177,312
W0000259,78,22,56,83.0,23.0,60.0,0.0020892289013668174,0.006686562489388015,0.08701754385964912,0,179,404
W0000260,52,26,26,53.0,26.0,27.0,0.002228472426602374,0.0036079813673327815,0.0942684766214178,2,140,312
W0000261,38,19,19,39.0,20.0,19.0,0.0019273002796543646,0.0022028306545911003,0.09388335704125178,0,179,297
W0000262,48,24,24,48.0,24.0,24.0,0.0020408222856736864,0.00305457905226407,0.08985507246376812,2,140,313
W0000263,45,24,21,46.0,24.0,22.0,0.0020188932948252726,0.002481937907508982,0.11313131313131314,1,177,286
W0000264,34,17,17,34.0,17.0,17.0,0.0017068458245888007,0.0016944361421668366,0.0873440285204991,1,177,262
W0000265,34,17,17,35.0,18.0,17.0,0.0014820911746811632,0.00136817162721126,0.11931818181818182,2,140,264
W0000266,36,17,19,36.0,17.0,19.0,0.0013773896245612362,0.0014487522687750675,0.1349206349206349,1,177,306
W0000267,50,27,23,52.0,28.0,24.0,0.00227016357332212,0.003106018308428306,0.10857142857142857,2,140,331
W0000268,47,24,23,48.0,24.0,24.0,0.0021453673955213973,0.0029293486708136655,0.07585568917668825,1,177,304
W0000269,40,19,21,40.0,19.0,21.0,0.0018073577943937143,0.00214824311207606,0.09672830725462304,1,177,274
W0000270,51,26,25,53.0,26.0,27.0,0.0022516489228428904,0.0035084867725718636,0.11183673469387755,1,177,309
W0000271,35,18,17,37.0,18.0,19.0,0.0017734233582231596,0.0020112989347121665,0.06050420168067227,2,140,256
W0000272,37,18,19,37.0,18.0,19.0,0.0016618232611027074,0.0017836229314045534,0.1006006006006006,1,177,256
W0000273,40,23,17,41.0,23.0,18.0,0.002038598555823205,0.0022365091561469194,0.07692307692307693,1,177,243
W0000274,34,20,14,35.0,21.0,14.0,0.0018518572144249003,0.0015506952231473241,0.0873440285204991,2,140,208
W0000275,31,15,16,32.0,16.0,16.0,0.001477550332743163,0.0014145752555651703,0.1053763440860215,1,177,292
W0000276,46,26,20,47.0,26.0,21.0,0.002207912591457822,0.002621935263823944,0.08695652173913043,1,177,274
W0000277,38,17,21,38.0,17.0,21.0,0.0014190486987088495,0.0017756663917136964,0.09388335704125178,0,179,280
W0000278,42,21,21,43.0,21.0,22.0,0.0017258931118202822,0.0023872432363642067,0.07560975609756097,2,140,315
W0000279,50,26,24,50.0,26.0,24.0,0.002358465612968747,0.0035855097198849166,0.09250693802035152,0,179,307
W0000280,36,15,21,36.0,15.0,21.0,0.0013811824096617068,0.0017228081647321176,0.06825396825396825,1,177,259
W0000281,46,31,15,47.0,32.0,15.0,0.0028640799214417144,0.0024855057762839554,0.09565217391304348,0,179,221
W0000282,44,25,19,46.0,27.0,19.0,0.002192758043544881,0.0025951891881285235,0.09408033826638477,2,140,276
W0000283,39,18,21,39.0,18.0,21.0,0.0016251594502174386,0.001966032013692425,0.09388335704125178,0,179,286
W0000284,39,20,19,39.0,20.0,19.0,0.0018083972431396545,0.001967812889903791,0.09446693657219973,1,177,264
W0000285,38,20,18,39.0,21.0,18.0,0.0019920667382752294,0.0021154436656794094,0.09009009009009009,0,179,267
W0000286,44,24,20,45.0,24.0,21.0,0.0022362303212239754,0.003173625218175382,0.11416490486257928,1,177,327
W0000287,35,19,16,36.0,20.0,16.0,0.0018263168446348752,0.0016174877163833434,0.0962566844919786,0,179,247
W0000288,30,15,15,31.0,16.0,15.0,0.0015234051232478627,0.001364231956172744,0.0812807881773399,0,179,239
W0000289,29,15,14,30.0,16.0,14.0,0.0014003793247354458,0.0010466894033766987,0.10344827586206896,0,179,205
W0000290,36,20,16,37.0,21.0,16.0,0.0018579629623930206,0.0017572732010174075,0.09206349206349207,1,177,224
W0000291,51,34,17,52.0,34.0,18.0,0.0030042820003654274,0.0033652881571751845,0.08734693877551021,1,177,256
W0000292,53,23,30,53.0,23.0,30.0,0.002058724981817125,0.0037071778575080575,0.08853410740203194,2,140,325
W0000293,49,28,21,49.0,28.0,21.0,0.0026320630930703037,0.003473358905679339,0.08418367346938775,2,140,288
W0000294,47,26,21,47.0,26.0,21.0,0.0023129280807418287,0.0030499691900370664,0.07729468599033816,2,140,279
W0000295,40,22,18,43.0,23.0,20.0,0.0019288635077011735,0.002162219430025704,0.09358974358974359,2,140,282
W0000296,40,22,18,42.0,23.0,19.0,0.002157910878655339,0.0021991259599920612,0.0782051282051282,1,177,242
W0000297,60,25,35,61.0,25.0,36.0,0.002371472056001341,0.005149173668853411,0.08892921960072596,2,140,362
W0000298,55,25,30,56.0,25.0,31.0,0.002254426281623997,0.00430214292489063,0.0734006734006734,0,179,353
W0000299,37,17,20,37.0,17.0,20.0,0.0015955288231342588,0.0020524768379035644,0.09206349206349207,2,140,303
W0000300,31,17,14,32.0,18.0,14.0,0.0016667451427181982,0.0012188781361026706,0.10752688172043011,2,140,212
W0000301,31,17,14,32.0,18.0,14.0,0.001689626677652956,0.0013831978261081145,0.0735632183908046,2,140,223
W0000302,45,23,22,46.0,24.0,22.0,0.0020756181453117297,0.002854549170153139,0.08383838383838384,1,177,330
W0000303,52,22,30,53.0,22.0,31.0,0.0020015355655995685,0.0035242652391091916,0.07993966817496229,0,179,349
W0000304,41,22,19,41.0,22.0,19.0,0.0018403113851553532,0.002084959998176088,0.08170731707317073,1,177,248
W0000305,38,16,22,39.0,16.0,23.0,0.0016837120883188912,0.002121461710071103,0.08708708708708708,1,177,272
W0000306,45,25,20,45.0,25.0,20.0,0.0024425179124808374,0.0030552229845101425,0.08383838383838384,0,179,285
W0000307,51,28,23,54.0,30.0,24.0,0.0026338834328711418,0.003633275821456154,0.08163265306122448,0,179,305
W0000308,34,19,15,34.0,19.0,15.0,0.0018716855912776541,0.001700372028544665,0.09848484848484848,0,179,227
W0000309,40,22,18,41.0,22.0,19.0,0.0020051939953910696,0.002122364314811263,0.08367071524966262,2,140,256
W0000310,46,25,21,48.0,26.0,22.0,0.002166508775083749,0.0026606126297683695,0.1072463768115942,0,179,322
W0000311,47,25,22,48.0,26.0,22.0,0.002132554557748639,0.002887854869969217,0.1109936575052854,1,177,287
W0000312,39,22,17,40.0,23.0,17.0,0.0018204606967260708,0.001979208258947285,0.09815078236130868,0,179,265
W0000313,58,21,37,59.0,22.0,37.0,0.0020618175094607827,0.004020555039436773,0.08590441621294616,2,140,361
W0000314,40,19,21,40.0,19.0,21.0,0.0017820333182252289,0.0021504462731879266,0.08333333333333333,0,179,300
W0000315,43,22,21,45.0,24.0,21.0,0.002299728652204093,0.0026283159859476586,0.10188261351052048,0,179,313
W0000316,71,24,47,74.0,24.0,50.0,0.0020253318682743756,0.005723854560814998,0.08737060041407868,1,177,408
W0000317,48,26,22,51.0,28.0,23.0,0.002188177457951354,0.002955583855958394,0.0966183574879227,2,140,300
W0000318,30,16,14,32.0,17.0,15.0,0.0017240646975680844,0.0013437595891883597,0.08505747126436781,1,177,264
W0000319,50,28,22,51.0,28.0,23.0,0.0022506398744979645,0.003267831531584293,0.07712765957446809,1,177,298
W0000320,29,15,14,29.0,15.0,14.0,0.0014908372270797331,0.0012037656727260314,0.06084656084656084,2,140,210
W0000321,35,19,16,35.0,19.0,16.0,0.0017475778838420431,0.00159380410374219,0.10756302521008404,0,179,264
W0000322,52,26,26,53.0,27.0,26.0,0.002404042702652759,0.003725322664762743,0.0963265306122449,2,140,335
W0000323,41,17,24,42.0,17.0,25.0,0.0014840509837904044,0.002079328453885051,0.08534850640113797,2,140,308
W0000324,52,27,25,54.0,28.0,26.0,0.002389225139501401,0.003475088073671492,0.1033182503770739,0,179,326
W0000325,44,22,22,44.0,22.0,22.0,0.00213012295924176,0.0027966430644894608,0.10077519379844961,0,179,311
W0000326,50,26,24,52.0,27.0,25.0,0.002124267314198707,0.0034812008664118813,0.08081632653061224,0,179,335
W0000327,45,23,22,46.0,23.0,23.0,0.00210247311278509,0.002774635532522107,0.07822410147991543,0,179,293
W0000328,50,25,25,52.0,27.0,25.0,0.002332244365415693,0.0035824836092856,0.10106382978723404,2,140,354
W0000329,58,35,23,61.0,36.0,25.0,0.002925582491831924,0.004504811485300143,0.10101010101010101,0,179,290
W0000330,36,20,16,37.0,21.0,16.0,0.0019200120701204837,0.0017620283306416307,0.08888888888888889,2,140,247
W0000331,71,31,40,75.0,32.0,43.0,0.002639593219644279,0.0065744143628610275,0.09121909633418585,2,140,394
W0000332,38,19,19,39.0,19.0,20.0,0.001677489685650754,0.0018262807861008138,0.07507507507507508,1,177,284
W0000333,25,12,13,26.0,12.0,14.0,0.0012709265474579326,0.0009471549058849504,0.05,0,179,200
W0000334,45,25,20,46.0,25.0,21.0,0.002173419303792843,0.002801021060494058,0.08888888888888889,1,177,279
W0000335,43,20,23,44.0,21.0,23.0,0.001849510300071056,0.0026745319733769753,0.1254355400696864,1,177,358
W0000336,37,17,20,38.0,17.0,21.0,0.0014751730836379566,0.0018511126560570679,0.0761904761904762,2,140,286
W0000337,40,24,16,40.0,24.0,16.0,0.00219745209507667,0.002002871509167406,0.09041835357624832,0,179,239
W0000338,53,29,24,54.0,29.0,25.0,0.0028504545453259,0.004016110611360045,0.11010558069381599,0,179,339
W0000339,91,23,68,93.0,24.0,69.0,0.002068173579991272,0.008013965312155171,0.09863672814755413,0,179,409
W0000340,44,24,20,46.0,24.0,22.0,0.002076293494868121,0.0028152865701570207,0.08748615725359911,1,177,290
W0000341,53,27,26,54.0,28.0,26.0,0.002529487058851913,0.004106659663513026,0.09579100145137881,2,140,328
W0000342,39,22,17,41.0,23.0,18.0,0.0018877376101003548,0.0020169331796389463,0.08097165991902834,0,179,249
W0000343,41,19,22,44.0,21.0,23.0,0.001635943488952839,0.002140896612740695,0.09615384615384616,1,177,329
W0000344,44,22,22,46.0,24.0,22.0,0.0024767756666325487,0.0029315223809809883,0.09407665505226481,1,177,304
W0000345,55,17,38,59.0,17.0,42.0,0.0013902045066588264,0.0032033811512144294,0.09562289562289562,1,177,372
W0000346,38,20,18,39.0,20.0,19.0,0.0018648134380003577,0.002130810591095843,0.09672830725462304,0,179,259
W0000347,36,18,18,37.0,19.0,18.0,0.0017183484651657243,0.0018786947052745408,0.07142857142857142,1,177,258
W0000348,49,29,20,50.0,30.0,20.0,0.002535165193879889,0.003167557242971885,0.09343200740055504,2,140,278
W0000349,47,26,21,48.0,26.0,22.0,0.002638429747167369,0.003252525874117087,0.09696969696969697,0,179,318
W0000350,56,25,31,60.0,29.0,31.0,0.002568422616466324,0.004081237378041877,0.09805194805194806,2,140,340
W0000351,42,22,20,44.0,24.0,20.0,0.002117863988175903,0.002345226736229427,0.07195121951219512,2,140,259
W0000352,58,23,35,59.0,23.0,36.0,0.002228495924095325,0.004630290092407547,0.09022556390977443,1,177,358
W0000353,49,26,23,49.0,26.0,23.0,0.0022103947131186324,0.003224845414262758,0.08503401360544217,1,177,328
W0000354,44,28,16,44.0,28.0,16.0,0.0023773404639073313,0.0022832983011395525,0.09619450317124736,1,177,258
W0000355,51,26,25,51.0,26.0,25.0,0.0022524710640864443,0.003599964873984986,0.0946938775510204,0,179,345
W0000356,42,21,21,43.0,22.0,21.0,0.002047574046941721,0.002555805126132318,0.09146341463414634,1,177,310
W0000357,47,24,23,48.0,25.0,23.0,0.0023690453489403993,0.0032545020158566917,0.09468599033816426,0,179,333
W0000358,40,24,16,41.0,24.0,17.0,0.0020433688549704237,0.0018917118827098563,0.1141025641025641,1,177,256
W0000359,40,20,20,40.0,20.0,20.0,0.0017291883254735882,0.002246119813134311,0.08906882591093117,0,179,297
W0000360,34,9,25,34.0,9.0,25.0,0.001013621714735387,0.0012995334627190797,0.0784313725490196,1,177,332
W0000361,43,20,23,46.0,22.0,24.0,0.002080512957512665,0.0023594282973448248,0.10631229235880399,0,179,283
W0000362,52,26,26,52.0,26.0,26.0,0.0022914731384011894,0.003583134939056045,0.09019607843137255,0,179,330
W0000363,44,19,25,45.0,19.0,26.0,0.0016789025343650833,0.0023750643550540696,0.10782241014799154,0,179,317
W0000364,41,18,23,42.0,18.0,24.0,0.0015882516510668928,0.002115867650296589,0.08974358974358974,1,177,296
W0000365,44,24,20,47.0,25.0,22.0,0.0024005333648108476,0.002686243093898169,0.09619450317124736,0,179,275
W0000366,36,14,22,38.0,15.0,23.0,0.0013991331029248521,0.0015741061903560812,0.08907563025210084,2,140,313
W0000367,39,18,21,40.0,19.0,21.0,0.0019153345864873867,0.002138650205920416,0.08906882591093117,0,179,276
W0000368,39,20,19,40.0,20.0,20.0,0.0015889264383714859,0.0018295076504389488,0.09716599190283401,0,179,289
W0000369,44,22,22,48.0,26.0,22.0,0.001978142174872765,0.0027208327214332238,0.0824524312896406,2,140,327
W0000370,43,21,22,44.0,22.0,22.0,0.001976685438626392,0.0025822085617805655,0.09080841638981174,1,177,306
W0000371,35,17,18,36.0,18.0,18.0,0.0015285758257299396,0.001487443208639512,0.0957983193277311,2,140,255
W0000372,33,16,17,33.0,16.0,17.0,0.001561212719033792,0.0014760014515448699,0.0907258064516129,1,177,259
W0000373,46,23,23,46.0,23.0,23.0,0.0020204903567326523,0.002852548857353548,0.07536231884057971,2,140,288
W0000374,51,16,35,52.0,16.0,36.0,0.0016186938096386327,0.0031024467395996944,0.07686274509803921,1,177,349
W0000375,49,19,30,51.0,20.0,31.0,0.0017435283674280483,0.0028755774290354086,0.09805735430157261,0,179,359
W0000376,30,14,16,32.0,15.0,17.0,0.0014733720116972089,0.0012680447887162911,0.10837438423645321,2,140,258
W0000377,61,25,36,62.0,26.0,36.0,0.0023170067344615007,0.004624128799031116,0.09059029807130334,0,179,355
W0000378,38,22,16,40.0,23.0,17.0,0.0019158118781297693,0.001840994234759931,0.07507507507507508,2,140,239
W0000379,36,18,18,37.0,19.0,18.0,0.0016821350607197846,0.0016134427318266985,0.1111111111111111,2,140,253
W0000380,37,14,23,38.0,14.0,24.0,0.0015984323356275725,0.002006170968884671,0.09009009009009009,2,140,307
W0000381,60,33,27,61.0,34.0,27.0,0.0027218423107933493,0.004887104618052354,0.09273182957393483,2,140,348
W0000382,35,21,14,37.0,22.0,15.0,0.0018724505371524479,0.0014703229951357098,0.08901515151515152,1,177,243
W0000383,44,24,20,45.0,25.0,20.0,0.0020817310859932094,0.0027786127712611363,0.08084163898117387,0,179,295
W0000384,37,17,20,38.0,17.0,21.0,0.0014881330468306656,0.0017521144988413375,0.08258258258258258,0,179,280
W0000385,46,19,27,46.0,19.0,27.0,0.0018167083511062498,0.0028576460729425766,0.09951690821256039,1,177,354
W0000386,42,21,21,43.0,22.0,21.0,0.00190454788099085,0.0025004700622318684,0.10121951219512196,2,140,321
W0000387,70,26,44,72.0,26.0,46.0,0.00254566726629386,0.00649211067967058,0.09663461538461539,0,179,397
W0000388,36,17,19,38.0,19.0,19.0,0.001715607228804168,0.0018947630254743252,0.09982174688057041,0,179,332
W0000389,45,23,22,45.0,23.0,22.0,0.001955124746994331,0.0025728860114320926,0.10404040404040404,2,140,296
W0000390,47,26,21,47.0,26.0,21.0,0.0022721354608261626,0.002915920955516839,0.08309178743961353,1,177,308
W0000391,35,19,16,35.0,19.0,16.0,0.0017327071082715896,0.001624304411511305,0.07899159663865546,2,140,237
W0000392,49,29,20,50.0,29.0,21.0,0.0028207157664494847,0.00343547868412244,0.08418367346938775,1,177,260
W0000393,28,12,16,30.0,14.0,16.0,0.001551875163414191,0.0010000428780366538,0.12698412698412698,0,179,258
W0000394,42,20,22,43.0,20.0,23.0,0.001970095576506091,0.0024611577036924136,0.08292682926829269,1,177,304
W0000395,48,23,25,50.0,24.0,26.0,0.001981109678463945,0.003104284493030575,0.09371980676328502,0,179,346
W0000396,40,14,26,41.0,14.0,27.0,0.0014536031569625817,0.0020622104689469005,0.08636977058029689,0,179,318
W0000397,35,21,14,35.0,21.0,14.0,0.0018229526412826733,0.0016353192317563978,0.10795454545454546,0,179,243
W0000398,99,29,70,110.0,31.0,79.0,0.0028356101158990826,0.011425306147023834,0.09100877192982457,2,140,409
W0000399,31,18,13,31.0,18.0,13.0,0.001724801062246345,0.0012686249780495531,0.08735632183908046,2,140,174
W0000400,42,20,22,42.0,20.0,22.0,0.0019269121801125696,0.0028397294565482307,0.08658536585365853,2,140,312
W0000401,27,13,14,29.0,15.0,14.0,0.001351375553888372,0.0009740960387513881,0.09686609686609686,0,179,254
W0000402,41,26,15,42.0,27.0,15.0,0.002186180813848411,0.0019613797502174312,0.09615384615384616,1,177,240
W0000403,36,18,18,38.0,20.0,18.0,0.0020271835277771836,0.0020200520607592653,0.08253968253968254,2,140,287
W0000404,47,24,23,47.0,24.0,23.0,0.0021051614414324257,0.0032986932378013954,0.08139534883720931,1,177,332
W0000405,34,18,16,34.0,18.0,16.0,0.0016410413857335287,0.0015676798251523633,0.07954545454545454,0,179,257
W0000406,80,23,57,82.0,23.0,59.0,0.002116237992216881,0.00690763220654741,0.08191808191808192,0,179,403
W0000407,45,26,19,45.0,26.0,19.0,0.0022783404757258496,0.00278954235320719,0.08282828282828283,1,177,280
W0000408,87,22,65,94.0,24.0,70.0,0.0021657527566657096,0.008005632653892043,0.08456790123456791,0,179,411
W0000409,55,28,27,55.0,28.0,27.0,0.0023704544694616836,0.004168635498079917,0.10180995475113122,1,177,344
W0000410,32,16,16,32.0,16.0,16.0,0.001412746922317272,0.0013433252911987815,0.07526881720430108,2,140,255
W0000411,37,21,16,38.0,21.0,17.0,0.0017782212633495886,0.0017228318235283449,0.09411764705882353,2,140,248
W0000412,46,25,21,47.0,26.0,21.0,0.002326819742828264,0.002864476984951415,0.08888888888888889,2,140,289
W0000413,55,32,23,55.0,32.0,23.0,0.0025880223864216583,0.003920842439659045,0.10377358490566038,0,179,311
W0000414,45,29,16,45.0,29.0,16.0,0.002602627925342025,0.002640717776265043,0.09292929292929293,0,179,266
W0000415,47,24,23,48.0,25.0,23.0,0.002098112608792648,0.002681748543219956,0.09435707678075855,1,177,287
W0000416,38,17,21,40.0,18.0,22.0,0.0015501626541308943,0.0017651792387482438,0.08108108108108109,2,140,286
W0000417,42,25,17,42.0,25.0,17.0,0.0020798180661008555,0.0022238706484666126,0.09059233449477352,0,179,277
W0000418,38,23,15,39.0,24.0,15.0,0.002193375420865911,0.0018887320603083871,0.08961593172119488,0,179,241
W0000419,58,17,41,60.0,17.0,43.0,0.0015780274586244345,0.003422429994950973,0.09210526315789473,2,140,398
W0000420,48,20,28,49.0,20.0,29.0,0.0019512712747841946,0.003284718560752269,0.08405797101449275,1,177,338
W0000421,44,20,24,44.0,20.0,24.0,0.0018101053900457537,0.0024416557687265646,0.08668076109936575,2,140,308
W0000422,39,21,18,40.0,21.0,19.0,0.0018934335270505182,0.0020392124536536896,0.11095305832147938,1,177,253
W0000423,46,27,19,47.0,28.0,19.0,0.002211371318508167,0.0026650192797452806,0.07474747474747474,1,177,276
W0000424,39,16,23,39.0,16.0,23.0,0.0013002499524685874,0.001837666266223954,0.09103840682788052,1,177,300
W0000425,48,26,22,48.0,26.0,22.0,0.0020896576195231953,0.0029539169079071653,0.08686868686868687,1,177,282
W0000426,44,20,24,45.0,20.0,25.0,0.0018041896285831299,0.0027124479169721356,0.09523809523809523,1,177,321
W0000427,38,19,19,38.0,19.0,19.0,0.0017371506370884113,0.0019105753729048403,0.08408408408408409,2,140,281
W0000428,32,19,13,34.0,20.0,14.0,0.0018230513762213423,0.0013545333988705904,0.12043010752688173,0,179,223
W0000429,46,29,17,48.0,31.0,17.0,0.002683087784921792,0.002805656843687308,0.12525252525252525,1,177,261
W0000430,39,21,18,40.0,22.0,18.0,0.002091771114030115,0.001967683605545961,0.09041835357624832,0,179,262
W0000431,74,33,41,79.0,34.0,45.0,0.0028422008223245566,0.006976691464240659,0.09979296066252588,0,179,396
W0000432,43,20,23,43.0,20.0,23.0,0.001895192133246452,0.0027586845455445856,0.08013937282229965,1,177,308
W0000433,42,23,19,42.0,23.0,19.0,0.0018463628861023602,0.0023080333863299634,0.09407665505226481,1,177,283
W0000434,41,15,26,42.0,15.0,27.0,0.0013629714871786717,0.0019505999361031602,0.07195121951219512,2,140,320
W0000435,53,29,24,54.0,29.0,25.0,0.0023398787050144814,0.003567863170688523,0.0889894419306184,0,179,297
W0000436,57,19,38,59.0,20.0,39.0,0.0019276501780068518,0.004217554706204786,0.09220779220779221,0,179,379
W0000437,47,31,16,51.0,32.0,19.0,0.0028222164287653845,0.0027417833209907403,0.0927536231884058,1,177,242
W0000438,33,18,15,35.0,18.0,17.0,0.0014780148079952897,0.001432860118883326,0.09848484848484848,1,177,273
W0000439,55,19,36,55.0,19.0,36.0,0.001770583924302997,0.003767455503830978,0.10412299091544375,1,177,382
W0000440,37,17,20,38.0,17.0,21.0,0.0016216213698382665,0.0020839930788057485,0.0761904761904762,0,179,296
W0000441,30,15,15,30.0,15.0,15.0,0.0016134360672977886,0.0012553186198237434,0.09655172413793103,1,177,255
W0000442,43,26,17,44.0,26.0,18.0,0.0019305010935027475,0.0020690200991829743,0.0975609756097561,0,179,250
W0000443,65,21,44,66.0,21.0,45.0,0.0017140969053885246,0.0045692533401186924,0.08382936507936507,0,179,391
W0000444,37,22,15,38.0,23.0,15.0,0.001910802177754419,0.0016523278836059847,0.08108108108108109,2,140,227
W0000445,43,24,19,43.0,24.0,19.0,0.0020632322369609083,0.0023397459423706627,0.09856035437430787,0,179,273
W0000446,53,28,25,55.0,29.0,26.0,0.0024621722299022447,0.0037377260664907493,0.08220211161387632,1,177,306
W0000447,50,20,30,51.0,20.0,31.0,0.0018397461845729443,0.0031701061668030646,0.09371980676328502,2,140,342
W0000448,40,18,22,42.0,19.0,23.0,0.0017583689232489506,0.002190450985884204,0.09743589743589744,0,179,290
W0000449,31,15,16,31.0,15.0,16.0,0.001307272500033086,0.001222425525583666,0.07311827956989247,1,177,250
W0000450,47,22,25,47.0,22.0,25.0,0.0019372309076795737,0.0029326902715447584,0.08668076109936575,1,177,314
W0000451,37,20,17,38.0,20.0,18.0,0.001953400001509527,0.002087905996105294,0.09759759759759759,2,140,284
W0000452,48,22,26,49.0,22.0,27.0,0.0018278216975357439,0.0028084581153073147,0.09393939393939393,0,179,330
W0000453,45,25,20,47.0,26.0,21.0,0.002234327875177938,0.0028685655187943608,0.09696969696969697,2,140,298
W0000454,44,23,21,44.0,23.0,21.0,0.002037239030460203,0.002488684642498909,0.09966777408637874,0,179,288
W0000455,54,31,23,54.0,31.0,23.0,0.0026124321033310005,0.003662602135490888,0.09288824383164006,1,177,298
W0000456,38,23,15,39.0,24.0,15.0,0.002210245864993191,0.0020105046626969006,0.08819345661450925,0,179,242
W0000457,45,25,20,46.0,26.0,20.0,0.0020571846513061484,0.0025411302456006305,0.1014799154334038,0,179,280
W0000458,37,19,18,38.0,20.0,18.0,0.001822707676104506,0.0017897506051668135,0.09682539682539683,1,177,268
W0000459,36,13,23,36.0,13.0,23.0,0.0013463017455362107,0.001669247054568427,0.07142857142857142,1,177,312
W0000460,50,25,25,50.0,25.0,25.0,0.0023222911008262894,0.0035067979418470356,0.0963265306122449,2,140,355
W0000461,51,23,28,53.0,23.0,30.0,0.0019034825737443638,0.0033644555459520155,0.07653061224489796,0,179,328
W0000462,47,23,24,47.0,23.0,24.0,0.0022322603509831,0.00341875590893112,0.08019323671497584,0,179,308
W0000463,42,19,23,44.0,20.0,24.0,0.0017109802875934685,0.0023203543251655743,0.10853658536585366,2,140,319
W0000464,37,18,19,37.0,18.0,19.0,0.0017397688527958396,0.0017919649952761842,0.08708708708708708,1,177,258
W0000465,31,14,17,31.0,14.0,17.0,0.001635307726658678,0.0015241992035566845,0.08620689655172414,1,177,263
W0000466,40,22,18,40.0,22.0,18.0,0.0020567578765646136,0.0022333033527846065,0.1066066066066066,2,140,280
W0000467,28,15,13,28.0,15.0,13.0,0.0013653399058223509,0.001026449906075742,0.10846560846560846,1,177,206
W0000468,35,18,17,36.0,19.0,17.0,0.0017132707352730515,0.0015909800312155719,0.1140819964349376,2,140,264
W0000469,44,20,24,45.0,20.0,25.0,0.0017950777320559735,0.002596925860589929,0.09830866807610994,1,177,342
W0000470,35,21,14,35.0,21.0,14.0,0.002004828136975194,0.0017101648209944345,0.08235294117647059,1,177,218
W0000471,59,22,37,59.0,22.0,37.0,0.0021568214355094633,0.004703404609275801,0.0852994555353902,1,177,362
W0000472,41,24,17,41.0,24.0,17.0,0.0021339377800912236,0.0023061897086433755,0.08902439024390243,0,179,249
W0000473,38,19,19,38.0,19.0,19.0,0.001863285473254999,0.0019962087062587496,0.0953058321479374,0,179,289
W0000474,32,18,14,33.0,19.0,14.0,0.0016436279031179796,0.0013209712198135781,0.10752688172043011,1,177,232
W0000475,38,21,17,38.0,21.0,17.0,0.0018197470204120072,0.0017479177370881716,0.1036036036036036,2,140,245
W0000476,38,19,19,39.0,20.0,19.0,0.001874905212145281,0.0018540626815025639,0.10384068278805121,0,179,282
W0000477,60,21,39,60.0,21.0,39.0,0.001783836477748936,0.004362575815864736,0.08870056497175141,0,179,371
W0000478,53,26,27,53.0,26.0,27.0,0.002566996331073942,0.00389271066054249,0.08392156862745098,0,179,315
W0000479,57,17,40,60.0,17.0,43.0,0.001729193114353517,0.0038137326322414448,0.09740259740259741,1,177,374
W0000480,64,18,46,68.0,19.0,49.0,0.00181314848935987,0.004618744714688245,0.07885304659498207,1,177,406
W0000481,32,17,15,33.0,17.0,16.0,0.0015443887393779502,0.0013669725432990361,0.0896551724137931,2,140,246
W0000482,43,22,21,43.0,22.0,21.0,0.002060514720706909,0.002501889030306474,0.08943089430894309,1,177,285
W0000483,35,20,15,36.0,20.0,16.0,0.001870225307347147,0.001684613450489482,0.07196969696969698,0,179,216
W0000484,45,21,24,46.0,22.0,24.0,0.0018175568464198141,0.0024061925370406864,0.08194905869324474,2,140,311
W0000485,48,28,20,48.0,28.0,20.0,0.00238722780973813,0.0032124714708556988,0.08776595744680851,0,179,286
W0000486,26,13,13,27.0,14.0,13.0,0.0012966355374595773,0.0009308822705795107,0.10461538461538461,1,177,203
W0000487,40,24,16,40.0,24.0,16.0,0.002154064801311402,0.0023859966829847,0.09487179487179487,0,179,296
W0000488,46,17,29,48.0,17.0,31.0,0.0015477724894658721,0.0026461464906452,0.09082125603864734,0,179,340
W0000489,46,27,19,47.0,27.0,20.0,0.0024233356636594165,0.0029611863397721,0.08686868686868687,1,177,286
W0000490,34,10,24,34.0,10.0,24.0,0.001006810912056936,0.0012557573892866864,0.09982174688057041,2,140,334
W0000491,48,24,24,48.0,24.0,24.0,0.00209492835975699,0.00325189527028938,0.08309178743961353,0,179,325
W0000492,46,21,25,46.0,21.0,25.0,0.0020053349654789105,0.0032095998842171986,0.05919661733615222,0,179,322
W0000493,40,21,19,40.0,21.0,19.0,0.0017582358335919298,0.0020860995187998426,0.09871794871794871,1,177,290
W0000494,51,26,25,51.0,26.0,25.0,0.0021546771275830524,0.0032158170047756163,0.08734693877551021,0,179,301
W0000495,48,24,24,48.0,24.0,24.0,0.0021673310935744258,0.002902669262255408,0.08888888888888889,1,177,290
W0000496,55,27,28,56.0,28.0,28.0,0.002132254940648989,0.0038186754696044383,0.09502262443438914,1,177,326
W0000497,42,21,21,44.0,22.0,22.0,0.0018051774735131608,0.0022231539575219435,0.08780487804878048,2,140,305
W0000498,43,24,19,45.0,26.0,19.0,0.002405218621425943,0.0024947292444932774,0.06852497096399536,1,177,237
W0000499,38,18,20,40.0,20.0,20.0,0.001662608168609281,0.0018306938598727789,0.1066066066066066,0,179,272
W0000500,49,25,24,50.0,25.0,25.0,0.0020771913538896883,0.00328288215370949,0.08503401360544217,2,140,319
