wallet_id,isolation_forest_anomaly_score,isolation_forest_flag
W0000001,0.47099961396327283,1
W0000002,0.4651204848560282,1
W0000003,0.21228240537124476,1
W0000004,0.40806879609422964,1
W0000005,0.4019916606990772,1
W0000006,0.24502015367004903,1
W0000007,0.15743038686157285,1
W0000008,0.22359752695488733,1
W0000009,0.31247235302759024,1
W0000010,0.27337106026088875,1
W0000011,0.528055649535247,1
W0000012,0.42290441833012016,1
W0000013,0.14555249838407758,1
W0000014,0.3404616021526007,1
W0000015,0.267348859629168,1
W0000016,0.2403110927833355,1
W0000017,0.25292228963521957,1
W0000018,0.535636403099226,1
W0000019,0.49689117345620804,1
W0000020,0.41457643529281074,1
W0000021,0.38004285322815023,1
W0000022,0.4089566215087481,1
W0000023,0.15006541335427637,1
W0000024,0.447237310465351,1
W0000025,0.24160017769207054,1
W0000026,0.1527991114361107,1
W0000027,0.18488997709106736,1
W0000028,0.393613654873223,1
W0000029,0.16880879716691732,1
W0000030,0.17458442365792715,1
W0000031,0.3614608765830719,1
W0000032,0.1313042193882017,1
W0000033,0.13178866956920943,1
W0000034,0.08683080869683646,1
W0000035,0.1643292014731892,1
W0000036,0.17434275486063466,1
W0000037,0.1483865506166543,1
W0000038,0.10753552935145505,1
W0000039,0.32447208456200227,1
W0000040,0.4733037415699014,1
W0000041,0.16718706223774504,1
W0000042,0.22211136386485497,1
W0000043,0.14948348678176704,1
W0000044,0.27814655837819857,1
W0000045,0.1450202451996877,1
W0000046,0.1753948042253517,1
W0000047,0.21018343716726928,1
W0000048,0.16122314998738607,1
W0000049,0.45800906120040674,1
W0000050,0.27448504812400243,1
W0000051,0.06192783537610724,1
W0000052,0.16102796839334887,1
W0000053,0.22857539934272775,1
W0000054,0.2716085363013664,1
W0000055,0.18230145833788292,1
W0000056,0.4002570254384914,1
W0000057,0.19326202549812477,1
W0000058,0.5027764156467799,1
W0000059,0.13031564946919239,1
W0000060,0.251015750214729,1
W0000061,0.1991256930133588,1
W0000062,0.4419111554536015,1
W0000063,0.1483417605485039,1
W0000064,0.26467959970325594,1
W0000065,0.2648408140224221,1
W0000066,0.200358585624285,1
W0000067,0.17739751276232762,1
W0000068,0.14708156208027456,1
W0000069,0.2278261086683313,1
W0000070,0.2970034982196682,1
W0000071,0.20588498469037975,1
W0000072,0.29107336680978635,1
W0000073,0.23722336855599535,1
W0000074,0.24176765767656272,1
W0000075,0.13104775259064827,1
W0000076,0.2792706180379907,1
W0000077,0.17996702353937277,1
W0000078,0.197647207278292,1
W0000079,0.22528775155350445,1
W0000080,0.596942049904287,1
W0000081,0.3455165410377872,1
W0000082,0.24308759283432546,1
W0000083,0.15356999899537105,1
W0000084,0.15661213230735027,1
W0000085,0.22379277756263438,1
W0000086,0.1852027770796575,1
W0000087,0.24310994473104375,1
W0000088,0.2926630963688357,1
W0000089,0.15450456386032385,1
W0000090,0.15674609208716028,1
W0000091,0.24264832640095668,1
W0000092,0.23880136679059094,1
W0000093,0.21840759908927376,1
W0000094,0.34942952439588726,1
W0000095,0.12254594513429395,1
W0000096,0.09482871845355667,1
W0000097,0.12205096900343326,1
W0000098,0.49455129118038244,1
W0000099,0.13733354681853682,1
W0000100,0.0717138502533583,1
W0000101,0.47316123358189566,1
W0000102,0.19488141732640807,1
W0000103,0.09149300701786822,1
W0000104,0.2866722580203376,1
W0000105,0.2900258178041002,1
W0000106,0.14153062547259698,1
W0000107,0.30961105449751825,1
W0000108,0.3186632590488261,1
W0000109,0.22423350914083484,1
W0000110,0.1865807139804534,1
W0000111,0.1350584919675928,1
W0000112,0.7311342015751223,1
W0000113,0.4007449510771761,1
W0000114,0.3027834698345906,1
W0000115,0.09627967651295255,1
W0000116,0.28949399827441247,1
W0000117,0.3249698088683617,1
W0000118,0.156753137386621,1
W0000119,0.06551102941638343,1
W0000120,0.2735325045808763,1
W0000121,0.3455102478935863,1
W0000122,0.313565972415459,1
W0000123,0.24428228861156986,1
W0000124,0.41263231128327826,1
W0000125,0.17934828942182635,1
W0000126,0.21224834664009973,1
W0000127,0.1301131865303874,1
W0000128,0.14238226150981959,1
W0000129,0.3682521766690898,1
W0000130,0.1410312843595415,1
W0000131,0.3164069027526587,1
W0000132,0.03797913487639715,1
W0000133,0.2002966317329986,1
W0000134,0.46018802695312266,1
W0000135,0.3441341044594416,1
W0000136,0.21340760127541458,1
W0000137,0.16989097907399164,1
W0000138,0.20596918101256978,1
W0000139,0.0320490934456068,1
W0000140,0.5203679903935886,1
W0000141,0.3105909946339428,1
W0000142,0.29013775864977787,1
W0000143,0.3739688677677595,1
W0000144,0.22570504252046208,1
W0000145,0.28409097945215733,1
W0000146,0.2636281982578158,1
W0000147,0.2545443309181541,1
W0000148,0.3592986057062342,1
W0000149,0.1229876905077677,1
W0000150,0.393000981288808,1
W0000151,0.534821666565537,1
W0000152,0.6948587592621294,1
W0000153,0.09835850489658926,1
W0000154,0.3118517441541444,1
W0000155,0.1932249518444461,1
W0000156,0.19730445646500128,1
W0000157,0.27246592702505035,1
W0000158,0.3022758940647907,1
W0000159,0.15295041315985203,1
W0000160,0.19586843670958787,1
W0000161,0.27897311113644296,1
W0000162,0.16980373060163056,1
W0000163,0.11383599151671742,1
W0000164,0.02276134501768079,1
W0000165,0.018503717334144687,1
W0000166,0.47283889933121304,1
W0000167,0.10724350170247199,1
W0000168,0.10184226952337316,1
W0000169,0.3165761522436741,1
W0000170,0.3449176496027123,1
W0000171,0.36597853564211213,1
W0000172,0.3511486623235516,1
W0000173,0.14198962965176987,1
W0000174,0.28974867773884727,1
W0000175,0.17188992696406735,1
W0000176,0.48608407425942546,1
W0000177,0.28150742170954157,1
W0000178,0.27458435703388184,1
W0000179,0.13606918219258723,1
W0000180,0.37379062907458926,1
W0000181,0.2522348880700753,1
W0000182,0.30500614594067654,1
W0000183,0.4120546005975384,1
W0000184,0.15178483524369046,1
W0000185,0.21892934097797978,1
W0000186,0.37959266207554365,1
W0000187,0.15185362873319008,1
W0000188,0.057254839038537786,1
W0000189,0.23413151432747759,1
W0000190,0.3218117558245547,1
W0000191,0.5654157602467171,1
W0000192,0.4940543988975332,1
W0000193,0.2278570502130456,1
W0000194,0.2635767137058289,1
W0000195,0.6971901256391244,1
W0000196,0.16240158707643926,1
W0000197,0.13759278871099068,1
W0000198,0.43490508230527947,1
W0000199,0.2387964806857601,1
W0000200,0.32271986107961526,1
W0000201,0.6971361252613913,1
W0000202,0.20403057741347919,1
W0000203,0.14133178381661782,1
W0000204,0.07536030462855015,1
W0000205,0.1703754645051736,1
W0000206,0.14874765304999493,1
W0000207,0.5035832651536478,1
W0000208,0.36753328652070094,1
W0000209,0.2008878127392124,1
W0000210,0.13951798603833399,1
W0000211,0.2139268688434024,1
W0000212,0.39341190151667993,1
W0000213,0.6452351655094108,1
W0000214,0.3468528300274012,1
W0000215,0.3119110838278374,1
W0000216,0.37199582776348594,1
W0000217,0.4690283231407947,1
W0000218,0.27879338971126855,1
W0000219,0.2628278667482077,1
W0000220,0.45122235890681994,1
W0000221,0.02316521991637943,1
W0000222,0.28024653593184434,1
W0000223,0.4073679095575006,1
W0000224,0.15673897371945866,1
W0000225,0.165272046195866,1
W0000226,0.23901457657897818,1
W0000227,0.008232670577823953,1
W0000228,0.06357665989853056,1
W0000229,0.18327236944463454,1
W0000230,0.5089625939067388,1
W0000231,0.15615394005921346,1
W0000232,0.23925653436686534,1
W0000233,0.08755776682353533,1
W0000234,0.10603096203049722,1
W0000235,0.30230144894979705,1
W0000236,0.15536232711750497,1
W0000237,0.11280405276106187,1
W0000238,0.3036888991157731,1
W0000239,0.3510142246847574,1
W0000240,0.15379978143762785,1
W0000241,0.2298232169560036,1
W0000242,0.24387014807837581,1
W0000243,0.13691536687168004,1
W0000244,0.12754217051820116,1
W0000245,0.1458835489488559,1
W0000246,0.36010785539157775,1
W0000247,0.07754772091157192,1
W0000248,0.047155608980553265,1
W0000249,0.1166431615437521,1
W0000250,0.18860061698671204,1
W0000251,0.12491061001867543,1
W0000252,0.1085686955953763,1
W0000253,0.23102211179695886,1
W0000254,0.4212584948563556,1
W0000255,0.20888523967797268,1
W0000256,0.2528384908865676,1
W0000257,0.2583034423867435,1
W0000258,0.144889470906178,1
W0000259,0.21191710607964764,1
W0000260,0.17402057015575578,1
W0000261,0.23419571687745888,1
W0000262,0.0740017892354079,1
W0000263,0.23388455232826977,1
W0000264,0.24913505649825474,1
W0000265,0.3667633803529473,1
W0000266,0.1916736220801568,1
W0000267,0.19869270461477706,1
W0000268,0.18209059929334337,1
W0000269,0.17962543578634238,1
W0000270,0.2956533901986079,1
W0000271,0.3103953248572906,1
W0000272,0.0797996671456499,1
W0000273,0.3179153383841101,1
W0000274,0.09190634062752634,1
W0000275,0.19135083560857236,1
W0000276,0.3432681618131552,1
W0000277,0.14407705061997034,1
W0000278,0.16488456401489904,1
W0000279,0.19349813786903203,1
W0000280,0.2513710701879621,1
W0000281,0.2825371468259754,1
W0000282,0.21225900573342682,1
W0000283,0.16982276274595287,1
W0000284,0.25038282979817317,1
W0000285,0.1678290866241522,1
W0000286,0.1893215399451329,1
W0000287,0.2231603926791249,1
W0000288,0.21807321055409212,1
W0000289,0.38011608389669327,1
W0000290,0.19732429714304922,1
W0000291,0.1459186291840462,1
W0000292,0.21430432034598268,1
W0000293,0.22669912496840738,1
W0000294,0.09420866598031619,1
W0000295,0.1447334215083137,1
W0000296,0.049923667689598994,1
W0000297,0.2330610895009272,1
W0000298,0.3031049640429877,1
W0000299,0.38770363282223785,1
W0000300,0.28537299616781375,1
W0000301,0.5960107311289877,1
W0000302,0.1984858297050176,1
W0000303,0.32617915710473455,1
W0000304,0.22392456902558877,1
W0000305,0.09478127159547423,1
W0000306,0.11607641927566548,1
W0000307,0.2817094125593549,1
W0000308,0.10397582519304116,1
W0000309,0.13037901228698445,1
W0000310,0.2131820993095911,1
W0000311,0.23524464517721122,1
W0000312,0.3166624408682923,1
W0000313,0.19271414461191494,1
W0000314,0.21916293790272723,1
W0000315,0.45791386312188287,1
W0000316,0.2827422725706349,1
W0000317,0.16580257298789858,1
W0000318,0.4968736796422384,1
W0000319,0.17895113097188053,1
W0000320,0.3591181027560444,1
W0000321,0.2513674106351206,1
W0000322,0.026933283313499756,1
W0000323,0.14660230565454335,1
W0000324,0.5112706201614152,1
W0000325,0.7163354581723956,1
W0000326,0.41967849107205835,1
W0000327,0.19037080193030187,1
W0000328,0.1150576778073692,1
W0000329,0.27493625726774207,1
W0000330,0.3513787939954691,1
W0000331,0.3456084219846315,1
W0000332,0.24069192853497878,1
W0000333,0.36744077096691363,1
W0000334,0.16831858873602157,1
W0000335,0.21637208946001252,1
W0000336,0.10664428794874314,1
W0000337,0.17904582257765045,1
W0000338,0.1265357505925021,1
W0000339,0.4353708095637976,1
W0000340,0.10140481987456229,1
W0000341,0.21104498096213498,1
W0000342,0.4717497866098166,1
W0000343,0.3081404455926525,1
W0000344,0.1724925895052679,1
W0000345,0.4366040288510473,1
W0000346,0.10755818196035871,1
W0000347,0.15746937491228452,1
W0000348,0.4453189433384369,1
W0000349,0.22904460821514194,1
W0000350,0.25602800116573976,1
W0000351,0.14774641985969994,1
W0000352,0.20710469934492926,1
W0000353,0.1762094376877158,1
W0000354,0.19101885252510642,1
W0000355,0.23901253001588374,1
W0000356,0.3324250245568453,1
W0000357,0.3056208341493074,1
W0000358,0.3265633906471702,1
W0000359,0.21993119232501845,1
W0000360,0.17174985002568188,1
W0000361,0.09274702153053727,1
W0000362,0.15660709830688613,1
W0000363,0.19445238990227465,1
W0000364,0.037184105165053105,1
W0000365,0.11439442796285704,1
W0000366,0.2507124595025345,1
W0000367,0.432490934916374,1
W0000368,0.15726059868086384,1
W0000369,0.15192732124848962,1
W0000370,0.1591038731774449,1
W0000371,0.16861962641505046,1
W0000372,0.256271747105148,1
W0000373,0.15227631348991988,1
W0000374,0.05942720177387972,1
W0000375,0.1260564649805188,1
W0000376,0.16057994782087115,1
W0000377,0.24787072348351147,1
W0000378,0.20408440837661568,1
W0000379,0.10830402132290351,1
W0000380,0.18470035471779822,1
W0000381,0.2810046421082075,1
W0000382,0.32129033297690557,1
W0000383,0.4006304313113125,1
W0000384,0.10580371735029204,1
W0000385,0.22801222117920483,1
W0000386,0.2936300447940028,1
W0000387,0.28006133799320987,1
W0000388,0.33952809502762626,1
W0000389,0.32285461291020223,1
W0000390,0.1762466018765706,1
W0000391,0.19693994063066111,1
W0000392,0.3135183615578795,1
W0000393,0.2565660986755238,1
W0000394,0.09565762208622075,1
W0000395,0.23491400644364835,1
W0000396,0.41584391148295774,1
W0000397,0.26541836688060616,1
W0000398,1.0,1
W0000399,0.016543067431563308,1
W0000400,0.17612686028989732,1
W0000401,0.41275618437736683,1
W0000402,0.2617949967888451,1
W0000403,0.3240214195570259,1
W0000404,0.24384722239593382,1
W0000405,0.35549737084116007,1
W0000406,0.20651466073397706,1
W0000407,0.14970743044698165,1
W0000408,0.4061433002158189,1
W0000409,0.3282979875896038,1
W0000410,0.42997075814105234,1
W0000411,0.10905123120673743,1
W0000412,0.14932996167439028,1
W0000413,0.14274358990316405,1
W0000414,0.5037179494906814,1
W0000415,0.17923223107707453,1
W0000416,0.22744743195983486,1
W0000417,0.443751754688387,1
W0000418,0.11866866261307174,1
W0000419,0.31167320844049096,1
W0000420,0.08432088512857594,1
W0000421,0.21000753347802648,1
W0000422,0.23495838606981279,1
W0000423,0.20930391974049822,1
W0000424,0.4048148247125697,1
W0000425,0.16832270715419495,1
W0000426,0.1795428331159512,1
W0000427,0.3398195346661319,1
W0000428,0.25693506445053593,1
W0000429,0.17574056274386352,1
W0000430,0.1821618576251124,1
W0000431,0.17254451984296038,1
W0000432,0.15356816926594352,1
W0000433,0.34554792666452927,1
W0000434,0.11839238704246968,1
W0000435,0.10121899907467458,1
W0000436,0.2800030188549202,1
W0000437,0.14204838978774414,1
W0000438,0.3441009521770385,1
W0000439,0.24383192385829022,1
W0000440,0.6759423720967177,1
W0000441,0.16213885995603783,1
W0000442,0.2619906190394984,1
W0000443,0.3160729451479226,1
W0000444,0.20577598551731902,1
W0000445,0.07735830901443508,1
W0000446,0.3243615959603444,1
W0000447,0.15035442531792886,1
W0000448,0.15580233314400427,1
W0000449,0.19213504962898076,1
W0000450,0.07186646521417273,1
W0000451,0.002578989697879619,1
W0000452,0.17332695578331347,1
W0000453,0.3537605246209182,1
W0000454,0.27254853631151943,1
W0000455,0.07590046314283094,1
W0000456,0.19149198133504497,1
W0000457,0.1900410807481958,1
W0000458,0.2624125431832939,1
W0000459,0.3219372537234888,1
W0000460,0.16724569308829484,1
W0000461,0.6279010461643689,1
W0000462,0.20610487432205538,1
W0000463,0.480755242983968,1
W0000464,0.1431302418875664,1
W0000465,0.18979675422033315,1
W0000466,0.12113527121631229,1
W0000467,0.4325138567439417,1
W0000468,0.21891397538529134,1
W0000469,0.2381417344978385,1
W0000470,0.2688614027836984,1
W0000471,0.14519683014141938,1
W0000472,0.21158518174814034,1
W0000473,0.26494269440540186,1
W0000474,0.23353898407711604,1
W0000475,0.16720275098910387,1
W0000476,0.21356413255752416,1
W0000477,0.13662864206243108,1
W0000478,0.2707688112501183,1
W0000479,0.10208629990063467,1
W0000480,0.19723779236017147,1
W0000481,0.17812772015592382,1
W0000482,0.20637733584932472,1
W0000483,0.24476734485388663,1
W0000484,1.4659701563779493e-08,1
W0000485,0.2998098706510829,1
W0000486,0.5107779077431345,1
W0000487,0.29531821533147307,1
W0000488,0.17347590223677345,1
W0000489,0.2495825107022419,1
W0000490,0.4539924865010495,1
W0000491,0.21892322867589797,1
W0000492,0.37048775841481196,1
W0000493,0.2228886450402099,1
W0000494,0.04999427189041816,1
W0000495,0.20599990698455972,1
W0000496,0.14181081117492167,1
W0000497,0.15219112149844705,1
W0000498,0.1312689882986432,1
W0000499,0.2025575352908915,1
W0000500,0.27020037372276895,1
