wallet_id,severity,risk_probability,fusion_score,deterministic_score
W0000182,HIGH,0.998,0.7707,0.605
W0000214,HIGH,0.9975,0.8531,0.5745
W0000387,HIGH,0.9974,0.9368,0.6454
W0000496,HIGH,0.9974,0.8355,0.6308
W0000348,HIGH,0.9973,0.8016,0.4985
W0000403,HIGH,0.997,0.7624,0.4462
W0000258,HIGH,0.9967,0.6825,0.5078
W0000318,HIGH,0.9964,0.7764,0.6274
W0000377,HIGH,0.9963,0.914,0.6762
W0000012,HIGH,0.9957,0.9224,0.5613
W0000414,HIGH,0.995,0.9773,0.679
W0000087,HIGH,0.9949,0.8395,0.615
W0000346,HIGH,0.9948,0.3907,0.3957
W0000426,HIGH,0.9948,0.5597,0.43
W0000150,HIGH,0.9942,0.8419,0.5014
W0000222,HIGH,0.9939,0.7512,0.5657
W0000446,HIGH,0.9937,0.8359,0.5379
W0000304,HIGH,0.9933,0.4845,0.4649
W0000481,HIGH,0.9931,0.5602,0.5439
W0000266,HIGH,0.992,0.6003,0.5964
W0000210,HIGH,0.9916,0.5271,0.4206
W0000192,HIGH,0.9908,0.9851,0.7581
W0000016,HIGH,0.9907,0.6937,0.7276
W0000241,HIGH,0.9907,0.7095,0.4928
W0000166,HIGH,0.9903,0.6793,0.5234
W0000023,HIGH,0.9902,0.7223,0.5697
W0000051,HIGH,0.9902,0.5823,0.4763
W0000073,HIGH,0.9901,0.7535,0.4908
W0000286,HIGH,0.9901,0.4909,0.4255
W0000056,HIGH,0.99,0.943,0.6819
W0000330,HIGH,0.9895,0.8901,0.5942
W0000244,HIGH,0.9894,0.5259,0.4396
W0000282,HIGH,0.9893,0.6607,0.4878
W0000101,HIGH,0.989,0.6934,0.5213
W0000345,HIGH,0.9889,0.7156,0.5273
W0000133,HIGH,0.9878,0.8479,0.609
W0000172,HIGH,0.9866,0.7137,0.5276
W0000372,HIGH,0.9865,0.5408,0.5316
W0000436,HIGH,0.9865,0.7479,0.5116
W0000200,HIGH,0.9854,0.8814,0.5961
W0000408,HIGH,0.9853,0.9359,0.6046
W0000128,HIGH,0.9838,0.3584,0.4032
W0000382,HIGH,0.9835,0.7481,0.5375
W0000371,HIGH,0.9831,0.4791,0.4935
W0000486,HIGH,0.983,0.6781,0.7032
W0000341,HIGH,0.9826,0.8176,0.5551
W0000324,HIGH,0.9824,0.9406,0.6392
W0000062,HIGH,0.9813,0.9211,0.6376
W0000103,HIGH,0.981,0.5497,0.4492
W0000008,HIGH,0.978,0.5382,0.4607
W0000323,HIGH,0.9773,0.6417,0.4935
W0000470,HIGH,0.9772,0.6731,0.5704
W0000278,HIGH,0.9768,0.5817,0.5339
W0000254,HIGH,0.9764,0.91,0.6558
W0000366,HIGH,0.9762,0.5225,0.4311
W0000487,HIGH,0.9762,0.6266,0.4042
W0000169,HIGH,0.9759,0.7616,0.7089
W0000268,HIGH,0.9751,0.561,0.4243
W0000449,HIGH,0.9744,0.5828,0.5777
W0000081,HIGH,0.9741,0.7178,0.7398
W0000191,HIGH,0.9741,0.8946,0.5704
W0000079,HIGH,0.9736,0.6866,0.5519
W0000186,HIGH,0.9732,0.7148,0.5904
W0000279,HIGH,0.9731,0.5964,0.4658
W0000224,HIGH,0.9728,0.4676,0.4554
W0000398,HIGH,0.9723,0.9449,0.621
W0000264,HIGH,0.972,0.427,0.4869
W0000107,HIGH,0.9717,0.6206,0.5345
W0000491,HIGH,0.971,0.6061,0.4929
W0000187,HIGH,0.97,0.5084,0.4669
W0000352,HIGH,0.9697,0.6794,0.522
W0000412,HIGH,0.9694,0.6028,0.4264
W0000226,HIGH,0.9692,0.4313,0.3991
W0000299,HIGH,0.9687,0.7881,0.5001
W0000337,HIGH,0.9686,0.4566,0.3788
W0000230,HIGH,0.9678,0.8137,0.6118
W0000302,HIGH,0.9675,0.6277,0.4552
W0000483,HIGH,0.9668,0.5906,0.5758
W0000154,HIGH,0.9667,0.8749,0.5702
W0000206,HIGH,0.9667,0.4863,0.4843
W0000355,HIGH,0.9667,0.5552,0.4375
W0000465,HIGH,0.9658,0.6272,0.6599
W0000179,HIGH,0.9629,0.4307,0.5295
W0000328,HIGH,0.9624,0.5828,0.5095
W0000155,HIGH,0.9618,0.5682,0.4131
W0000183,HIGH,0.9616,0.6707,0.5899
W0000329,HIGH,0.9608,0.8002,0.5875
W0000381,HIGH,0.9605,0.9206,0.6657
W0000461,HIGH,0.9592,0.9454,0.6847
W0000474,HIGH,0.9585,0.7961,0.5779
W0000242,HIGH,0.9584,0.8129,0.5082
W0000395,HIGH,0.958,0.8029,0.5923
W0000392,HIGH,0.9555,0.59,0.4361
W0000399,HIGH,0.9555,0.4474,0.5607
W0000024,HIGH,0.953,0.6986,0.5251
W0000164,HIGH,0.9529,0.3921,0.3647
W0000141,HIGH,0.951,0.7974,0.6097
W0000225,HIGH,0.9508,0.4367,0.409
W0000020,HIGH,0.9494,0.5945,0.4002
W0000054,HIGH,0.949,0.6949,0.5538
W0000495,HIGH,0.9489,0.5923,0.4922
W0000293,HIGH,0.9487,0.6188,0.5856
W0000213,HIGH,0.9484,0.9029,0.6455
W0000479,HIGH,0.9469,0.5994,0.5382
W0000245,HIGH,0.9468,0.6129,0.7029
W0000270,HIGH,0.9441,0.8785,0.6315
W0000121,HIGH,0.9437,0.5891,0.4773
W0000086,HIGH,0.9422,0.6759,0.576
W0000026,HIGH,0.9405,0.5773,0.5511
W0000198,HIGH,0.9385,0.6012,0.3978
W0000288,HIGH,0.9376,0.547,0.5419
W0000091,HIGH,0.937,0.6826,0.5163
W0000010,HIGH,0.935,0.415,0.4263
W0000262,HIGH,0.9348,0.4986,0.4838
W0000432,HIGH,0.9345,0.4087,0.3846
W0000275,HIGH,0.9311,0.6123,0.5977
W0000098,HIGH,0.9307,0.6064,0.5054
W0000011,HIGH,0.9302,0.6968,0.7329
W0000076,HIGH,0.93,0.8892,0.6444
W0000068,HIGH,0.9293,0.5643,0.5485
W0000240,HIGH,0.9277,0.6062,0.5778
W0000424,HIGH,0.9266,0.5731,0.4458
W0000493,HIGH,0.9262,0.5008,0.4228
W0000455,HIGH,0.926,0.6887,0.5172
W0000104,HIGH,0.925,0.679,0.4937
W0000300,HIGH,0.9245,0.7484,0.5906
W0000326,HIGH,0.9242,0.7421,0.5584
W0000019,HIGH,0.9233,0.8331,0.5411
W0000267,HIGH,0.9225,0.6761,0.5751
W0000074,HIGH,0.9222,0.7427,0.5467
W0000144,HIGH,0.9216,0.6977,0.5383
W0000176,HIGH,0.9216,0.6811,0.5079
W0000464,HIGH,0.9214,0.5667,0.575
W0000400,HIGH,0.9212,0.4526,0.4131
W0000351,HIGH,0.9208,0.3869,0.4712
W0000129,HIGH,0.9196,0.7489,0.5065
W0000163,HIGH,0.9182,0.5943,0.5908
W0000349,HIGH,0.9177,0.5268,0.5008
W0000344,HIGH,0.9173,0.3725,0.3284
W0000197,HIGH,0.9167,0.3863,0.4095
W0000070,HIGH,0.9163,0.3694,0.5238
W0000092,HIGH,0.9156,0.6136,0.4239
W0000134,HIGH,0.914,0.7367,0.5065
W0000064,HIGH,0.9134,0.542,0.5693
W0000110,HIGH,0.9119,0.5594,0.4272
W0000199,HIGH,0.9091,0.6067,0.5126
W0000271,HIGH,0.9074,0.7522,0.5503
W0000156,HIGH,0.906,0.5583,0.7113
W0000500,HIGH,0.9042,0.5766,0.4749
W0000298,HIGH,0.9041,0.8797,0.6739
W0000114,HIGH,0.9038,0.743,0.4889
W0000153,HIGH,0.9028,0.4961,0.4359
W0000365,HIGH,0.9019,0.4468,0.4283
W0000220,HIGH,0.9018,0.658,0.5851
W0000106,HIGH,0.9017,0.7277,0.5506
W0000289,HIGH,0.9004,0.6544,0.6134
W0000307,HIGH,0.9002,0.6971,0.581
W0000158,HIGH,0.8979,0.412,0.3836
W0000458,HIGH,0.8972,0.5003,0.4539
W0000405,HIGH,0.8969,0.5286,0.6204
W0000203,HIGH,0.8957,0.4663,0.4176
W0000184,HIGH,0.8954,0.5482,0.6113
W0000058,HIGH,0.8948,0.6822,0.6188
W0000322,HIGH,0.8849,0.5729,0.4609
W0000041,HIGH,0.8846,0.372,0.4155
W0000448,HIGH,0.8843,0.3522,0.4186
W0000233,HIGH,0.8826,0.3814,0.4087
W0000015,HIGH,0.8814,0.5256,0.4382
W0000358,HIGH,0.8805,0.6369,0.4988
W0000248,HIGH,0.8802,0.3438,0.515
W0000492,HIGH,0.8798,0.7224,0.4862
W0000108,HIGH,0.8793,0.7064,0.5068
W0000181,HIGH,0.8778,0.6681,0.5136
W0000221,HIGH,0.8778,0.4635,0.3948
W0000419,HIGH,0.8769,0.7605,0.5541
W0000325,HIGH,0.8725,0.5298,0.3206
W0000415,HIGH,0.8723,0.5529,0.4334
W0000157,HIGH,0.8712,0.5882,0.6242
W0000473,HIGH,0.8705,0.3967,0.4407
W0000317,HIGH,0.8701,0.5331,0.5136
W0000170,HIGH,0.8692,0.4982,0.5395
W0000202,HIGH,0.8681,0.5253,0.4675
W0000042,HIGH,0.866,0.4989,0.5968
W0000306,HIGH,0.8656,0.4282,0.4333
W0000471,HIGH,0.8654,0.7094,0.5307
W0000082,HIGH,0.8639,0.7074,0.5282
W0000211,HIGH,0.8613,0.7005,0.5509
W0000488,HIGH,0.8613,0.4368,0.5415
W0000208,HIGH,0.8558,0.5443,0.4544
W0000291,HIGH,0.8552,0.6988,0.5109
W0000009,HIGH,0.8458,0.65,0.5388
W0000369,HIGH,0.8458,0.6055,0.5497
W0000148,HIGH,0.8457,0.4079,0.4187
W0000099,HIGH,0.8436,0.6887,0.5012
W0000441,HIGH,0.8377,0.5209,0.5754
W0000494,HIGH,0.8377,0.4822,0.4461
W0000126,HIGH,0.8365,0.6702,0.6352
W0000319,HIGH,0.8342,0.6399,0.5471
W0000231,HIGH,0.8338,0.5543,0.4538
W0000065,HIGH,0.8335,0.5568,0.7162
W0000174,HIGH,0.8326,0.7694,0.551
W0000469,HIGH,0.8323,0.3318,0.3454
W0000313,HIGH,0.8281,0.4878,0.5054
W0000269,HIGH,0.8257,0.3213,0.4141
W0000255,HIGH,0.8252,0.2533,0.3417
W0000249,HIGH,0.8246,0.5039,0.4804
W0000072,HIGH,0.82,0.6195,0.5149
W0000277,HIGH,0.8197,0.3422,0.4572
W0000308,HIGH,0.8186,0.4615,0.5
W0000216,HIGH,0.816,0.5659,0.5766
W0000427,HIGH,0.8158,0.5302,0.4031
W0000478,HIGH,0.8152,0.8249,0.6067
W0000140,HIGH,0.8137,0.6126,0.7833
W0000311,HIGH,0.8137,0.5221,0.4967
W0000409,HIGH,0.8136,0.8222,0.6303
W0000454,HIGH,0.8124,0.4328,0.4544
W0000061,HIGH,0.8112,0.4092,0.3863
W0000050,HIGH,0.8087,0.5457,0.5246
W0000071,HIGH,0.8061,0.4589,0.3808
W0000124,HIGH,0.8061,0.5969,0.7585
W0000014,HIGH,0.8055,0.6122,0.5718
W0000030,HIGH,0.8051,0.3885,0.4059
W0000335,HIGH,0.8047,0.4525,0.4479
W0000280,HIGH,0.8023,0.5519,0.5977
W0000125,HIGH,0.8009,0.5842,0.5293
W0000002,MEDIUM,0.7997,0.6814,0.554
W0000363,MEDIUM,0.7981,0.2642,0.4041
W0000032,MEDIUM,0.7961,0.4184,0.4012
W0000031,MEDIUM,0.7957,0.6666,0.581
W0000227,MEDIUM,0.7944,0.3771,0.413
W0000450,MEDIUM,0.7938,0.3318,0.429
W0000420,MEDIUM,0.7932,0.259,0.3656
W0000075,MEDIUM,0.7924,0.6982,0.587
W0000287,MEDIUM,0.7874,0.5137,0.494
W0000193,MEDIUM,0.7858,0.579,0.5653
W0000090,MEDIUM,0.783,0.52,0.4955
W0000143,MEDIUM,0.7815,0.5344,0.466
W0000185,MEDIUM,0.7752,0.3488,0.3323
W0000273,MEDIUM,0.7709,0.4372,0.3698
W0000422,MEDIUM,0.7692,0.5763,0.5042
W0000294,MEDIUM,0.7687,0.5012,0.4782
W0000145,MEDIUM,0.7636,0.4001,0.4854
W0000212,MEDIUM,0.7632,0.3599,0.3941
W0000046,MEDIUM,0.7606,0.3911,0.4171
W0000284,MEDIUM,0.7604,0.4331,0.5295
W0000451,MEDIUM,0.7582,0.2221,0.4131
W0000410,MEDIUM,0.7571,0.5874,0.7334
W0000296,MEDIUM,0.7552,0.2859,0.3763
W0000378,MEDIUM,0.7537,0.5613,0.5104
W0000162,MEDIUM,0.7529,0.2716,0.4069
W0000048,MEDIUM,0.7502,0.4596,0.5035
W0000052,MEDIUM,0.7461,0.3845,0.3846
W0000480,MEDIUM,0.745,0.5665,0.469
W0000331,MEDIUM,0.7447,0.744,0.633
W0000463,MEDIUM,0.7444,0.3823,0.3966
W0000089,MEDIUM,0.7436,0.456,0.5496
W0000442,MEDIUM,0.741,0.3823,0.4518
W0000040,MEDIUM,0.7386,0.6258,0.5945
W0000309,MEDIUM,0.7341,0.2998,0.3449
W0000350,MEDIUM,0.7303,0.7339,0.5987
W0000135,MEDIUM,0.7302,0.3602,0.4455
W0000383,MEDIUM,0.7291,0.555,0.5509
W0000434,MEDIUM,0.7274,0.3945,0.4759
W0000261,MEDIUM,0.7266,0.2552,0.3951
W0000066,MEDIUM,0.7195,0.4869,0.4435
W0000257,MEDIUM,0.7144,0.5813,0.4639
W0000189,MEDIUM,0.7127,0.2885,0.4607
W0000160,MEDIUM,0.7126,0.6204,0.4979
W0000292,MEDIUM,0.7115,0.3685,0.4573
W0000047,MEDIUM,0.7107,0.3601,0.3592
W0000059,MEDIUM,0.7095,0.2751,0.3652
W0000389,MEDIUM,0.7089,0.3018,0.3808
W0000017,MEDIUM,0.7079,0.3826,0.4762
W0000316,MEDIUM,0.7011,0.6409,0.4857
W0000127,MEDIUM,0.6983,0.448,0.4167
W0000393,MEDIUM,0.6952,0.6077,0.6356
W0000136,MEDIUM,0.6948,0.3796,0.4184
W0000406,MEDIUM,0.6897,0.6407,0.5251
W0000195,MEDIUM,0.6894,0.577,0.7559
W0000232,MEDIUM,0.6892,0.5624,0.5531
W0000315,MEDIUM,0.6874,0.7026,0.4586
W0000004,MEDIUM,0.6867,0.689,0.4899
W0000281,MEDIUM,0.6866,0.4933,0.5067
W0000297,MEDIUM,0.6832,0.7791,0.6372
W0000057,MEDIUM,0.682,0.4417,0.4432
W0000252,MEDIUM,0.6804,0.3534,0.4742
W0000452,MEDIUM,0.6799,0.457,0.4876
W0000131,MEDIUM,0.6743,0.592,0.495
W0000238,MEDIUM,0.6711,0.7306,0.6127
W0000151,MEDIUM,0.671,0.6155,0.5484
W0000018,MEDIUM,0.6695,0.5644,0.3986
W0000362,MEDIUM,0.6693,0.5059,0.4984
W0000102,MEDIUM,0.6691,0.4382,0.4804
W0000028,MEDIUM,0.6673,0.4159,0.4431
W0000476,MEDIUM,0.6643,0.5431,0.5091
W0000033,MEDIUM,0.6632,0.2119,0.4152
W0000120,MEDIUM,0.6626,0.4721,0.4865
W0000431,MEDIUM,0.662,0.6598,0.508
W0000137,MEDIUM,0.6616,0.3276,0.4359
W0000390,MEDIUM,0.6598,0.3834,0.4562
W0000356,MEDIUM,0.6524,0.3025,0.3109
W0000180,MEDIUM,0.6508,0.6426,0.5079
W0000482,MEDIUM,0.6505,0.3422,0.4296
W0000376,MEDIUM,0.6499,0.5071,0.5911
W0000094,MEDIUM,0.6492,0.7097,0.566
W0000447,MEDIUM,0.6471,0.3415,0.4244
W0000490,MEDIUM,0.6471,0.5742,0.7505
W0000457,MEDIUM,0.6428,0.2557,0.3887
W0000146,MEDIUM,0.6414,0.6246,0.5915
W0000343,MEDIUM,0.6371,0.3203,0.4814
W0000397,MEDIUM,0.6371,0.4299,0.5345
W0000443,MEDIUM,0.6355,0.5106,0.5324
W0000375,MEDIUM,0.6343,0.2933,0.4507
W0000219,MEDIUM,0.6329,0.5955,0.5592
W0000321,MEDIUM,0.6305,0.5714,0.5683
W0000396,MEDIUM,0.6269,0.5583,0.6528
W0000236,MEDIUM,0.6258,0.3689,0.5708
W0000430,MEDIUM,0.6254,0.3177,0.3762
W0000259,MEDIUM,0.625,0.6057,0.4943
W0000421,MEDIUM,0.6203,0.3415,0.4256
W0000444,MEDIUM,0.6198,0.3241,0.505
W0000045,MEDIUM,0.6155,0.184,0.4035
W0000188,MEDIUM,0.6143,0.2476,0.372
W0000256,MEDIUM,0.6137,0.2836,0.2985
W0000218,MEDIUM,0.6127,0.2621,0.3714
W0000139,MEDIUM,0.6099,0.2907,0.3832
W0000433,MEDIUM,0.6068,0.4721,0.4908
W0000380,MEDIUM,0.6063,0.3904,0.4631
W0000006,MEDIUM,0.5987,0.6159,0.53
W0000462,MEDIUM,0.5973,0.2696,0.3683
W0000039,MEDIUM,0.5927,0.5278,0.5676
W0000003,MEDIUM,0.5868,0.5269,0.5303
W0000497,MEDIUM,0.5831,0.332,0.3201
W0000123,MEDIUM,0.5759,0.3884,0.4287
W0000088,MEDIUM,0.5735,0.4973,0.5326
W0000207,MEDIUM,0.5732,0.3771,0.4969
W0000437,MEDIUM,0.5728,0.5172,0.449
W0000113,MEDIUM,0.5703,0.5483,0.7286
W0000339,MEDIUM,0.5668,0.6161,0.4563
W0000109,MEDIUM,0.5605,0.6758,0.5602
W0000391,MEDIUM,0.5519,0.3009,0.4649
W0000246,MEDIUM,0.5505,0.417,0.4931
W0000379,MEDIUM,0.5481,0.3279,0.4996
W0000223,MEDIUM,0.5459,0.6094,0.455
W0000217,MEDIUM,0.5456,0.4647,0.461
W0000178,MEDIUM,0.5443,0.3929,0.3456
W0000115,MEDIUM,0.5438,0.4402,0.4548
W0000078,MEDIUM,0.5401,0.4732,0.4574
W0000439,MEDIUM,0.5362,0.5745,0.6302
W0000276,MEDIUM,0.5338,0.3096,0.3605
W0000305,MEDIUM,0.5318,0.2273,0.376
W0000168,MEDIUM,0.5313,0.3273,0.3746
W0000417,MEDIUM,0.527,0.6248,0.4284
W0000149,MEDIUM,0.5248,0.3024,0.4226
W0000167,MEDIUM,0.524,0.4855,0.4553
W0000385,MEDIUM,0.5239,0.589,0.5762
W0000265,MEDIUM,0.5226,0.5439,0.5669
W0000132,MEDIUM,0.5223,0.3914,0.4802
W0000320,MEDIUM,0.5204,0.5163,0.6789
W0000467,MEDIUM,0.5159,0.8001,0.7414
W0000303,MEDIUM,0.5144,0.5416,0.4555
W0000327,MEDIUM,0.513,0.4059,0.4207
W0000209,MEDIUM,0.5129,0.2587,0.3831
W0000435,MEDIUM,0.511,0.607,0.5752
W0000037,MEDIUM,0.5105,0.6243,0.5821
W0000234,MEDIUM,0.5098,0.243,0.4815
W0000100,MEDIUM,0.5054,0.3987,0.5153
W0000034,LOW,0.4999,0.4061,0.444
W0000260,LOW,0.4985,0.6377,0.5728
W0000274,LOW,0.495,0.4176,0.5722
W0000440,LOW,0.4943,0.7663,0.6045
W0000418,LOW,0.4923,0.2683,0.4172
W0000370,LOW,0.4913,0.2476,0.3567
W0000027,LOW,0.4907,0.2131,0.4138
W0000205,LOW,0.4886,0.3049,0.3586
W0000043,LOW,0.4871,0.4653,0.4879
W0000353,LOW,0.4836,0.4471,0.4819
W0000425,LOW,0.4825,0.4319,0.4573
W0000194,LOW,0.482,0.1888,0.3758
W0000340,LOW,0.4813,0.2365,0.3427
W0000161,LOW,0.4799,0.4507,0.4228
W0000084,LOW,0.4792,0.2028,0.4209
W0000453,LOW,0.4791,0.4476,0.4931
W0000347,LOW,0.4726,0.2385,0.377
W0000067,LOW,0.4723,0.5452,0.4492
W0000250,LOW,0.4716,0.552,0.6291
W0000112,LOW,0.4708,0.599,0.4911
W0000239,LOW,0.4692,0.3339,0.459
W0000083,LOW,0.4669,0.3357,0.4055
W0000025,LOW,0.4658,0.3081,0.5312
W0000310,LOW,0.4623,0.3323,0.4655
W0000243,LOW,0.4605,0.3573,0.431
W0000229,LOW,0.4597,0.2065,0.3796
W0000332,LOW,0.4581,0.2911,0.4131
W0000001,LOW,0.4571,0.2872,0.3565
W0000215,LOW,0.4559,0.4167,0.4608
W0000312,LOW,0.4521,0.2929,0.4124
W0000374,LOW,0.452,0.2814,0.5032
W0000485,LOW,0.4511,0.4031,0.4403
W0000119,LOW,0.451,0.3495,0.4074
W0000336,LOW,0.4455,0.3271,0.571
W0000285,LOW,0.4453,0.2662,0.404
W0000475,LOW,0.4453,0.2541,0.5324
W0000165,LOW,0.4445,0.2921,0.4242
W0000364,LOW,0.441,0.2446,0.3743
W0000029,LOW,0.4404,0.5979,0.5472
W0000080,LOW,0.4374,0.4641,0.6047
W0000402,LOW,0.4373,0.5624,0.5221
W0000177,LOW,0.434,0.4151,0.565
W0000138,LOW,0.4322,0.4966,0.4779
W0000484,LOW,0.4318,0.2427,0.3525
W0000368,LOW,0.4315,0.3255,0.4261
W0000394,LOW,0.4314,0.3016,0.3519
W0000053,LOW,0.4309,0.4703,0.4413
W0000021,LOW,0.4277,0.3046,0.4799
W0000096,LOW,0.4254,0.1674,0.3461
W0000468,LOW,0.4242,0.5514,0.6583
W0000077,LOW,0.4222,0.4268,0.4613
W0000049,LOW,0.4193,0.3132,0.3562
W0000036,LOW,0.417,0.3928,0.4465
W0000459,LOW,0.4161,0.5124,0.7255
W0000055,LOW,0.4107,0.3108,0.5117
W0000063,LOW,0.4045,0.2449,0.2903
W0000283,LOW,0.4011,0.3245,0.3868
W0000338,LOW,0.4007,0.4464,0.4884
W0000342,LOW,0.399,0.2827,0.4373
W0000247,LOW,0.3924,0.2778,0.4722
W0000171,LOW,0.3916,0.4848,0.6573
W0000196,LOW,0.3897,0.5895,0.559
W0000460,LOW,0.3886,0.4068,0.4818
W0000314,LOW,0.3885,0.4027,0.463
W0000416,LOW,0.3884,0.4568,0.609
W0000456,LOW,0.3879,0.2089,0.4467
W0000130,LOW,0.3814,0.2949,0.4643
W0000354,LOW,0.3734,0.3763,0.4427
W0000085,LOW,0.3713,0.2733,0.409
W0000367,LOW,0.3706,0.3078,0.4593
W0000301,LOW,0.3697,0.4659,0.6345
W0000175,LOW,0.3678,0.2109,0.3498
W0000013,LOW,0.3668,0.1615,0.3614
W0000111,LOW,0.3668,0.2185,0.4487
W0000190,LOW,0.3664,0.2535,0.4257
W0000005,LOW,0.3647,0.3395,0.4842
W0000235,LOW,0.3627,0.5316,0.475
W0000201,LOW,0.3586,0.3261,0.3218
W0000413,LOW,0.3494,0.3676,0.4601
W0000253,LOW,0.3474,0.2825,0.3939
W0000477,LOW,0.3454,0.3701,0.471
W0000489,LOW,0.3454,0.3904,0.4294
W0000117,LOW,0.3447,0.4553,0.4772
W0000272,LOW,0.3438,0.1838,0.4581
W0000407,LOW,0.3419,0.304,0.3584
W0000251,LOW,0.3407,0.2034,0.3544
W0000159,LOW,0.3403,0.3775,0.4465
W0000237,LOW,0.3369,0.1534,0.3147
W0000373,LOW,0.3347,0.3133,0.4205
W0000429,LOW,0.3342,0.427,0.4239
W0000116,LOW,0.3296,0.4257,0.4389
W0000093,LOW,0.323,0.1832,0.4836
W0000118,LOW,0.3215,0.1582,0.4269
W0000007,LOW,0.3202,0.3345,0.4123
W0000147,LOW,0.3173,0.4146,0.5253
W0000360,LOW,0.3169,0.3722,0.5404
W0000095,LOW,0.3124,0.4377,0.6068
W0000038,LOW,0.3043,0.1464,0.3103
W0000204,LOW,0.3006,0.1981,0.4416
W0000152,LOW,0.2945,0.3719,0.4699
W0000466,LOW,0.2805,0.1455,0.3425
W0000263,LOW,0.2801,0.3072,0.4202
W0000361,LOW,0.2768,0.2513,0.459
W0000428,LOW,0.2757,0.2659,0.593
W0000411,LOW,0.2738,0.1189,0.3838
W0000472,LOW,0.2694,0.2328,0.4193
W0000445,LOW,0.2589,0.2365,0.5106
W0000060,LOW,0.2588,0.3019,0.4136
W0000022,LOW,0.2465,0.4498,0.4339
W0000142,LOW,0.2455,0.2672,0.4614
W0000069,LOW,0.2436,0.4161,0.4834
W0000498,LOW,0.2383,0.183,0.283
W0000384,LOW,0.2212,0.1875,0.4583
W0000499,LOW,0.2162,0.2171,0.4043
W0000173,LOW,0.2089,0.2341,0.4485
W0000044,LOW,0.2046,0.4852,0.724
W0000290,LOW,0.2045,0.1062,0.4044
W0000334,LOW,0.2006,0.1703,0.415
W0000438,LOW,0.1975,0.3063,0.5026
W0000423,LOW,0.1955,0.2091,0.4008
W0000404,LOW,0.1948,0.3307,0.4118
W0000401,LOW,0.1917,0.4654,0.7109
W0000295,LOW,0.1907,0.226,0.3382
W0000386,LOW,0.1809,0.1918,0.3136
W0000228,LOW,0.1792,0.1417,0.4117
W0000357,LOW,0.1751,0.3199,0.49
W0000105,LOW,0.1731,0.1658,0.3973
W0000333,LOW,0.1689,0.4415,0.6763
W0000097,LOW,0.1663,0.171,0.2882
W0000359,LOW,0.1515,0.1851,0.3331
W0000122,LOW,0.1428,0.2792,0.4091
W0000388,LOW,0.1355,0.262,0.4579
W0000035,LOW,0.1262,0.4037,0.4609
