feature,mean_absolute_shap
median_sent_sats,1.9998217
isolation_forest_anomaly_score,0.67355704
country_entropy,0.58864015
graphsage_dim_10,0.52968633
graphsage_dim_23,0.52920663
observations_per_tx,0.48114765
avg_sent_sats,0.37970784
asn_entropy,0.27027166
autoencoder_reconstruction_error,0.26488897
deterministic_score,0.2621385
graphsage_dim_3,0.22833373
max_sent_sats,0.2025649
graphsage_dim_6,0.18319207
graphsage_dim_8,0.16747902
outgoing_tx_count,0.15849821
std_sent_sats,0.15674545
median_latency_ms,0.14860182
total_bytes_sent,0.142624
graphsage_dim_22,0.13039204
unique_src_ips,0.111908056
weighted_out_degree,0.10493054
graphsage_dim_26,0.10274067
graphsage_dim_18,0.09811994
avg_outputs_per_tx,0.09222139
median_received_sats,0.09150938
graphsage_dim_7,0.083752625
graphsage_dim_15,0.07417152
active_duration_seconds,0.06823658
total_sent_sats,0.065623716
weighted_degree,0.06545606
graphsage_dim_28,0.06414625
graphsage_dim_4,0.06408924
graphsage_dim_1,0.060971774
graphsage_dim_2,0.057182074
avg_network_tx_time_difference,0.052859567
std_inter_tx_seconds,0.05229356
graphsage_dim_31,0.051612332
burstiness,0.051105663
graphsage_dim_0,0.04593241
graphsage_dim_17,0.036479484
pagerank,0.03633377
observation_count,0.031219235
graphsage_dim_13,0.028824355
min_inter_tx_seconds,0.026754415
graphsage_dim_21,0.026656795
tx_count,0.026646562
max_received_sats,0.026257142
min_network_tx_time_difference,0.02408408
mean_latency_ms,0.022725854
isolation_forest_flag,0.022215731
total_received_sats,0.021816457
graphsage_dim_9,0.020408755
graphsage_dim_30,0.019977197
std_received_sats,0.019623734
std_latency_ms,0.019099224
unique_output_counterparties,0.018428018
unique_dst_ips,0.018407786
clustering_coefficient,0.016116492
graphsage_dim_29,0.01590353
weighted_in_degree,0.0151014235
graphsage_dim_14,0.014909524
graphsage_dim_16,0.014133003
graphsage_dim_24,0.013756791
in_out_ratio,0.013635657
graphsage_dim_20,0.01269421
betweenness_centrality,0.011471259
unique_counterparties,0.010904466
graphsage_dim_11,0.010800833
avg_inter_tx_seconds,0.008184407
networkx_clustering_coefficient,0.0071018026
max_outputs_per_tx,0.0068312357
unique_network_types,0.006253049
median_inter_tx_seconds,0.0054124054
networkx_pagerank,0.005092332
graphsage_dim_19,0.0035532403
unique_asns,0.003316458
out_degree,0.0032783174
inbound_ratio,0.0029875506
avg_received_sats,0.0023194272
graphsage_dim_12,0.0013270124
unique_countries,0.0
fan_out,0.0
transaction_velocity,0.0
incoming_tx_count,0.0
outbound_ratio,0.0
total_bytes_received,0.0
unique_src_ports,0.0
fan_in,0.0
unique_input_counterparties,0.0
community_size,0.0
community_id,0.0
networkx_community_size,0.0
networkx_community_id,0.0
networkx_two_hop_neighbor_count,0.0
networkx_betweenness_centrality,0.0
networkx_out_degree,0.0
networkx_in_degree,0.0
networkx_degree,0.0
two_hop_neighbor_count,0.0
degree,0.0
rapid_hop_count,0.0
shared_ip_wallet_count,0.0
shared_asn_wallet_count,0.0
in_degree,0.0
graphsage_dim_5,0.0
graphsage_dim_27,0.0
graphsage_dim_25,0.0
