wallet_id,tx_count,incoming_tx_count,total_received_sats,avg_received_sats,median_received_sats,max_received_sats,std_received_sats,outgoing_tx_count,total_sent_sats,avg_sent_sats,median_sent_sats,max_sent_sats,std_sent_sats,avg_outputs_per_tx,max_outputs_per_tx,unique_input_counterparties,unique_output_counterparties,unique_counterparties,fan_in,fan_out,in_out_ratio,avg_inter_tx_seconds,median_inter_tx_seconds,min_inter_tx_seconds,std_inter_tx_seconds,active_duration_seconds,transaction_velocity,burstiness,observation_count,unique_src_ips,unique_dst_ips,unique_src_ports,mean_latency_ms,median_latency_ms,std_latency_ms,total_bytes_sent,total_bytes_received,inbound_ratio,outbound_ratio,unique_countries,unique_asns,unique_network_types,country_entropy,asn_entropy,shared_ip_wallet_count,shared_asn_wallet_count,avg_network_tx_time_difference,min_network_tx_time_difference,observations_per_tx,rapid_hop_count,degree,in_degree,out_degree,pagerank,betweenness_centrality,clustering_coefficient,community_id,community_size,two_hop_neighbor_count,networkx_degree,networkx_in_degree,networkx_out_degree,weighted_degree,weighted_in_degree,weighted_out_degree,networkx_pagerank,networkx_betweenness_centrality,networkx_clustering_coefficient,networkx_community_id,networkx_community_size,networkx_two_hop_neighbor_count,graphsage_dim_0,graphsage_dim_1,graphsage_dim_2,graphsage_dim_3,graphsage_dim_4,graphsage_dim_5,graphsage_dim_6,graphsage_dim_7,graphsage_dim_8,graphsage_dim_9,graphsage_dim_10,graphsage_dim_11,graphsage_dim_12,graphsage_dim_13,graphsage_dim_14,graphsage_dim_15,graphsage_dim_16,graphsage_dim_17,graphsage_dim_18,graphsage_dim_19,graphsage_dim_20,graphsage_dim_21,graphsage_dim_22,graphsage_dim_23,graphsage_dim_24,graphsage_dim_25,graphsage_dim_26,graphsage_dim_27,graphsage_dim_28,graphsage_dim_29,graphsage_dim_30,graphsage_dim_31,isolation_forest_anomaly_score,isolation_forest_flag,autoencoder_reconstruction_error,deterministic_score
W001,0.02549778,0.0,-0.021077534,0.00032329466,-0.13120548,0.027958727,0.012763365,-0.16046453,0.080290794,0.37710595,2.023096,-0.20712985,-0.17748009,0.02790264,0.0070197624,0.0,0.018415427,0.010904469,0.0,0.0,0.010537269,-0.008383365,0.0009106493,-0.056376167,0.049049623,-0.06205132,0.0,0.0510246,0.031219222,0.0408877,0.01819984,0.0,0.021705927,-0.15754077,-0.019422717,-0.14203776,0.0,0.0011384798,0.0,0.0,0.002579819,0.0046732845,-0.6274013,-0.28661445,0.0,0.0,-0.060471922,0.044345796,0.4346034,0.0,0.0,0.0,0.0033027634,-0.0444247,0.011106845,-0.022468735,0.0,0.0,0.0,0.0,0.0,0.0,0.06493072,0.016874122,0.10353964,0.003398105,0.0,-0.007108107,0.0,0.0,0.0,-0.04338522,-0.0480342,-0.05940721,-0.23910096,-0.066435106,0.0,-0.1967747,-0.059161898,-0.19986823,-0.009679914,-0.33937842,-0.004495864,-0.0010443471,0.029139007,0.012349693,0.10665265,-0.025068913,0.011751493,-0.061986916,-0.0072187497,0.0014313441,-0.03577683,-0.1187778,-0.6241281,-0.009067345,0.0,0.09203987,0.0,-0.082552224,0.01600558,-0.048126917,0.038201332,0.65677583,0.021213014,0.27575675,-0.12291888
W002,0.02549778,0.0,-0.021077534,0.00032329466,-0.06257427,0.02364783,0.012501506,-0.16046453,0.064275876,0.38334024,1.9943116,-0.20712985,-0.12736474,0.08863622,0.0070197624,0.0,0.018415427,0.010904469,0.0,0.0,-0.013462683,-0.008383365,-0.0006049512,0.009155081,0.049049623,-0.06912905,0.0,0.047800533,0.031219222,-0.16870056,0.01819984,0.0,0.021705927,-0.15754077,-0.019422717,-0.13959803,0.0,0.0011384798,0.0,0.0,0.002579819,0.0075859358,-0.6444905,-0.26634884,0.0,0.0,-0.060471922,-0.006119639,0.44386917,0.0,0.0,0.0,0.0033027634,-0.03284574,0.011106845,-0.008811419,0.0,0.0,0.0,0.0,0.0,0.0,0.06493072,0.016874122,0.10983101,0.009046913,0.0,-0.007108107,0.0,0.0,0.0,-0.047941007,-0.0480342,-0.082725026,-0.28383124,0.07189576,0.0,-0.1966475,-0.11268854,-0.1920332,-0.012805201,0.39856356,-0.004495864,-0.0010443471,-0.06797746,0.012349693,0.040458895,-0.013538529,-0.058253035,-0.094996475,0.0026562298,0.015746381,-0.037429497,-0.13384858,0.3188932,-0.0015618987,0.0,-0.11054541,0.0,-0.054992415,-0.014220054,0.004397517,-0.0471225,0.6793053,0.021213014,0.28454146,-0.34348068
W003,0.02549778,0.0,-0.021077534,0.00032329466,-0.08444764,0.026570344,0.012847334,-0.15744475,0.064275876,0.3745228,1.9638107,-0.20712985,-0.18614605,-0.03533813,0.006257262,0.0,0.018415427,0.010904469,0.0,0.0,-0.006346247,-0.008383365,0.0009106493,-0.023506533,0.049049623,-0.06912905,0.0,0.04910586,0.031219222,-0.13545597,0.01819984,0.0,0.021705927,-0.15754077,-0.019422717,-0.13959803,0.0,0.0011384798,0.0,0.0,0.002579819,0.0075859358,-0.5353245,-0.27815577,0.0,0.0,-0.060471922,-0.013777511,0.5556894,0.0,0.0,0.0,0.0033027634,-0.03284574,0.011106845,-0.008811419,0.0,0.0,0.0,0.0,0.0,0.0,0.06493072,0.016874122,0.10353964,0.003398105,0.0,-0.007108107,0.0,0.0,0.0,-0.04338522,-0.058893308,-0.059413753,-0.015504409,0.06116353,0.0,-0.17098156,-0.13079146,-0.1920332,-0.014214488,0.38384044,-0.02929924,-0.0010443471,-0.0028999094,0.012349693,0.040458895,-0.013538529,-0.061728224,-0.115627296,-0.0072187497,0.015746381,-0.037429497,-0.13852316,-0.5581792,-0.0015618987,0.0,0.087544344,0.0,-0.082552224,-0.014220054,0.004397517,-0.056563683,0.6882818,0.021213014,0.2765396,-0.3594784
W004,0.02549778,0.0,-0.021077534,-0.0006470373,-0.09885085,0.029104164,0.002322716,-0.16046453,0.07353933,0.37769166,2.0611138,-0.20712985,0.040105462,0.07806823,0.0070197624,0.0,0.018415427,0.010904469,0.0,0.0,0.013250568,-0.008383365,-0.0006049512,0.009155081,0.049049623,-0.06205132,0.0,0.050952278,0.031219222,-0.11224075,0.01819984,0.0,0.021705927,-0.13828608,-0.019422717,-0.14203776,0.0,0.0011384798,0.0,0.0,0.0015274035,0.0046732845,-0.5785554,-0.26950648,0.0,0.0,-0.051709358,0.044345796,0.35649842,0.0,0.0,0.0,0.0033027634,-0.0444247,0.011106845,-0.022468735,0.0,0.0,0.0,0.0,0.0,0.0,0.07056649,0.011641865,0.11263741,0.009046913,0.0,-0.007108107,0.0,0.0,0.0,-0.04939468,0.06900592,-0.059413753,-0.27608392,-0.066435106,0.0,0.19765021,-0.037990425,0.13726781,0.0038240198,-0.8725506,-0.02269253,-0.0010443471,-0.03305132,0.012349693,-0.11336833,0.0036840048,-0.07363273,0.06849028,0.0026562298,-0.009880809,0.009322835,0.14601062,0.42518544,-0.0023990069,0.0,-0.0021924563,0.0,-0.054992415,0.01600558,-0.0492929,0.04847434,0.6305477,0.021213014,0.26631624,-0.35706642
W005,0.02549778,0.0,-0.031431608,0.00032329466,-0.10915093,0.026570344,-0.069432855,-0.17060778,0.064275876,0.3500365,1.8314068,-0.20712985,-0.17505646,0.03489089,0.006257262,0.0,0.018415427,0.010904469,0.0,0.0,-0.006346247,0.015108576,-0.023844196,0.009155081,-0.09582613,-0.06205132,0.0,0.050936967,0.031219222,0.04152093,0.01819984,0.0,0.021705927,-0.15754077,-0.019422717,-0.15090005,0.0,0.00074903487,0.0,0.0,0.002579819,0.0075859358,-0.5297915,-0.28677514,0.0,0.0,-0.060471922,-0.051998094,0.47315973,0.0,0.0,0.0,0.0033027634,-0.03284574,0.011106845,0.002789167,0.0,0.0,0.0,0.0,0.0,0.0,0.054480962,0.016874122,0.10353964,0.003398105,0.0,-0.007108107,0.0,0.0,0.0,-0.04338522,-0.058893308,-0.059572622,-0.004521627,0.06116353,0.0,-0.18865849,-0.055163525,0.0930244,-0.015336486,-0.44933534,0.008729893,-0.0010443471,-0.0028999094,0.0056142285,-0.009652093,-0.020713879,-0.049930807,-0.055919155,-0.0072187497,0.015746381,-0.036852002,-0.14550173,-0.61490476,-0.03451601,0.0,0.08851357,0.0,-0.071613535,-0.014220054,-0.020520296,-0.053388767,0.65677583,0.021213014,0.25912616,-0.28526372
W006,0.02549778,0.0,-0.021077534,-0.0006470373,-0.08444764,0.024432382,0.009527162,-0.15744475,0.061734155,0.34606805,1.9219842,-0.20712985,-0.17626448,-0.2505701,0.0070197624,0.0,0.018415427,0.010904469,0.0,0.0,-0.016175982,-0.008383365,0.0009106493,-0.023506533,0.05267738,-0.06912905,0.0,0.051389955,0.031219222,-0.11482346,0.01819984,0.0,0.021705927,-0.14696711,-0.019422717,-0.13959803,0.0,0.0011384798,0.0,0.0,0.0065269433,0.0075859358,-0.57684326,-0.24822211,0.0,0.0,0.007251365,0.00837688,0.4869815,0.0,0.0,0.0,0.0033027634,-0.04214224,0.011106845,0.0033516905,0.0,0.0,0.0,0.0,0.0,0.0,0.06493072,0.016874122,0.09791501,0.003398105,0.0,-0.007108107,0.0,0.0,0.0,0.053880364,0.07846522,-0.082725026,-0.2975944,0.063337184,0.0,-0.16382222,0.046519328,-0.1920332,-0.04477249,0.36829692,-0.012771191,-0.0010443471,-0.011707921,-0.03722047,0.090696976,-0.013538529,-0.057953805,-0.09155026,0.00092254893,0.014537299,-0.032162078,-0.11890031,-0.6075445,-0.009067345,0.0,-0.0019692741,0.0,-0.082552224,-0.014220054,-0.033068668,-0.051134504,0.7441198,0.021213014,0.2642972,-0.42857265
W007,0.02549778,0.0,-0.021077534,0.00032329466,-0.08444764,0.02364783,0.012501506,-0.16046453,0.064275876,0.38164794,1.9609025,-0.20712985,-0.17505646,0.05834313,0.006257262,0.0,0.018415427,0.010904469,0.0,0.0,-0.0010986412,-0.008383365,0.0009106493,0.009155081,0.049049623,-0.06205132,0.0,0.047231838,0.031219222,-0.1519645,0.01819984,0.0,0.021705927,-0.15754077,-0.019422717,-0.13959803,0.0,0.0011384798,0.0,0.0,0.002579819,0.0075859358,-0.59881526,-0.2678292,0.0,0.0,-0.060471922,-0.006119639,0.49144363,0.0,0.0,0.0,0.0033027634,-0.0351282,0.011106845,-0.008811419,0.0,0.0,0.0,0.0,0.0,0.0,0.054480962,0.016874122,0.10353964,0.003398105,0.0,-0.007108107,0.0,0.0,0.0,-0.04338522,-0.058893308,-0.03553812,-0.015504409,-0.047221527,0.0,-0.1966475,-0.11321673,0.0930244,-0.026309136,-0.1379417,-0.004495864,-0.0010443471,-0.06797746,-0.011257101,0.018041234,-0.013538529,-0.061728224,-0.094996475,0.00092254893,0.015746381,-0.019184431,-0.12392139,-0.5626801,-0.0015618987,0.0,-0.1122832,0.0,-0.082552224,-0.014220054,0.004397517,-0.063711725,0.6785301,0.021213014,0.27588978,-0.2670127
W008,0.02549778,0.0,-0.021077534,0.00032329466,-0.06257427,0.02364783,0.005642888,-0.16046453,0.080290794,0.39891124,2.0033875,-0.20712985,-0.12736474,0.08863622,0.006257262,0.0,0.018415427,0.010904469,0.0,0.0,-0.013462683,-0.008383365,-0.0006049512,-0.023506533,0.049049623,-0.06912905,0.0,0.047637172,0.031219222,-0.1754582,0.01819984,0.0,0.021705927,-0.15754077,-0.019422717,-0.13959803,0.0,0.0011384798,0.0,0.0,0.002579819,0.0075859358,-0.66328543,-0.31062156,0.0,0.0,-0.060471922,-0.013777511,0.4329735,0.0,0.0,0.0,0.0033027634,-0.03284574,0.011106845,-0.008811419,0.0,0.0,0.0,0.0,0.0,0.0,0.06970409,0.013672151,0.10983101,0.009046913,0.0,-0.007108107,0.0,0.0,0.0,-0.047941007,-0.058893308,-0.059413753,-0.27192143,0.07189576,0.0,-0.1966475,-0.122430414,-0.16213688,-0.0007105535,0.40931123,-0.004495864,-0.0010443471,-0.06797746,0.005335622,-0.09560522,-0.013538529,-0.030634366,-0.092707284,0.0026562298,0.0014313441,-0.019184431,-0.14607152,0.4900297,-0.03451601,0.0,-0.10957618,0.0,-0.054992415,0.01600558,0.004397517,-0.0471225,0.67530566,0.021213014,0.28638092,-0.4226378
W009,0.02549778,0.0,-0.021077534,0.00032329466,-0.08444764,0.027958727,0.012763365,-0.16046453,0.064275876,0.37605977,2.0402055,-0.20712985,-0.18614605,0.051241443,0.006257262,0.0,0.018415427,0.010904469,0.0,0.0,-0.013462683,-0.008383365,0.0009106493,-0.034050845,0.049049623,-0.06912905,0.0,0.054434255,0.031219222,0.039175518,0.01819984,0.0,0.021705927,-0.15754077,-0.019422717,-0.13959803,0.0,0.0011384798,0.0,0.0,0.0065269433,0.0075859358,-0.61533093,-0.27397305,0.0,0.0,-0.063760586,0.00837688,0.49870706,0.0,0.0,0.0,0.0033027634,-0.04214224,0.011106845,-0.022468735,0.0,0.0,0.0,0.0,0.0,0.0,0.06493072,0.016874122,0.10353964,0.003398105,0.0,-0.007108107,0.0,0.0,0.0,-0.04939468,-0.058893308,-0.059572622,-0.32179242,0.06116353,0.0,-0.17909776,0.023058355,-0.1920332,-0.009679914,0.36225542,-0.02929924,-0.0010443471,0.029139007,0.005335622,0.061938807,-0.020713879,0.014593969,-0.05489301,0.00092254893,0.015746381,-0.054293096,-0.15542889,-0.5876371,-0.03451601,0.0,0.08851357,0.0,-0.082552224,0.01600558,0.006667665,-0.046240732,0.6530802,0.021213014,0.28362086,-0.3385089
W010,0.02549778,0.0,-0.021077534,0.00032329466,-0.10915093,0.027958727,0.012763365,-0.16046453,0.07310761,0.39471167,1.9318659,-0.20712985,-0.154247,0.06203698,0.006257262,0.0,0.018415427,0.010904469,0.0,0.0,-0.013462683,-0.008383365,0.0009106493,-0.023506533,0.049049623,-0.06205132,0.0,0.049674563,0.031219222,-0.14907615,0.01819984,0.0,0.021705927,-0.15754077,-0.019422717,-0.15090005,0.0,0.0011384798,0.0,0.0,0.0015274035,0.0075859358,-0.6096496,-0.31062156,0.0,0.0,-0.05767711,0.044345796,0.4185993,0.0,0.0,0.0,0.0033027634,-0.04214224,0.011106845,-0.022468735,0.0,0.0,0.0,0.0,0.0,0.0,0.06493072,0.010600343,0.11263741,0.009046913,0.0,-0.007108107,0.0,0.0,0.0,-0.04338522,-0.058893308,-0.010021362,-0.18091929,0.06116353,0.0,-0.19047216,-0.034507796,-0.1920332,-0.009679914,-0.78130734,-0.004495864,-0.0010443471,0.043549135,0.012349693,-0.11336833,-0.013538529,0.014593969,-0.11231196,-0.020784434,0.0014313441,0.005866712,-0.12321902,-0.21075808,-0.014466135,0.0,0.10549327,0.0,-0.082552224,0.01600558,0.006568113,-0.056563683,0.64688945,0.021213014,0.27074662,-0.38037965
W011,0.02549778,0.0,-0.021077534,0.00032329466,-0.06257427,0.026570344,0.005642888,-0.16046453,0.064275876,0.39189714,2.054114,-0.20712985,-0.12736474,0.07760809,0.006257262,0.0,0.018415427,0.010904469,0.0,0.0,-0.013462683,-0.008383365,0.00040640915,-0.023506533,0.049049623,-0.06912905,0.0,0.05113446,0.031219222,-0.16183801,0.01819984,0.0,0.021705927,-0.15754077,-0.019422717,-0.13959803,0.0,0.0011384798,0.0,0.0,0.0065269433,0.0075859358,-0.5918299,-0.2621661,0.0,0.0,-0.063760586,-0.013777511,0.47667718,0.0,0.0,0.0,0.0033027634,-0.03284574,0.011106845,-0.022468735,0.0,0.0,0.0,0.0,0.0,0.0,0.06970409,0.016874122,0.10983101,0.009046913,0.0,-0.007108107,0.0,0.0,0.0,-0.04939468,-0.058893308,-0.082883894,-0.265611,0.06116353,0.0,-0.17098156,0.05800451,-0.16213688,-0.0007105535,0.38749528,-0.004495864,-0.0010443471,-0.0028999094,0.012349693,0.07204081,-0.020713879,0.018069157,-0.113338105,0.0026562298,0.015746381,-0.037429497,-0.15542889,0.48524448,-0.03451601,0.0,0.09025137,0.0,-0.039040647,0.01600558,0.006568113,-0.0471225,0.6713279,0.021213014,0.29127073,-0.4415895
W012,0.02549778,0.0,-0.028677968,0.00032329466,-0.08727756,0.019478576,0.0042194496,-0.15440005,0.07353933,0.38572955,1.9587572,-0.20712985,-0.11627515,0.08092187,0.0070197624,0.0,0.018415427,0.010904469,0.0,0.0,0.013250568,0.0007005774,-0.0062038978,0.009155081,-0.02035338,-0.06205132,0.0,0.04892064,0.031219222,-0.11224075,0.01819984,0.0,0.021705927,-0.13828608,-0.019422717,-0.14203776,0.0,0.0011384798,0.0,0.0,0.0015274035,0.002258628,-0.5505572,-0.25756273,0.0,0.0,-0.041355602,0.028787285,0.32171106,0.0,0.0,0.0,0.0033027634,-0.046348944,0.011106845,0.0003310067,0.0,0.0,0.0,0.0,0.0,0.0,0.08101624,0.010600343,0.11263741,0.009046913,0.0,-0.007108107,0.0,0.0,0.0,-0.04939468,0.06900592,-0.082725026,-0.2583257,-0.059257902,0.0,-0.2000494,-0.03874257,-0.15900525,-0.015934028,-0.90119207,-0.004495864,0.001080007,-0.03689138,-0.031279873,-0.1567441,-0.013538529,-0.021209024,-0.121682495,0.0026562298,-0.0318094,0.009322835,0.16166338,0.44654378,-0.0023990069,0.0,-0.21210529,0.0,0.044527527,0.01600558,-0.031038143,0.040700004,0.6184657,0.021213014,0.23331274,-0.24366394
W013,0.02549778,0.0,-0.021077534,0.00032329466,-0.08444764,0.027958727,0.009611131,-0.16046453,0.0647076,0.3705504,1.9970598,-0.20712985,-0.18614605,0.051241443,0.0070197624,0.0,0.018415427,0.010904469,0.0,0.0,-0.016175982,-0.008383365,0.0009106493,0.009155081,0.049049623,-0.06912905,0.0,0.05452189,0.031219222,0.037012845,0.01819984,0.0,0.021705927,-0.15754077,-0.019422717,-0.13959803,0.0,0.0011384798,0.0,0.0,0.0065269433,0.0075859358,-0.61533093,-0.2621661,0.0,0.0,-0.063760586,-0.013777511,0.45468408,0.0,0.0,0.0,0.0033027634,-0.03284574,0.011106845,-0.022468735,0.0,0.0,0.0,0.0,0.0,0.0,0.054480962,0.016874122,0.10353964,0.003398105,0.0,-0.007108107,0.0,0.0,0.0,-0.047941007,0.07846522,-0.082883894,-0.30963358,0.07189576,0.0,-0.17909776,0.057476323,0.0930244,-0.014214488,0.385776,0.008729893,-0.0010443471,0.029139007,0.005335622,0.08059497,-0.020713879,-0.023153756,-0.05705569,0.00092254893,0.015746381,-0.054293096,-0.14281136,-0.60633963,-0.009067345,0.0,0.08851357,0.0,-0.082552224,-0.014220054,0.006667665,-0.04962781,0.6530802,0.021213014,0.27467692,-0.25810084
W014,0.02549778,0.0,-0.031431608,-0.0010522697,-0.060902927,0.03447859,0.012763365,-0.17060778,0.0647076,0.38989162,2.0409257,-0.20712985,-0.16463868,0.07760809,0.0070197624,0.0,0.018415427,0.010904469,0.0,0.0,-0.0076403255,0.015108576,-0.021169927,-0.04972528,-0.05026737,-0.06912905,0.0,0.05493792,0.031219222,-0.15634866,0.01819984,0.0,0.021705927,-0.15754077,0.010468015,-0.13073574,0.0,0.00074903487,0.0,0.0,0.0065269433,0.0046732845,-0.67089933,-0.3997639,0.0,0.0,0.013019897,0.00837688,0.42523873,0.0,0.0,0.0,0.0033027634,-0.04214224,0.011106845,-0.029390752,0.0,0.0,0.0,0.0,0.0,0.0,0.054480962,0.01767047,0.10983101,0.009046913,0.0,-0.007108107,0.0,0.0,0.0,-0.04939468,0.07846522,-0.082718484,-0.27664378,-0.066435106,0.0,0.18427484,0.008890737,0.16223569,-0.031268556,0.4273423,-0.008050583,-0.0010443471,-0.02037437,0.015309991,-0.07045938,-0.025068913,-0.010206124,-0.14648268,0.0026562298,0.014537299,-0.032162078,-0.028132962,0.35945293,-0.009067345,0.0,0.086311035,0.0,-0.052957892,0.01600558,-0.049533803,0.038432922,0.674834,0.021213014,0.27448115,0.06818947
W015,0.02549778,0.0,-0.00988283,-0.0006470373,-0.08444764,0.017746512,0.009265303,-0.16046453,0.080290794,0.35968137,1.9546714,-0.20712985,-0.17626448,0.05769955,0.006257262,0.0,0.018415427,0.010904469,0.0,0.0,0.013250568,-0.008383365,0.006348255,-0.034050845,0.049049623,-0.06912905,0.0,0.057425536,0.031219222,-0.11932911,0.01819984,0.0,0.021705927,-0.15754077,-0.019422717,-0.13959803,0.0,0.0011384798,0.0,0.0,0.002579819,0.0030546,-0.61957014,-0.29463193,0.0,0.0,-0.060471922,-0.006119639,0.43911463,0.0,0.0,0.0,0.0033027634,-0.037052445,0.011106845,-0.013326308,0.0,0.0,0.0,0.0,0.0,0.0,0.06579312,0.013672151,0.10353964,0.003398105,0.0,-0.007108107,0.0,0.0,0.0,-0.04939468,-0.058893308,-0.082883894,-0.31594405,0.056842588,0.0,-0.18867502,-0.12361835,0.15514837,0.035329282,0.40537202,-0.012771191,-0.0010443471,-0.02421443,0.005335622,-0.09560522,-0.020713879,-0.059912667,-0.16386679,0.00092254893,-0.009880809,-0.019184431,-0.14082715,-0.5102997,-0.009067345,0.0,-0.13169707,0.0,0.0075683277,0.01600558,-0.0492929,-0.09799863,0.6656595,0.021213014,0.2591715,-0.36341047
W016,0.02549778,0.0,-0.021077534,-0.0020226012,-0.10915093,0.03447859,0.009527162,-0.16046453,0.07310761,0.36148363,1.94712,-0.20712985,-0.17505646,0.05017383,0.006257262,0.0,0.018415427,0.010904469,0.0,0.0,0.010537269,-0.008383365,0.0009106493,-0.034050845,0.049049623,-0.06205132,0.0,0.047579117,0.031219222,-0.15697217,0.01819984,0.0,0.021705927,-0.15754077,-0.041874565,-0.14203776,0.0,0.0011384798,0.0,0.0,0.0015274035,0.0046732845,-0.56514114,-0.28357485,0.0,0.0,0.0079061715,0.044345796,0.438802,0.0,0.0,0.0,0.0033027634,-0.0444247,0.011106845,-0.029390752,0.0,0.0,0.0,0.0,0.0,0.0,0.07624288,0.011641865,0.10634603,0.003398105,0.0,-0.007108107,0.0,0.0,0.0,-0.04338522,-0.058893308,0.042921215,0.22269553,-0.066435106,0.0,0.15678842,-0.023476113,-0.19986823,-0.009679914,-0.7805772,-0.004495864,-0.0010443471,0.046026543,0.015031384,-0.11336833,-0.013538529,-0.05437624,-0.14648268,-0.0072187497,-0.009880809,0.005866712,-0.12321902,-0.51186484,-0.014466135,0.0,0.09628883,0.0,-0.082552224,-0.014220054,0.006568113,0.04120282,0.6163205,0.021213014,0.27484706,-0.30513
W017,0.02549778,0.0,-0.021077534,0.00032329466,-0.08444764,0.026570344,0.012847334,-0.15744475,0.07731735,0.37244144,1.9473774,-0.20712985,-0.18614605,-0.26262268,0.006257262,0.0,0.018415427,0.010904469,0.0,0.0,0.010537269,-0.008383365,0.0009106493,-0.023506533,0.049049623,-0.06912905,0.0,0.049307287,0.031219222,-0.1235705,0.01819984,0.0,0.021705927,-0.14696711,-0.019422717,-0.13959803,0.0,0.0011384798,0.0,0.0,0.002579819,0.0075859358,-0.5542811,-0.27397305,0.0,0.0,-0.060471922,-0.013777511,0.5435293,0.0,0.0,0.0,0.0033027634,-0.0351282,0.011106845,0.0013514396,0.0,0.0,0.0,0.0,0.0,0.0,0.06493072,0.016874122,0.100721404,0.003398105,0.0,-0.007108107,0.0,0.0,0.0,-0.04338522,-0.058893308,-0.010180233,0.003036607,0.06116353,0.0,-0.17098156,-0.13825098,-0.1920332,-0.014214488,0.28330114,-0.004495864,-0.0010443471,-0.0028999094,0.012349693,0.028979538,-0.020713879,-0.07567568,-0.14924861,-0.0072187497,0.0014313441,0.009322835,-0.1507461,-0.5850738,-0.03451601,0.0,0.087544344,0.0,-0.082552224,-0.014220054,0.004397517,-0.035197556,0.70338887,0.021213014,0.27196762,-0.31399578
W018,0.02549778,0.0,-0.021559099,0.00032329466,-0.10915093,0.020247787,0.012501506,-0.16046453,0.05709269,0.36747074,1.8607514,-0.20712985,-0.17505646,0.03336315,0.006257262,0.0,0.018415427,0.010904469,0.0,0.0,0.010537269,-0.008383365,0.0009106493,0.009155081,0.05267738,-0.06205132,0.0,0.047231838,0.031219222,-0.14082581,0.01819984,0.0,0.021705927,-0.13276199,-0.019422717,-0.15090005,0.0,0.0011384798,0.0,0.0,0.0015274035,0.0046732845,-0.54939604,-0.19355687,0.0,0.0,-0.041355602,-0.043880153,0.4012277,0.0,0.0,0.0,0.0033027634,-0.0351282,0.011106845,-0.008811419,0.0,0.0,0.0,0.0,0.0,0.0,0.06493072,0.0148438355,0.10634603,0.003398105,0.0,-0.007108107,0.0,0.0,0.0,0.053880364,-0.058893308,-0.082725026,-0.30975327,-0.06426145,0.0,0.16830476,-0.03807934,-0.1920332,-0.026309136,-0.87167096,0.008729893,-0.0010443471,0.0027022096,-0.027652863,0.11385469,-0.013538529,-0.046714306,-0.098864965,0.00092254893,0.015746381,0.009079958,-0.12592912,-0.6014924,0.006179033,0.0,-0.1644587,0.0,-0.082552224,-0.014220054,-0.004769,-0.056563683,0.62262714,0.021213014,0.2435372,-0.25722122
W019,0.02549778,0.0,-0.021077534,0.00032329466,-0.13120548,0.027255218,-0.06403421,-0.16046453,0.07310761,0.3569851,1.9078455,-0.20712985,-0.17748009,0.04721034,0.006257262,0.0,0.018415427,0.010904469,0.0,0.0,-0.006346247,-0.008383365,0.005948717,-0.056376167,0.05267738,-0.06205132,0.0,0.05072912,0.031219222,-0.14252569,0.01819984,0.0,0.021705927,-0.13276199,-0.019422717,-0.15090005,0.0,-0.015878808,0.0,0.0,0.0025782634,0.0075859358,-0.6278505,-0.24173555,0.0,0.0,-0.04281255,-0.04978441,0.4443848,0.0,0.0,0.0,0.0033027634,-0.03284574,0.011106845,-0.022468735,0.0,0.0,0.0,0.0,0.0,0.0,0.06493072,0.013802314,0.10353964,0.003398105,0.0,-0.007108107,0.0,0.0,0.0,-0.04939468,-0.058893308,-0.05940721,-0.3202092,0.06116353,0.0,-0.19047216,0.019061282,-0.1920332,0.039951757,-1.0348884,-0.004495864,-0.0010443471,-0.035528727,-0.027652863,-0.0024500452,-0.025068913,0.012720178,-0.11231196,0.00092254893,0.0014313441,-0.037672374,-0.14065462,-0.591093,-0.014466135,0.0,0.10281238,0.0,-0.028727045,0.01600558,-0.0025984044,-0.056563683,0.6535454,0.021213014,0.26755005,-0.118280455
W020,0.02549778,0.0,-0.021077534,0.00032329466,-0.06257427,0.027255218,0.005642888,-0.16046453,0.064275876,0.39367187,2.025758,-0.20712985,-0.117483184,0.08863622,0.006257262,0.0,0.018415427,0.010904469,0.0,0.0,-0.009228827,-0.008383365,-0.0006049512,0.009155081,0.05267738,-0.06912905,0.0,0.045763142,0.031219222,-0.17460714,0.01819984,0.0,0.021705927,-0.15754077,-0.019422717,-0.13959803,0.0,0.0011384798,0.0,0.0,0.002579819,0.0075859358,-0.6498655,-0.2901213,0.0,0.0,-0.050118167,-0.013777511,0.4454224,0.0,0.0,0.0,0.0033027634,-0.03284574,0.011106845,-0.022468735,0.0,0.0,0.0,0.0,0.0,0.0,0.06970409,0.013672151,0.10983101,0.009046913,0.0,-0.007108107,0.0,0.0,0.0,-0.047941007,-0.058893308,-0.059572622,-0.28383124,0.07189576,0.0,-0.17909776,-0.110199824,-0.16213688,-0.0007105535,0.39283264,-0.012771191,-0.0010443471,-0.06797746,-0.027652863,-0.07045938,-0.020713879,0.018069157,-0.11231196,0.0026562298,0.015746381,-0.032162078,-0.15542889,0.48791277,-0.03451601,0.0,0.09025137,0.0,-0.054992415,0.01600558,0.0063272105,-0.0471225,0.69114786,0.021213014,0.28883132,-0.3414149
W021,0.02549778,0.0,-0.031431608,0.00032329466,-0.08444764,0.026570344,0.012847334,-0.16046453,0.064275876,0.3899737,2.0652232,-0.20712985,-0.1653366,0.071734026,0.006257262,0.0,0.018415427,0.010904469,0.0,0.0,-0.013462683,-0.008383365,0.002299476,0.009155081,-0.05026737,-0.06912905,0.0,0.051593304,0.031219222,0.037012845,0.01819984,0.0,0.021705927,-0.15754077,-0.041874565,-0.13959803,0.0,0.0024916206,0.0,0.0,0.002579819,0.0075859358,-0.5072053,-0.22600034,0.0,0.0,-0.060471922,-0.013777511,0.49905276,0.0,0.0,0.0,0.0033027634,-0.03284574,0.011106845,-0.008811419,0.0,0.0,0.0,0.0,0.0,0.0,0.06493072,0.016874122,0.10983101,0.009046913,0.0,-0.007108107,0.0,0.0,0.0,-0.04338522,-0.058893308,-0.082725026,0.22331282,0.06116353,0.0,-0.17098156,-0.10168509,-0.1920332,-0.014214488,0.39283264,0.008729893,-0.0010443471,-0.0028999094,0.0056142285,0.030356888,-0.013538529,-0.044145353,-0.060371026,-0.020784434,0.015746381,-0.054293096,-0.13852316,-0.25190723,-0.0015618987,0.0,0.08928215,0.0,-0.082552224,0.01600558,-0.03093859,-0.042479772,0.65376884,0.021213014,0.28418168,-0.3321001
W022,0.02549778,0.0,0.0113970665,-0.079831466,0.09601257,-0.057132013,-0.06812204,-0.17060778,0.05709269,0.31740147,1.9388077,-0.20712985,-0.22377142,0.03336315,0.006257262,0.0,0.018415427,0.010904469,0.0,0.0,0.0036403406,0.0007005774,0.0008420984,-0.04972528,-0.12108312,-0.061404176,0.0,0.06103924,0.031219222,-0.09457024,0.01819984,0.0,0.021705927,-0.13276199,-0.0119838305,-0.15090005,0.0,-0.034751575,0.0,0.0,0.0015274035,0.0030546,-0.5628272,-0.23268521,0.0,0.0,-0.04337206,0.04528052,0.51216644,0.0,0.0,0.0,0.0033027634,-0.05330274,-0.018059755,0.012484281,0.0,0.0,0.0,0.0,0.0,0.0,0.054480962,0.0148438355,0.10353964,0.003398105,0.0,-0.007108107,0.0,0.0,0.0,-0.04338522,-0.058893308,0.050402917,0.2559692,-0.05154247,0.0,0.19367345,-0.024560727,0.0930244,-0.049118236,-0.789165,0.0068550985,-0.0010443471,-0.047357798,0.011869911,0.11385469,0.0059192106,0.012477228,-0.1525726,-0.0072187497,0.014537299,-0.037672374,-0.11183542,-0.5720765,-0.01766944,0.0,0.09025319,0.0,-0.082552224,-0.014220054,-0.0025984044,-0.09799863,0.64126897,0.021213014,0.2222887,0.04726065
W023,0.02549778,0.0,-0.021077534,0.00032329466,-0.08444764,0.026570344,0.012763365,-0.15744475,0.06130243,0.3689529,2.0162175,-0.20712985,-0.17626448,-0.245812,0.006257262,0.0,0.018415427,0.010904469,0.0,0.0,0.010537269,-0.008383365,0.0009106493,-0.023506533,0.049049623,-0.06912905,0.0,0.05278354,0.031219222,-0.050757185,0.01819984,0.0,0.021705927,-0.14696711,-0.019422717,-0.13959803,0.0,0.0011384798,0.0,0.0,0.002579819,0.0075859358,-0.532985,-0.2621661,0.0,0.0,-0.060471922,0.00837688,0.49813783,0.0,0.0,0.0,0.0033027634,-0.0444247,0.011106845,0.009763762,0.0,0.0,0.0,0.0,0.0,0.0,0.06493072,0.016874122,0.09791501,0.003398105,0.0,-0.007108107,0.0,0.0,0.0,-0.04939468,-0.058893308,-0.082883894,-0.33370227,0.06116353,0.0,-0.17098156,-0.12866457,-0.1920332,-0.009679914,0.33910564,-0.012771191,-0.0010443471,-0.0028999094,0.005335622,0.07204081,-0.020713879,0.013461599,0.07444071,0.00092254893,0.015746381,-0.037429497,-0.12346061,-0.59411967,-0.009067345,0.0,0.09805183,0.0,-0.082552224,0.01600558,-0.0492929,-0.025156137,0.7481195,0.021213014,0.28303,-0.34198707
W024,0.02549778,0.0,-0.031431608,-0.0006470373,-0.06257427,0.029104164,0.009611131,-0.16046453,0.08072252,0.37153697,2.1060183,-0.20712985,-0.12736474,0.09016396,0.0070197624,0.0,0.018415427,0.010904469,0.0,0.0,-0.013462683,-0.008383365,-0.004419357,0.009155081,0.025307622,-0.06912905,0.0,0.050525963,0.031219222,0.04557716,0.01819984,0.0,0.021705927,-0.16306484,-0.019422717,-0.13959803,0.0,0.0011384798,0.0,0.0,0.002579819,0.0046732845,-0.5929445,-0.27397305,0.0,0.0,-0.060471922,-0.013777511,0.48394412,0.0,0.0,0.0,0.0033027634,-0.03284574,0.011106845,0.0047894176,0.0,0.0,0.0,0.0,0.0,0.0,0.06579312,0.02087244,0.11263741,0.009046913,0.0,-0.007108107,0.0,0.0,0.0,-0.04338522,0.06900592,-0.03569699,-0.056563698,-0.066435106,0.0,0.19430773,-0.11170213,0.08309397,-0.035803128,0.41590482,-0.02929924,-0.0010443471,-0.02037437,0.012349693,0.030356888,-0.020713879,-0.07192263,-0.04054966,0.0026562298,-0.011089892,0.0109755,0.13892281,0.2989071,0.0029997826,0.0,-0.093451485,0.0,-0.052957892,0.01600558,-0.048126917,-0.035905898,0.62152004,0.021213014,0.28713986,-0.33929798
W025,0.02549778,0.0,-0.031431608,0.00032329466,-0.10915093,0.026514241,0.012847334,-0.17060778,0.05709269,0.3803913,1.808367,-0.20712985,-0.17505646,0.05017383,0.006257262,0.0,0.018415427,0.010904469,0.0,0.0,-0.016175982,0.015108576,-0.023844196,-0.023506533,-0.13030365,-0.06205132,0.0,0.048385814,0.031219222,-0.11118378,0.01819984,0.0,0.021705927,-0.15754077,-0.019422717,-0.14203776,0.0,0.00074903487,0.0,0.0,0.0015274035,0.0075859358,-0.5692207,-0.24947557,0.0,0.0,-0.047323354,-0.051538028,0.44468367,0.0,0.0,0.0,0.0033027634,-0.03284574,0.019540971,0.002789167,0.0,0.0,0.0,0.0,0.0,0.0,0.06493072,0.0148438355,0.10353964,0.003398105,0.0,-0.007108107,0.0,0.0,0.0,-0.04338522,-0.058893308,-0.082883894,-0.21241307,0.06116353,0.0,0.1536192,-0.038003333,-0.19986823,-0.049307063,-0.7660526,0.008729893,-0.0010443471,0.0027022096,-0.031279873,0.13251086,-0.020713879,-0.030474145,-0.14819133,0.00092254893,0.014537299,-0.032162078,-0.13597181,-0.57858455,-0.014466135,0.0,0.09534574,0.0,-0.071613535,-0.032830574,-0.031279046,0.04120282,0.66898507,0.021213014,0.255488,-0.29938474
W026,0.02549778,0.0,-0.021077534,0.00032329466,-0.08444764,0.025866834,0.012847334,-0.16046453,0.064275876,0.3812673,2.0347605,-0.20712985,-0.18614605,0.059870873,0.006257262,0.0,0.018415427,0.010904469,0.0,0.0,-0.013462683,-0.008383365,0.0009106493,0.009155081,0.05267738,-0.06912905,0.0,0.0510246,0.031219222,0.04258758,0.01819984,0.0,0.021705927,-0.15754077,-0.019422717,-0.13073574,0.0,0.0011384798,0.0,0.0,0.002579819,0.0075859358,-0.5461546,-0.2576555,0.0,0.0,-0.050118167,-0.013777511,0.52429044,0.0,0.0,0.0,0.0033027634,-0.03284574,0.011106845,-0.008811419,0.0,0.0,0.0,0.0,0.0,0.0,0.06493072,0.016874122,0.10353964,0.003398105,0.0,-0.007108107,0.0,0.0,0.0,-0.041931547,-0.058893308,0.042762347,-0.07133671,0.07189576,0.0,-0.17098156,-0.11321673,-0.19986823,-0.014214488,0.29388183,-0.02929924,-0.0010443471,-0.0028999094,-0.027652863,0.018877529,-0.020713879,-0.061728224,-0.06292027,-0.0072187497,0.015746381,-0.017531766,-0.1187778,-0.55327773,-0.009067345,0.0,0.091070645,0.0,-0.082552224,-0.007818974,0.005563498,0.038201332,0.664686,0.021213014,0.28191864,-0.29539022
W027,0.02549778,0.0,-0.00988283,-0.0006470373,-0.08444764,0.022057408,0.009611131,-0.15744475,0.061734155,0.35127106,1.9440801,-0.20712985,-0.17626448,-0.25216484,0.0070197624,0.0,0.018415427,0.010904469,0.0,0.0,-0.011819139,-0.008383365,-0.0070936265,-0.07797696,0.049049623,-0.06912905,0.0,0.049867667,0.031219222,-0.00748095,0.01819984,0.0,0.021705927,-0.14696711,-0.019422717,-0.13959803,0.0,0.0011384798,0.0,0.0,0.002579819,0.002258628,-0.5612751,-0.27397305,0.0,0.0,-0.060471922,-0.013777511,0.5391416,0.0,0.0,0.0,0.0033027634,-0.037052445,0.011106845,0.0035215649,0.0,0.0,0.0,0.0,0.0,0.0,0.06493072,0.016874122,0.09791501,0.003398105,0.0,-0.007108107,0.0,0.0,0.0,-0.04338522,0.07846522,-0.03569699,-0.07133671,-0.059257902,0.0,-0.17112528,-0.12788436,-0.1920332,-0.049307063,0.35446554,-0.012771191,-0.0010443471,-0.06934011,0.005335622,0.08059497,-0.020713879,-0.05536009,-0.17682298,0.00092254893,0.014537299,-0.054293096,-0.14337292,-0.592848,-0.009067345,0.0,0.09245478,0.0,-0.071613535,-0.014220054,0.006667665,-0.0368706,0.7371191,0.021213014,0.26288188,-0.3278126
W028,0.02549778,0.0,-0.021077534,0.00032329466,-0.08444764,0.027958727,0.012847334,-0.16046453,0.064275876,0.38004732,1.9740858,-0.20712985,-0.18614605,0.05834313,0.006257262,0.0,0.018415427,0.010904469,0.0,0.0,-0.016175982,-0.008383365,0.0009106493,0.009155081,0.049049623,-0.06912905,0.0,0.047231838,0.031219222,-0.1638848,0.01819984,0.0,0.021705927,-0.15754077,-0.019422717,-0.13959803,0.0,0.0011384798,0.0,0.0,0.002579819,0.0075859358,-0.61533093,-0.30643883,0.0,0.0,-0.060471922,-0.013777511,0.49301648,0.0,0.0,0.0,0.0033027634,-0.03284574,0.011106845,-0.022468735,0.0,0.0,0.0,0.0,0.0,0.0,0.06493072,0.013672151,0.10353964,0.003398105,0.0,-0.007108107,0.0,0.0,0.0,-0.04338522,-0.058893308,-0.059572622,-0.22339585,0.06116353,0.0,-0.17909776,-0.1204699,-0.1920332,-0.014214488,0.40186098,-0.004495864,-0.0010443471,0.029139007,0.005335622,-0.07045938,-0.020713879,0.014593969,-0.11231196,0.00092254893,0.015746381,-0.019184431,-0.1507461,-0.59411967,-0.009067345,0.0,0.08851357,0.0,-0.082552224,-0.007818974,0.006568113,-0.056563683,0.68246245,0.021213014,0.28253725,-0.26283
W029,0.02549778,0.0,-0.021077534,-0.0010522697,-0.11247122,0.021555938,-0.06403421,-0.16046453,0.0647076,0.37499264,2.0287979,-0.20712985,0.08687034,0.05769955,0.0070197624,0.0,0.018415427,0.010904469,0.0,0.0,0.0036403406,-0.008383365,-0.016688254,-0.04972528,0.05267738,-0.06912905,0.0,0.047231838,0.031219222,-0.1519645,0.01819984,0.0,0.021705927,-0.15754077,0.010468015,-0.13959803,0.0,0.0011384798,0.0,0.0,0.002579819,0.0075859358,-0.6124027,-0.24071267,0.0,0.0,-0.063993536,-0.012023898,0.46693987,0.0,0.0,0.0,0.0033027634,-0.03284574,-0.018059755,-0.029390752,0.0,0.0,0.0,0.0,0.0,0.0,0.06493072,0.016874122,0.10634603,0.003398105,0.0,-0.007108107,0.0,0.0,0.0,0.037475124,0.07846522,-0.08236109,-0.24628109,0.06942034,0.0,-0.1885313,-0.13138364,-0.1920332,0.039951757,0.381864,-0.011341568,-0.0010443471,-0.0028999094,-0.027652863,0.07204081,0.0040597003,0.011587809,-0.09202589,0.00092254893,0.015746381,0.005866712,-0.13401553,-0.5736749,-0.03451601,0.0,-0.111313984,0.0,0.051508956,-0.014220054,-0.0492929,-0.051134504,0.64471066,0.021213014,0.25852555,0.053084664
W030,0.02549778,0.0,-0.021077534,-0.0006470373,-0.14028597,0.026114289,-0.05419809,-0.16758803,0.07013416,0.34130168,1.946676,-0.20712985,-0.20244883,-0.25135452,0.006257262,0.0,0.018415427,0.010904469,0.0,0.0,-0.009228827,0.0007005774,0.0009106493,-0.04972528,0.049049623,-0.06205132,0.0,0.04835491,0.031219222,-0.0867763,0.01819984,0.0,0.021705927,-0.14696711,0.010468015,-0.15090005,0.0,0.0011384798,0.0,0.0,0.0015274035,0.0075859358,-0.63190854,-0.3173532,0.0,0.0,-0.060242634,0.04528052,0.4819796,0.0,0.0,0.0,0.0033027634,-0.04214224,0.011106845,-0.022468735,0.0,0.0,0.0,0.0,0.0,0.0,0.07624288,0.0148438355,0.09791501,0.003398105,0.0,-0.007108107,0.0,0.0,0.0,-0.04338522,-0.058893308,0.043285154,-0.23910096,-0.047221527,0.0,0.21233578,-0.10335161,-0.1920332,-0.049118236,-0.87383413,-0.012771191,0.001080007,-0.03305132,0.005335622,-0.0024500452,0.0040597003,-0.043642465,0.061872795,0.00092254893,-0.011089892,-0.032162078,-0.123971306,-0.6016607,-0.014466135,0.0,-0.11955646,0.0,-0.082552224,0.01600558,-0.049533803,-0.08542141,0.7422643,0.021213014,0.24775818,-0.058893003
W031,0.02549778,0.0,-0.015156532,0.0030243113,-0.055984788,0.027701233,0.002322716,-0.13801205,0.062322475,0.34250516,1.9890671,-0.15819742,-0.13511802,-0.26052976,0.0146349445,0.0,0.018415427,0.010904469,0.0,0.0,-0.04605858,0.015108576,-0.021169927,-0.04972528,0.03356328,-0.11700892,0.0,0.051281027,0.031219222,-0.15271442,0.01819984,0.0,0.021705927,-0.14696711,0.010468015,-0.13959803,0.0,0.00074903487,0.0,0.0,0.002579819,0.0075859358,-0.60091174,-0.29447064,0.0,0.0,0.010543093,0.0075536957,-0.9155458,0.0,0.0,0.0,0.0033027634,-0.010897068,0.011106845,-0.022468735,0.0,0.0,0.0,0.0,0.0,0.0,0.06970409,0.012246648,0.10420638,0.009046913,0.0,-0.007108107,0.0,0.0,0.0,0.0100928135,-0.065491326,0.03876979,-0.21422014,0.089363195,0.0,-0.18041202,-0.159949,-0.16213688,0.0038240198,0.313384,-0.004823425,-0.00746914,-0.054722853,-0.008575409,0.03688711,-0.017237872,-0.07079025,-0.094236694,0.0026562298,0.015746381,-0.032162078,-0.1475856,0.6768503,-0.009067345,0.0,-0.08726443,0.0,-0.052957892,0.01600558,0.0063272105,-0.0471225,0.8002991,0.021213014,0.25300494,0.070955314
W032,0.02549778,0.0,-0.021077534,0.00032329466,-0.08444764,0.031271152,0.012763365,-0.16046453,0.0647076,0.36904573,1.9869616,-0.20712985,-0.18614605,0.0497137,0.0070197624,0.0,0.018415427,0.010904469,0.0,0.0,-0.016175982,-0.008383365,0.0009106493,-0.034050845,0.049049623,-0.06912905,0.0,0.05072912,0.031219222,-0.1519645,0.01819984,0.0,0.021705927,-0.15754077,-0.019422717,-0.13959803,0.0,0.0011384798,0.0,0.0,0.0065269433,0.0075859358,-0.5918299,-0.3042596,0.0,0.0,0.009146901,0.00837688,0.4559977,0.0,0.0,0.0,0.0033027634,-0.04214224,0.011106845,-0.022468735,0.0,0.0,0.0,0.0,0.0,0.0,0.06493072,0.016874122,0.10353964,0.003398105,0.0,-0.007108107,0.0,0.0,0.0,-0.047941007,-0.0032653715,-0.059413753,-0.32179242,0.07189576,0.0,-0.16382222,0.02374757,-0.1920332,-0.009679914,0.36764547,-0.02929924,-0.0010443471,-0.011707921,0.015031384,0.07204081,-0.013538529,0.0056301523,-0.112862475,0.00092254893,0.015746381,-0.037429497,-0.15542889,-0.58412874,-0.009067345,0.0,0.08851357,0.0,-0.082552224,-0.014220054,0.006568113,-0.056563683,0.6626425,0.021213014,0.28534445,-0.33237875
W033,0.02549778,0.0,-0.021077534,0.00032329466,-0.08444764,0.026570344,0.012847334,-0.16046453,0.064275876,0.38910478,1.9462068,-0.20712985,-0.17626448,0.041532453,0.0070197624,0.0,0.018415427,0.010904469,0.0,0.0,-0.016175982,-0.008383365,0.0009106493,-0.023506533,0.049049623,-0.06912905,0.0,0.04910586,0.031219222,-0.13545597,0.01819984,0.0,0.021705927,-0.15754077,-0.019422717,-0.13959803,0.0,0.0011384798,0.0,0.0,0.002579819,0.0075859358,-0.57303494,-0.2621661,0.0,0.0,-0.060471922,-0.013777511,0.4976281,0.0,0.0,0.0,0.0033027634,-0.03284574,0.011106845,-0.008811419,0.0,0.0,0.0,0.0,0.0,0.0,0.06493072,0.016874122,0.10353964,0.003398105,0.0,-0.007108107,0.0,0.0,0.0,-0.04338522,-0.0480342,-0.082883894,-0.22339585,0.06116353,0.0,-0.17098156,-0.12165187,-0.1920332,-0.014214488,0.35448915,-0.012771191,-0.0010443471,-0.0028999094,0.005335622,0.07204081,-0.020713879,-0.044145353,-0.115627296,-0.0072187497,0.015746381,-0.019184431,-0.13852316,-0.6078586,-0.0015618987,0.0,0.087544344,0.0,-0.082552224,-0.014220054,-0.031038143,-0.056563683,0.6821584,0.021213014,0.27531233,-0.33193636
W034,0.02549778,0.0,-0.031431608,0.00032329466,-0.09352812,0.026570344,0.012847334,-0.16758803,0.06130243,0.36334574,1.9873545,-0.20712985,-0.18614605,-0.26897553,0.006257262,0.0,0.018415427,0.010904469,0.0,0.0,0.010537269,0.0007005774,-0.023844196,-0.023506533,-0.05026737,-0.06912905,0.0,0.05232267,0.031219222,0.05618836,0.01819984,0.0,0.021705927,-0.14696711,-0.019422717,-0.13073574,0.0,0.00074903487,0.0,0.0,0.002579819,0.0075859358,-0.50420094,-0.26304483,0.0,0.0,-0.060471922,-0.013777511,0.52321094,0.0,0.0,0.0,0.0033027634,-0.0351282,0.011106845,-0.008811419,0.0,0.0,0.0,0.0,0.0,0.0,0.054480962,0.016874122,0.09791501,0.003398105,0.0,-0.007108107,0.0,0.0,0.0,0.037475124,-0.058893308,0.042921215,-0.011701737,0.06942034,0.0,-0.17098156,-0.14115106,0.10011174,-0.014214488,0.3846593,-0.004495864,-0.0010443471,-0.0028999094,0.012628298,0.030356888,0.0036840048,-0.016526684,-0.06063108,-0.0072187497,0.015746381,-0.03577683,-0.13327879,-0.6004043,-0.0015618987,0.0,0.08851357,0.0,-0.071613535,-0.032830574,-0.029872162,0.045975674,0.73036677,0.021213014,0.27113163,-0.38457596
W035,0.02549778,0.0,-0.021077534,-0.0010522697,-0.09352812,0.02364783,0.012847334,-0.15744475,0.064275876,0.37965995,1.9710608,-0.20712985,-0.18614605,0.010464534,0.006257262,0.0,0.018415427,0.010904469,0.0,0.0,-0.016175982,-0.008383365,-0.0070936265,-0.034050845,0.049049623,-0.06912905,0.0,0.047579117,0.031219222,-0.15527229,0.01819984,0.0,0.021705927,-0.15754077,-0.019422717,-0.13073574,0.0,0.0011384798,0.0,0.0,0.002579819,0.0046732845,-0.58307564,-0.31062156,0.0,0.0,-0.060471922,-0.013777511,0.5359804,0.0,0.0,0.0,0.0033027634,-0.03284574,0.011106845,-0.029390752,0.0,0.0,0.0,0.0,0.0,0.0,0.06493072,0.013672151,0.10634603,0.003398105,0.0,-0.007108107,0.0,0.0,0.0,-0.04338522,-0.058893308,0.042921215,-0.04781405,-0.066435106,0.0,-0.1966475,-0.12674388,-0.19986823,-0.014214488,0.38957137,-0.004495864,-0.0010443471,0.029139007,0.012349693,-0.09560522,0.0036840048,0.016304074,-0.12871057,-0.0072187497,0.015746381,0.005866712,-0.14138871,-0.55477786,-0.03451601,0.0,-0.111313984,0.0,-0.071613535,0.01600558,0.006568113,0.04120282,0.64440656,0.021213014,0.27530736,-0.2966268
W036,0.02549778,0.0,-0.021077534,-0.0024904357,-0.07248525,0.029104164,0.002406685,-0.16046453,0.055240445,0.38801247,2.103584,-0.20712985,-0.16226643,0.079135835,0.006257262,0.0,0.018415427,0.010904469,0.0,0.0,0.000119441655,-0.008383365,-0.0006049512,0.0065593505,0.048016213,-0.06912905,0.0,0.053900965,0.031219222,0.111138694,0.01819984,0.0,0.021705927,-0.14182812,0.010468015,-0.13959803,0.0,0.0011384798,0.0,0.0,0.0065269433,0.0046732845,-0.66237056,-0.3588088,0.0,0.0,-0.08649141,-0.013777511,0.45698822,0.0,0.0,0.0,0.0033027634,-0.0351282,0.011106845,-0.031385016,0.0,0.0,0.0,0.0,0.0,0.0,0.08101624,0.01767047,0.10983101,0.009046913,0.0,-0.007108107,0.0,0.0,0.0,-0.04939468,-0.0537401,0.043285154,-0.2854786,-0.066435106,0.0,0.19896041,-0.17649077,-0.1511702,-0.035803128,0.44579822,0.0068550985,0.001080007,-0.02037437,0.005335622,-0.08608502,0.0040597003,-0.05661556,-0.034130186,0.0026562298,-0.008665342,-0.03577683,0.17128333,0.5285599,0.0029997826,0.0,-0.11354703,0.0,-0.054992415,0.01600558,-0.031661782,-0.036799543,0.6477226,0.021213014,0.26456645,0.0841269
W037,0.02549778,0.0,-0.021077534,-0.0020226012,-0.10915093,0.027958727,-0.055508908,-0.16046453,0.07310761,0.33993876,1.9111259,-0.20712985,-0.17505646,0.03336315,0.0070197624,0.0,0.018415427,0.010904469,0.0,0.0,-0.006346247,-0.008383365,-0.0057047997,0.009155081,0.049049623,-0.06205132,0.0,0.047231838,0.031219222,-0.16558468,0.01819984,0.0,0.021705927,-0.13276199,-0.041874565,-0.15090005,0.0,0.0024916206,0.0,0.0,0.0015274035,0.0046732845,-0.57087165,-0.19644386,0.0,0.0,-0.051709358,-0.051998094,0.46500146,0.0,0.0,0.0,0.0033027634,-0.03284574,0.011106845,-0.029390752,0.0,0.0,0.0,0.0,0.0,0.0,0.07624288,0.013802314,0.10634603,0.003398105,0.0,-0.007108107,0.0,0.0,0.0,-0.04338522,-0.0480342,0.042921215,0.25293782,-0.066435106,0.0,-0.19047216,-0.02569564,-0.1920332,-0.015336486,-0.9401151,-0.004495864,-0.0010443471,-0.035528727,0.012349693,-0.028319288,-0.013538529,-0.03908988,-0.1129864,-0.0072187497,-0.009880809,0.009322835,-0.04050894,-0.560591,-0.014466135,0.0,0.10375547,0.0,-0.071613535,-0.032830574,0.006568113,-0.056563683,0.62070084,0.021213014,0.2582933,-0.30866587
W038,0.02549778,0.0,-0.021077534,0.00032329466,-0.08444764,0.02364783,0.011423896,-0.1442568,0.080290794,0.3654496,1.9274287,-0.20712985,-0.18614605,0.06588079,0.0070197624,0.0,0.018415427,0.010904469,0.0,0.0,-0.016175982,-0.008383365,0.006348255,-0.034050845,0.049049623,-0.06912905,0.0,0.05072912,0.031219222,-0.16558468,0.01819984,0.0,0.021705927,-0.15754077,-0.019422717,-0.13959803,0.0,0.0011384798,0.0,0.0,0.0065269433,0.0075859358,-0.6553206,-0.28848806,0.0,0.0,-0.063760586,-0.007181633,0.44391453,0.0,0.0,0.0,0.0033027634,-0.04214224,0.011106845,-0.008811419,0.0,0.0,0.0,0.0,0.0,0.0,0.06579312,0.013672151,0.10353964,0.003398105,0.0,-0.007108107,0.0,0.0,0.0,-0.04939468,-0.0480342,-0.082725026,-0.32179242,0.06116353,0.0,-0.1966475,0.020569641,0.0930244,0.016647473,0.39904082,0.008729893,-0.0010443471,-0.06797746,-0.011257101,-0.12599191,-0.013538529,-0.061728224,-0.094996475,0.00092254893,-0.009880809,-0.037429497,-0.14082715,-0.5504635,-0.03451601,0.0,-0.1122832,0.0,-0.028727045,-0.014220054,0.004397517,-0.063711725,0.65871006,0.021213014,0.27534306,-0.29189765
W039,0.02549778,0.0,-0.031431608,0.00032329466,-0.06257427,0.030425185,0.0042194496,-0.17060778,0.064275876,0.37956643,2.078455,-0.20712985,-0.12736474,0.081534535,0.006257262,0.0,0.018415427,0.010904469,0.0,0.0,0.013250568,0.0007005774,-0.0006049512,0.009155081,0.03525357,-0.06912905,0.0,0.052965567,0.031219222,0.06003745,0.01819984,0.0,0.021705927,-0.15754077,-0.019422717,-0.13959803,0.0,0.0011384798,0.0,0.0,0.0065269433,0.0075859358,-0.65783036,-0.27496818,0.0,0.0,-0.063760586,-0.007181633,0.43170786,0.0,0.0,0.0,0.0033027634,-0.0444247,0.011106845,-0.022468735,0.0,0.0,0.0,0.0,0.0,0.0,0.06970409,0.02087244,0.10983101,0.009046913,0.0,-0.007108107,0.0,0.0,0.0,-0.047941007,-0.058893308,-0.082883894,-0.27192143,0.07189576,0.0,0.17962216,0.023586541,-0.16213688,-0.03148701,0.40883812,-0.02929924,-0.0010443471,-0.06550005,0.0056142285,0.030356888,-0.020713879,0.018069157,-0.053060427,0.0026562298,0.015746381,-0.03577683,-0.15542889,0.5069388,-0.009067345,0.0,0.082784735,0.0,-0.054992415,-0.014220054,0.007734094,-0.036799543,0.64947516,0.021213014,0.29608813,-0.35280257
W040,0.02549778,0.0,-0.021559099,0.00032329466,-0.096358046,0.023455223,0.005558919,-0.16046453,0.05709269,0.40437126,1.9157262,-0.20712985,-0.10639359,0.07806823,0.006257262,0.0,0.018415427,0.010904469,0.0,0.0,0.013250568,-0.008383365,-0.0006049512,-0.07797696,0.05267738,-0.06205132,0.0,0.045763142,0.031219222,-0.17460714,0.01819984,0.0,0.021705927,-0.15754077,-0.019422717,-0.15090005,0.0,0.0011384798,0.0,0.0,0.0015274035,0.0075859358,-0.6622778,-0.294304,0.0,0.0,-0.047323354,0.044345796,0.38473928,0.0,0.0,0.0,0.0033027634,-0.0444247,0.011106845,-0.022468735,0.0,0.0,0.0,0.0,0.0,0.0,0.06970409,0.011641865,0.10983101,0.009046913,0.0,-0.007108107,0.0,0.0,0.0,-0.04939468,-0.058893308,-0.010021362,-0.27192143,0.06116353,0.0,0.21233578,-0.036561284,-0.16213688,0.0038240198,-0.77536833,-0.012771191,-0.0010443471,-0.051089924,-0.027652863,-0.11336833,0.0036840048,0.014266791,-0.09343833,0.0026562298,0.015746381,-0.032162078,-0.045944035,0.48920804,-0.014466135,0.0,-0.19358583,0.0,-0.054992415,-0.014220054,-0.049533803,-0.041693322,0.66510826,0.021213014,0.25940558,-0.32248664
W041,0.02549778,0.0,-0.021559099,-0.0011148714,-0.11573537,0.021692274,0.009527162,-0.15744475,0.07013416,0.34300837,1.8754814,-0.20712985,-0.17399773,-0.24811432,0.006257262,0.0,0.018415427,0.010904469,0.0,0.0,0.010537269,-0.008383365,0.006348255,-0.023506533,0.048016213,-0.06205132,0.0,0.06265099,0.031219222,-0.08670905,0.01819984,0.0,0.021705927,-0.116046034,-0.019422717,-0.15090005,0.0,0.0011384798,0.0,0.0,0.0025782634,0.0046732845,-0.54576504,-0.23938301,0.0,0.0,-0.053166304,0.044345796,0.39223498,0.0,0.0,0.0,0.0033027634,-0.0444247,0.011106845,-0.008852285,0.0,0.0,0.0,0.0,0.0,0.0,0.054480962,0.010600343,0.100721404,0.003398105,0.0,-0.007108107,0.0,0.0,0.0,0.053880364,-0.058893308,0.042921215,-0.3034428,-0.06426145,0.0,-0.20802188,-0.16143276,0.15514837,-0.009679914,-0.93943226,0.008729893,-0.0010443471,-0.0029095472,-0.011257101,-0.13851416,0.0036840048,-0.042376902,0.055094607,0.00092254893,0.0014313441,0.009079958,-0.12068472,-0.54428715,0.006179033,0.0,-0.2225443,0.0,-0.028727045,-0.007818974,-0.004556204,-0.09799863,0.6973184,0.021213014,0.24382685,-0.30760852
W042,0.02549778,0.0,-0.021077534,0.00032329466,-0.10915093,0.02541078,0.009527162,-0.15744475,0.07310761,0.37307787,1.8745081,-0.20712985,-0.17505646,-0.02082977,0.006257262,0.0,0.018415427,0.010904469,0.0,0.0,-0.006346247,-0.008383365,0.006348255,-0.07797696,0.05267738,-0.06205132,0.0,0.05072912,0.031219222,-0.14252569,0.01819984,0.0,0.021705927,-0.13276199,-0.019422717,-0.15090005,0.0,0.0011384798,0.0,0.0,0.0025782634,0.0046732845,-0.6214466,-0.23327684,0.0,0.0,-0.04281255,0.044345796,0.46086282,0.0,0.0,0.0,0.0033027634,-0.04214224,0.011106845,-0.022468735,0.0,0.0,0.0,0.0,0.0,0.0,0.06493072,0.0148438355,0.10353964,0.003398105,0.0,-0.007108107,0.0,0.0,0.0,-0.04939468,-0.058893308,-0.059413753,-0.3273918,-0.066435106,0.0,0.17147397,-0.014634133,-0.1920332,-0.009679914,-0.97083366,-0.004495864,-0.0010443471,-0.051089924,-0.027652863,-0.0024500452,-0.013538529,-0.025744624,-0.09325668,0.00092254893,0.0014313441,-0.019427307,-0.12865412,-0.5451241,-0.014466135,0.0,-0.107791096,0.0,0.0075683277,0.01600558,-0.004556204,-0.056563683,0.6823662,0.021213014,0.26241693,-0.31123942
W043,0.02549778,0.0,-0.021559099,-0.0011148714,-0.11573537,0.023455223,0.008187693,-0.15744475,0.07013416,0.33685845,1.9202178,-0.20712985,-0.16411616,-0.22148937,0.006257262,0.0,0.018415427,0.010904469,0.0,0.0,-0.016175982,-0.008383365,0.006348255,0.009155081,0.05164397,-0.06205132,0.0,0.061715737,0.031219222,0.0328806,0.01819984,0.0,0.021705927,-0.116046034,-0.019422717,-0.15090005,0.0,0.0011384798,0.0,0.0,0.0025782634,0.0046732845,-0.5890428,-0.22883925,0.0,0.0,-0.04281255,0.028787285,0.47465533,0.0,0.0,0.0,0.0033027634,-0.04214224,0.011106845,-0.008852285,0.0,0.0,0.0,0.0,0.0,0.0,0.06579312,0.0148438355,0.09791501,0.003398105,0.0,-0.007108107,0.0,0.0,0.0,-0.04939468,-0.058893308,-0.010021362,-0.30963358,-0.066435106,0.0,0.21233578,-0.162022,0.15514837,0.016647473,-0.89287114,-0.012771191,0.001080007,-0.03305132,-0.027652863,0.10375269,0.0036840048,-0.042376902,-0.038401354,0.00092254893,-0.009880809,-0.0398954,-0.12340974,-0.518909,-0.014466135,0.0,-0.18177506,0.0,0.0556025,0.01600558,-0.005901063,-0.053388767,0.71288204,0.021213014,0.24808204,-0.20804939
W044,0.02549778,0.0,-0.031431608,0.00032329466,-0.08444764,0.026570344,0.009527162,-0.16758803,0.0647076,0.36491823,1.969739,-0.20712985,-0.18614605,0.02251713,0.0070197624,0.0,0.018415427,0.010904469,0.0,0.0,-0.016175982,0.0007005774,-0.0070936265,0.009155081,-0.020075526,-0.06912905,0.0,0.05000907,0.031219222,-0.13260621,0.01819984,0.0,0.021705927,-0.15754077,-0.019422717,-0.13959803,0.0,0.0011384798,0.0,0.0,0.0065269433,0.0046732845,-0.5918299,-0.27496818,0.0,0.0,-0.063760586,0.00837688,0.49111354,0.0,0.0,0.0,0.0033027634,-0.04214224,0.011106845,-0.022468735,0.0,0.0,0.0,0.0,0.0,0.0,0.06493072,0.016874122,0.10353964,0.003398105,0.0,-0.007108107,0.0,0.0,0.0,-0.04939468,0.07846522,-0.082883894,-0.31594405,-0.066435106,0.0,-0.17098156,0.024244964,-0.1920332,-0.04477249,0.36541337,-0.004495864,-0.0010443471,-0.0028999094,0.012628298,0.07204081,-0.020713879,-0.02599623,-0.13117926,0.00092254893,0.014537299,-0.032162078,-0.14805573,-0.5862841,-0.009067345,0.0,0.08851357,0.0,-0.071613535,0.01600558,-0.049533803,-0.046941444,0.6705527,0.021213014,0.26717407,-0.27633458
W045,0.02549778,0.0,-0.031431608,-0.0010522697,-0.08727756,0.026114289,0.005558919,-0.17060778,0.080290794,0.39343417,1.8734798,-0.20712985,-0.11627515,0.07806823,0.006257262,0.0,0.018415427,0.010904469,0.0,0.0,-0.013462683,0.015108576,-0.021169927,-0.07797696,-0.13002579,-0.06205132,0.0,0.045763142,0.031219222,-0.19196671,0.01819984,0.0,0.021705927,-0.15754077,-0.019422717,-0.15090005,0.0,0.00074903487,0.0,0.0,0.002579819,0.0075859358,-0.6309926,-0.30891433,0.0,0.0,-0.060471922,0.044345796,0.4005574,0.0,0.0,0.0,0.0033027634,-0.04214224,0.011106845,-0.031391002,0.0,0.0,0.0,0.0,0.0,0.0,0.08101624,0.013672151,0.10983101,0.009046913,0.0,-0.007108107,0.0,0.0,0.0,-0.04939468,-0.058893308,-0.059572622,-0.22289425,0.06116353,0.0,-0.14499788,-0.055165764,-0.16213688,0.0038240198,-0.39126456,-0.004495864,-0.0010443471,-0.045590878,-0.010978495,-0.13168065,-0.020713879,-0.026998956,-0.08916716,0.0026562298,-0.009880809,-0.019184431,-0.0388806,0.4974031,-0.009067345,0.0,-0.013499119,0.0,-0.052957892,0.01600558,-0.031038143,-0.041693322,0.68674386,0.021213014,0.25920886,-0.39461833
W046,0.02549778,0.0,-0.021077534,0.00032329466,-0.08444764,0.026570344,0.012847334,-0.15744475,0.06130243,0.3666482,1.9916906,-0.20712985,-0.18614605,-0.08180046,0.006257262,0.0,0.018415427,0.010904469,0.0,0.0,0.010537269,-0.008383365,0.0009106493,0.009155081,0.049049623,-0.06912905,0.0,0.05090951,0.031219222,-0.068047315,0.01819984,0.0,0.021705927,-0.14696711,-0.019422717,-0.13073574,0.0,0.0011384798,0.0,0.0,0.002579819,0.0075859358,-0.5250201,-0.28677815,0.0,0.0,-0.060471922,-0.013777511,0.4761241,0.0,0.0,0.0,0.0033027634,-0.0351282,0.011106845,-0.008811419,0.0,0.0,0.0,0.0,0.0,0.0,0.06493072,0.013672151,0.08913842,0.003398105,0.0,-0.007108107,0.0,0.0,0.0,-0.04939468,-0.058893308,-0.03569699,-0.33370227,0.06116353,0.0,-0.17098156,-0.13079146,-0.19986823,-0.0014569703,0.38384044,0.008729893,-0.0010443471,-0.0028999094,-0.011257101,-0.07045938,-0.020713879,-0.061728224,0.07044398,0.00092254893,0.015746381,-0.037672374,-0.15542889,-0.54790264,-0.03451601,0.0,0.093556315,0.0,-0.082552224,-0.014220054,-0.004769,0.051244244,0.7481432,0.021213014,0.27488062,-0.28085625
W047,0.02549778,0.0,-0.012781825,0.0030243113,-0.08259119,0.027255218,-0.055508908,-0.1544036,0.06961308,0.32869786,1.935307,-0.18244107,-0.19152708,0.064236596,0.0146349445,0.0,0.018415427,0.010904469,0.0,0.0,-0.04727667,-0.008383365,0.005948717,0.012418345,0.0444966,-0.11700892,0.0,0.054422192,0.031219222,-0.10899757,0.01819984,0.0,0.021705927,-0.15754077,0.010468015,-0.13073574,0.0,-0.015878808,0.0,0.0,0.0065269433,0.0075859358,-0.5752708,-0.27194026,0.0,0.0,-0.07613766,-0.011684079,-0.89582473,0.0,0.0,0.0,0.0033027634,-0.008661777,0.011106845,-0.022468735,0.0,0.0,0.0,0.0,0.0,0.0,0.06493072,0.011458233,0.10353964,0.003398105,0.0,-0.007108107,0.0,0.0,0.0,0.050611366,0.11518785,0.039127186,-0.2386465,0.07373335,0.0,-0.17597933,-0.02309427,-0.19986823,-0.015336486,0.37202758,-0.016174385,-0.00746914,-0.061869048,-0.027652863,-0.03728849,0.0023311386,-0.043390855,-0.14917022,0.00092254893,0.015746381,-0.032162078,-0.14956978,-0.6868556,-0.009067345,0.0,0.081787586,0.0,0.0556025,0.01600558,0.0043694107,0.04120282,0.7206731,0.021213014,0.27286562,-0.00426789
W048,0.082936436,0.0,-0.015545359,0.00025370438,-0.061376303,0.01323705,0.05328687,-0.060903557,-0.009157503,-0.87917244,-3.601617,0.05250319,0.02063195,0.0531322,0.006763044,0.0,0.01904458,0.010904469,0.0,0.0,-0.036291428,-0.010906202,-0.007918451,0.0021065245,0.010689957,-0.07094912,0.0,0.03568393,0.031219222,-0.0785916,0.028596843,0.0,0.072702184,-0.09323763,-0.014969225,-0.16617554,0.0,0.0006480085,0.0,0.0,0.0025782634,0.0075859358,-0.37187856,-0.1064267,0.0,0.0,-0.03382436,0.015635509,-0.553692,0.0,0.0,0.0,0.0020804543,-0.010148801,-0.0069874856,0.007080839,0.0,0.0,0.0,0.0,0.0,0.0,0.06532767,0.009427946,0.10725396,0.0033773705,0.0,-0.006793073,0.0,0.0,0.0,0.03860841,-0.06723229,-0.05629144,-0.11950412,0.07043658,0.0,0.17531334,0.02322711,-0.1575335,-0.0091504045,-0.5902989,0.0035608835,-0.0021497132,-0.00010029273,-0.016040182,-0.06907217,0.0014067348,-0.021924168,0.008719228,0.00093730655,0.02751178,0.0081547145,-0.113841735,0.4709719,-0.002744032,0.0,0.08861005,0.0,-0.054992415,0.020698454,-0.018754138,-0.04076407,0.68041533,0.071349144,0.17640588,0.04349876
W049,0.02549778,0.0,-0.018323895,-0.0024904357,-0.13377291,0.01786457,-0.055508908,-0.16046453,0.049318515,0.35022756,1.9025164,-0.20712985,0.08175756,0.031043239,0.006257262,0.0,0.018415427,0.010904469,0.0,0.0,-0.0149579,-0.008383365,0.000511111,0.012418345,0.048016213,-0.06205132,0.0,0.061729513,0.031219222,-0.08920041,0.01819984,0.0,0.021705927,-0.13630405,0.010468015,0.15463448,0.0,-0.015878808,0.0,0.0,0.0065269433,0.0030546,-0.63703066,-0.27160883,0.0,0.0,-0.08649141,-0.051998094,0.4639551,0.0,0.0,0.0,0.0033027634,-0.034769982,0.011106845,-0.037627213,0.0,0.0,0.0,0.0,0.0,0.0,0.054480962,0.02087244,0.10634603,0.003398105,0.0,-0.007108107,0.0,0.0,0.0,-0.04939468,-0.058893308,0.050402917,-0.3143608,0.056842588,0.0,0.2143795,-0.19593613,0.15514837,-0.05042906,-0.42673767,-0.011341568,0.001080007,-0.023538953,0.012349693,0.13541082,0.0038166782,-0.027869511,-0.16679817,0.00092254893,0.014537299,0.009322835,-0.14082715,-0.4826931,-0.009067345,0.0,-0.16489704,0.0,-0.082552224,-0.014220054,-0.032827765,-0.08037496,0.61807644,0.021213014,0.21009423,0.075042024
W050,0.02549778,0.0,-0.00988283,-0.0011148714,-0.13377291,0.0213539,-0.050110266,-0.16046453,0.05815025,0.36131313,1.9400411,-0.20712985,0.08175756,0.04721034,0.006257262,0.0,0.018415427,0.010904469,0.0,0.0,-0.0255761,-0.008383365,0.005948717,0.012418345,0.05164397,-0.06205132,0.0,0.064284116,0.031219222,-0.088959605,0.01819984,0.0,0.021705927,-0.13630405,0.010468015,0.15463448,0.0,-0.015878808,0.0,0.0,0.0025782634,0.0030546,-0.5755413,-0.24551946,0.0,0.0,-0.053205565,-0.04978441,0.41098446,0.0,0.0,0.0,0.0033027634,-0.034769982,0.011106845,0.00029014028,0.0,0.0,0.0,0.0,0.0,0.0,0.054480962,0.010600343,0.10634603,0.003398105,0.0,-0.007108107,0.0,0.0,0.0,0.053880364,-0.058893308,-0.059049815,-0.3023216,-0.049368814,0.0,-0.18249968,-0.18868496,0.15514837,0.039951757,-0.9904926,-0.011341568,-0.0010443471,-0.03689138,-0.027652863,-0.13851416,0.0040597003,-0.028101198,-0.15588233,0.00092254893,0.0014313441,0.009322835,-0.13541025,-0.52368706,-0.014466135,0.0,0.106753595,0.0,0.0556025,-0.014220054,-0.032827765,-0.057457894,0.61417246,0.021213014,0.2270865,0.054600835
