wallet_id,rank,feature,feature_value,shap_value,direction
W001,1,median_sent_sats,21433342.0,2.0230960845947266,increases_risk
W001,2,isolation_forest_anomaly_score,0.3107560063275338,0.6567758321762085,increases_risk
W001,3,country_entropy,1.6774212838293647,-0.6274012923240662,decreases_risk
W001,4,graphsage_dim_23,0.37672245502471924,-0.6241281032562256,decreases_risk
W001,5,observations_per_tx,1.0,0.43460339307785034,increases_risk
W002,1,median_sent_sats,57449121.0,1.9943115711212158,increases_risk
W002,2,isolation_forest_anomaly_score,0.35078393591775797,0.6793053150177002,increases_risk
W002,3,country_entropy,1.2516291673878228,-0.6444904804229736,decreases_risk
W002,4,observations_per_tx,1.0,0.4438691735267639,increases_risk
W002,5,graphsage_dim_10,0.5118765830993652,0.39856356382369995,increases_risk
W003,1,median_sent_sats,22189479.0,1.963810682296753,increases_risk
W003,2,isolation_forest_anomaly_score,0.22511273441361437,0.688281774520874,increases_risk
W003,3,graphsage_dim_23,0.3627467155456543,-0.5581791996955872,decreases_risk
W003,4,observations_per_tx,1.0,0.5556893944740295,increases_risk
W003,5,country_entropy,0.8166890883150209,-0.5353245139122009,decreases_risk
W004,1,median_sent_sats,22714866.0,2.0611138343811035,increases_risk
W004,2,graphsage_dim_10,-0.5268688201904297,-0.8725506067276001,decreases_risk
W004,3,isolation_forest_anomaly_score,0.5054919005308531,0.6305477023124695,increases_risk
W004,4,country_entropy,1.2516291673878228,-0.5785554051399231,decreases_risk
W004,5,graphsage_dim_23,-0.33136582374572754,0.4251854419708252,increases_risk
W005,1,median_sent_sats,50731628.5,1.831406831741333,increases_risk
W005,2,isolation_forest_anomaly_score,0.17146133710930447,0.6567758321762085,increases_risk
W005,3,graphsage_dim_23,0.299591600894928,-0.6149047613143921,decreases_risk
W005,4,country_entropy,1.2987949406953985,-0.5297914743423462,decreases_risk
W005,5,observations_per_tx,1.0,0.4731597304344177,increases_risk
W006,1,median_sent_sats,49292860.0,1.9219841957092285,increases_risk
W006,2,isolation_forest_anomaly_score,0.35504703247012265,0.7441198229789734,increases_risk
W006,3,graphsage_dim_23,0.11540710926055908,-0.607544481754303,decreases_risk
W006,4,country_entropy,1.5,-0.57684326171875,decreases_risk
W006,5,observations_per_tx,1.0,0.48698151111602783,increases_risk
W007,1,median_sent_sats,48236264.5,1.960902452468872,increases_risk
W007,2,isolation_forest_anomaly_score,0.20723759952292684,0.6785300970077515,increases_risk
W007,3,country_entropy,1.4056390622295665,-0.5988152623176575,decreases_risk
W007,4,graphsage_dim_23,0.3716871738433838,-0.5626801252365112,decreases_risk
W007,5,observations_per_tx,1.0,0.4914436340332031,increases_risk
W008,1,median_sent_sats,20889409.0,2.003387451171875,increases_risk
W008,2,isolation_forest_anomaly_score,0.051965409421717346,0.6753056645393372,increases_risk
W008,3,country_entropy,1.7609640474436812,-0.6632854342460632,decreases_risk
W008,4,graphsage_dim_23,-0.23576270043849945,0.4900296926498413,increases_risk
W008,5,observations_per_tx,1.0,0.4329735040664673,increases_risk
W009,1,median_sent_sats,30787790.0,2.040205478668213,increases_risk
W009,2,isolation_forest_anomaly_score,0.24964395104690065,0.6530802249908447,increases_risk
W009,3,country_entropy,1.9709505944546686,-0.6153309345245361,decreases_risk
W009,4,graphsage_dim_23,0.05708402395248413,-0.5876371264457703,decreases_risk
W009,5,observations_per_tx,1.0,0.4987070560455322,increases_risk
W010,1,median_sent_sats,36971713.0,1.931865930557251,increases_risk
W010,2,graphsage_dim_10,-0.11773662269115448,-0.7813073396682739,decreases_risk
W010,3,isolation_forest_anomaly_score,0.2171885916951235,0.6468894481658936,increases_risk
W010,4,country_entropy,0.5435644431995964,-0.6096495985984802,decreases_risk
W010,5,observations_per_tx,1.0,0.41859930753707886,increases_risk
W011,1,median_sent_sats,42962359.5,2.0541141033172607,increases_risk
W011,2,isolation_forest_anomaly_score,0.2798097829521212,0.6713278889656067,increases_risk
W011,3,country_entropy,1.6697367178034825,-0.5918298959732056,decreases_risk
W011,4,graphsage_dim_23,-0.1909855455160141,0.485244482755661,increases_risk
W011,5,observations_per_tx,1.0,0.47667717933654785,increases_risk
W012,1,median_sent_sats,29149558.0,1.9587571620941162,increases_risk
W012,2,graphsage_dim_10,-0.5725327730178833,-0.9011920690536499,decreases_risk
W012,3,isolation_forest_anomaly_score,0.5897181402138215,0.6184657216072083,increases_risk
W012,4,country_entropy,0.9182958340544896,-0.5505571961402893,decreases_risk
W012,5,graphsage_dim_23,-0.28757232427597046,0.44654378294944763,increases_risk
W013,1,median_sent_sats,48857343.0,1.9970598220825195,increases_risk
W013,2,isolation_forest_anomaly_score,0.3221086560787628,0.6530802249908447,increases_risk
W013,3,country_entropy,1.9508257945180885,-0.6153309345245361,decreases_risk
W013,4,graphsage_dim_23,0.23394882678985596,-0.6063396334648132,decreases_risk
W013,5,observations_per_tx,1.0,0.4546840786933899,increases_risk
W014,1,median_sent_sats,66763264.0,2.0409257411956787,increases_risk
W014,2,isolation_forest_anomaly_score,0.5384500390142042,0.6748340129852295,increases_risk
W014,3,country_entropy,1.0,-0.6708993315696716,decreases_risk
W014,4,graphsage_dim_10,0.36459019780158997,0.4273422956466675,increases_risk
W014,5,observations_per_tx,1.0,0.4252387285232544,increases_risk
W015,1,median_sent_sats,35464785.0,1.9546713829040527,increases_risk
W015,2,isolation_forest_anomaly_score,0.31275941712890515,0.665659487247467,increases_risk
W015,3,country_entropy,1.6493974703476992,-0.6195701360702515,decreases_risk
W015,4,graphsage_dim_23,0.06028464436531067,-0.5102996826171875,decreases_risk
W015,5,observations_per_tx,1.0,0.43911463022232056,increases_risk
W016,1,median_sent_sats,56979663.0,1.947119951248169,increases_risk
W016,2,graphsage_dim_10,-0.023359060287475586,-0.7805771827697754,decreases_risk
W016,3,isolation_forest_anomaly_score,0.14560862008494785,0.6163204908370972,increases_risk
W016,4,country_entropy,0.9798687566511528,-0.5651411414146423,decreases_risk
W016,5,graphsage_dim_23,0.18461467325687408,-0.5118648409843445,decreases_risk
W017,1,median_sent_sats,23852597.0,1.9473774433135986,increases_risk
W017,2,isolation_forest_anomaly_score,0.16913702761980648,0.7033888697624207,increases_risk
W017,3,graphsage_dim_23,0.6027348041534424,-0.5850738286972046,decreases_risk
W017,4,country_entropy,0.5435644431995964,-0.5542811155319214,decreases_risk
W017,5,observations_per_tx,1.0,0.5435292720794678,increases_risk
W018,1,median_sent_sats,31123282.0,1.8607513904571533,increases_risk
W018,2,graphsage_dim_10,-1.198923110961914,-0.8716709613800049,decreases_risk
W018,3,isolation_forest_anomaly_score,0.6063269943675564,0.6226271390914917,increases_risk
W018,4,graphsage_dim_23,0.4533509612083435,-0.6014924049377441,decreases_risk
W018,5,country_entropy,1.610577243331642,-0.5493960380554199,decreases_risk
W019,1,median_sent_sats,15681171.5,1.9078454971313477,increases_risk
W019,2,graphsage_dim_10,-0.37514621019363403,-1.0348883867263794,decreases_risk
W019,3,isolation_forest_anomaly_score,0.3264159763836173,0.6535453796386719,increases_risk
W019,4,country_entropy,1.0,-0.6278504729270935,decreases_risk
W019,5,graphsage_dim_23,0.18215300142765045,-0.5910930037498474,decreases_risk
W020,1,median_sent_sats,46922730.0,2.0257580280303955,increases_risk
W020,2,isolation_forest_anomaly_score,0.3158773001263891,0.6911478638648987,increases_risk
W020,3,country_entropy,1.4838317068446891,-0.6498655080795288,decreases_risk
W020,4,graphsage_dim_23,-0.19727520644664764,0.48791277408599854,increases_risk
W020,5,observations_per_tx,1.0,0.4454224109649658,increases_risk
W021,1,median_sent_sats,36239922.0,2.065223217010498,increases_risk
W021,2,isolation_forest_anomaly_score,0.43107530092459667,0.6537688374519348,increases_risk
W021,3,country_entropy,1.5510981710072647,-0.5072053074836731,decreases_risk
W021,4,observations_per_tx,1.0,0.4990527629852295,increases_risk
W021,5,graphsage_dim_10,0.5772811770439148,0.3928326368331909,increases_risk
W022,1,median_sent_sats,61679700.0,1.938807725906372,increases_risk
W022,2,graphsage_dim_10,-0.6832862496376038,-0.7891650199890137,decreases_risk
W022,3,isolation_forest_anomaly_score,0.31210138223874906,0.6412689685821533,increases_risk
W022,4,graphsage_dim_23,0.406793475151062,-0.5720764994621277,decreases_risk
W022,5,country_entropy,1.0,-0.5628272294998169,decreases_risk
W023,1,median_sent_sats,31652595.0,2.0162174701690674,increases_risk
W023,2,isolation_forest_anomaly_score,0.20576581931132934,0.7481194734573364,increases_risk
W023,3,graphsage_dim_23,0.285613477230072,-0.594119668006897,decreases_risk
W023,4,country_entropy,0.8812908992306927,-0.5329849720001221,decreases_risk
W023,5,observations_per_tx,1.0,0.49813783168792725,increases_risk
W024,1,median_sent_sats,25486178.0,2.106018304824829,increases_risk
W024,2,isolation_forest_anomaly_score,0.051676603496400055,0.6215200424194336,increases_risk
W024,3,country_entropy,0.5435644431995964,-0.5929445028305054,decreases_risk
W024,4,observations_per_tx,1.0,0.4839441180229187,increases_risk
W024,5,graphsage_dim_10,0.16302832961082458,0.41590481996536255,increases_risk
W025,1,median_sent_sats,36551116.0,1.8083670139312744,increases_risk
W025,2,graphsage_dim_10,-0.07891007512807846,-0.7660526037216187,decreases_risk
W025,3,isolation_forest_anomaly_score,0.28961172037745936,0.6689850687980652,increases_risk
W025,4,graphsage_dim_23,0.34105706214904785,-0.5785845518112183,decreases_risk
W025,5,country_entropy,1.75,-0.5692207217216492,decreases_risk
W026,1,median_sent_sats,43572306.5,2.0347604751586914,increases_risk
W026,2,isolation_forest_anomaly_score,0.2997275366046083,0.6646860241889954,increases_risk
W026,3,graphsage_dim_23,0.024566590785980225,-0.5532777309417725,decreases_risk
W026,4,country_entropy,1.6893917467430877,-0.5461546182632446,decreases_risk
W026,5,observations_per_tx,1.0,0.5242904424667358,increases_risk
W027,1,median_sent_sats,26461139.0,1.944080114364624,increases_risk
W027,2,isolation_forest_anomaly_score,0.24540710426466406,0.7371190786361694,increases_risk
W027,3,graphsage_dim_23,0.5899039506912231,-0.592848002910614,decreases_risk
W027,4,country_entropy,0.8812908992306927,-0.5612751245498657,decreases_risk
W027,5,observations_per_tx,1.0,0.5391415953636169,increases_risk
W028,1,median_sent_sats,51616273.0,1.974085807800293,increases_risk
W028,2,isolation_forest_anomaly_score,0.070926934082645,0.6824624538421631,increases_risk
W028,3,country_entropy,1.75,-0.6153309345245361,decreases_risk
W028,4,graphsage_dim_23,0.12202825397253036,-0.594119668006897,decreases_risk
W028,5,observations_per_tx,1.0,0.49301648139953613,increases_risk
W029,1,median_sent_sats,57227710.0,2.0287978649139404,increases_risk
W029,2,isolation_forest_anomaly_score,0.5391097769103124,0.6447106599807739,increases_risk
W029,3,country_entropy,-0.0,-0.6124026775360107,decreases_risk
W029,4,graphsage_dim_23,0.3932322561740875,-0.5736749172210693,decreases_risk
W029,5,observations_per_tx,1.0,0.46693986654281616,increases_risk
W030,1,median_sent_sats,47161771.0,1.9466760158538818,increases_risk
W030,2,graphsage_dim_10,-0.14646640419960022,-0.8738341331481934,decreases_risk
W030,3,isolation_forest_anomaly_score,0.31564977130450095,0.7422642707824707,increases_risk
W030,4,country_entropy,1.5,-0.6319085359573364,decreases_risk
W030,5,graphsage_dim_23,0.048104867339134216,-0.6016607284545898,decreases_risk
W031,1,median_sent_sats,32067119.0,1.9890670776367188,increases_risk
W031,2,observations_per_tx,2.0,-0.9155458211898804,decreases_risk
W031,3,isolation_forest_anomaly_score,0.30379299237472734,0.8002991080284119,increases_risk
W031,4,graphsage_dim_23,-0.6162499189376831,0.6768503189086914,increases_risk
W031,5,country_entropy,1.0,-0.6009117364883423,decreases_risk
W032,1,median_sent_sats,33948171.5,1.9869616031646729,increases_risk
W032,2,isolation_forest_anomaly_score,0.2334896595044257,0.6626424789428711,increases_risk
W032,3,country_entropy,1.5,-0.5918298959732056,decreases_risk
W032,4,graphsage_dim_23,0.2370598018169403,-0.584128737449646,decreases_risk
W032,5,observations_per_tx,1.0,0.4559977054595947,increases_risk
W033,1,median_sent_sats,42347970.5,1.94620680809021,increases_risk
W033,2,isolation_forest_anomaly_score,0.3592488544382718,0.6821584105491638,increases_risk
W033,3,graphsage_dim_23,0.16904142498970032,-0.6078585982322693,decreases_risk
W033,4,country_entropy,1.5709505944546687,-0.573034942150116,decreases_risk
W033,5,observations_per_tx,1.0,0.4976280927658081,increases_risk
W034,1,median_sent_sats,52211167.5,1.9873545169830322,increases_risk
W034,2,isolation_forest_anomaly_score,0.2804280352072054,0.7303667664527893,increases_risk
W034,3,graphsage_dim_23,0.5638081431388855,-0.6004043221473694,decreases_risk
W034,4,observations_per_tx,1.3333333333333333,0.5232109427452087,increases_risk
W034,5,country_entropy,1.9056390622295665,-0.5042009353637695,decreases_risk
W035,1,median_sent_sats,53273702.5,1.9710607528686523,increases_risk
W035,2,isolation_forest_anomaly_score,0.0,0.6444065570831299,increases_risk
W035,3,country_entropy,1.75,-0.5830756425857544,decreases_risk
W035,4,graphsage_dim_23,0.4216141402721405,-0.5547778606414795,decreases_risk
W035,5,observations_per_tx,1.0,0.5359804034233093,increases_risk
W036,1,median_sent_sats,39925781.0,2.103584051132202,increases_risk
W036,2,country_entropy,1.924174352300441,-0.6623705625534058,decreases_risk
W036,3,isolation_forest_anomaly_score,0.4420267540106734,0.647722601890564,increases_risk
W036,4,graphsage_dim_23,-0.40795475244522095,0.5285599231719971,increases_risk
W036,5,observations_per_tx,1.4,0.45698821544647217,increases_risk
W037,1,median_sent_sats,15250812.0,1.911125898361206,increases_risk
W037,2,graphsage_dim_10,-0.48719340562820435,-0.9401150941848755,decreases_risk
W037,3,isolation_forest_anomaly_score,0.31191082299214173,0.6207008361816406,increases_risk
W037,4,country_entropy,1.4056390622295665,-0.5708716511726379,decreases_risk
W037,5,graphsage_dim_23,0.29479289054870605,-0.5605909824371338,decreases_risk
W038,1,median_sent_sats,33813625.5,1.9274287223815918,increases_risk
W038,2,isolation_forest_anomaly_score,0.1658073263896828,0.6587100625038147,increases_risk
W038,3,country_entropy,-0.0,-0.6553205847740173,decreases_risk
W038,4,graphsage_dim_23,0.11843115091323853,-0.5504634976387024,decreases_risk
W038,5,observations_per_tx,1.0,0.443914532661438,increases_risk
W039,1,median_sent_sats,25992366.0,2.0784549713134766,increases_risk
W039,2,country_entropy,1.2987949406953985,-0.6578303575515747,decreases_risk
W039,3,isolation_forest_anomaly_score,0.3227838407592867,0.6494751572608948,increases_risk
W039,4,graphsage_dim_23,-0.2055302858352661,0.5069388151168823,increases_risk
W039,5,observations_per_tx,1.3333333333333333,0.43170785903930664,increases_risk
W040,1,median_sent_sats,12227474.0,1.9157261848449707,increases_risk
W040,2,graphsage_dim_10,-0.0200423002243042,-0.775368332862854,decreases_risk
W040,3,isolation_forest_anomaly_score,0.2826676858061999,0.6651082634925842,increases_risk
W040,4,country_entropy,1.7924812503605778,-0.6622778177261353,decreases_risk
W040,5,graphsage_dim_23,-0.14703312516212463,0.48920804262161255,increases_risk
W041,1,median_sent_sats,28731769.5,1.875481367111206,increases_risk
W041,2,graphsage_dim_10,-0.38405147194862366,-0.9394322633743286,decreases_risk
W041,3,isolation_forest_anomaly_score,0.4301796135756098,0.6973183751106262,increases_risk
W041,4,country_entropy,1.1981174211304033,-0.5457650423049927,decreases_risk
W041,5,graphsage_dim_23,0.4638836979866028,-0.5442871451377869,decreases_risk
W042,1,median_sent_sats,22734269.0,1.8745081424713135,increases_risk
W042,2,graphsage_dim_10,-0.7976922392845154,-0.9708336591720581,decreases_risk
W042,3,isolation_forest_anomaly_score,0.22499812247226225,0.6823661923408508,increases_risk
W042,4,country_entropy,1.061278124459133,-0.6214466094970703,decreases_risk
W042,5,graphsage_dim_23,0.43690693378448486,-0.5451241135597229,decreases_risk
W043,1,median_sent_sats,33987447.5,1.920217752456665,increases_risk
W043,2,graphsage_dim_10,-0.8856441974639893,-0.8928711414337158,decreases_risk
W043,3,isolation_forest_anomaly_score,0.5960039940079854,0.7128820419311523,increases_risk
W043,4,country_entropy,1.188721875540867,-0.5890427827835083,decreases_risk
W043,5,graphsage_dim_23,0.2546563148498535,-0.5189089775085449,decreases_risk
W044,1,median_sent_sats,21551280.5,1.9697389602661133,increases_risk
W044,2,isolation_forest_anomaly_score,0.3835961072147086,0.670552670955658,increases_risk
W044,3,country_entropy,1.2516291673878228,-0.5918298959732056,decreases_risk
W044,4,graphsage_dim_23,0.47303837537765503,-0.5862841010093689,decreases_risk
W044,5,observations_per_tx,1.0,0.491113543510437,increases_risk
W045,1,median_sent_sats,39079556.5,1.8734798431396484,increases_risk
W045,2,isolation_forest_anomaly_score,0.3069719047166488,0.6867438554763794,increases_risk
W045,3,country_entropy,1.5,-0.630992591381073,decreases_risk
W045,4,graphsage_dim_23,-0.2220935821533203,0.497403085231781,increases_risk
W045,5,observations_per_tx,1.0,0.40055739879608154,increases_risk
W046,1,median_sent_sats,34713408.0,1.9916906356811523,increases_risk
W046,2,isolation_forest_anomaly_score,0.5224579503621276,0.748143196105957,increases_risk
W046,3,graphsage_dim_23,0.4017673432826996,-0.5479026436805725,decreases_risk
W046,4,country_entropy,1.4591479170272448,-0.5250201225280762,decreases_risk
W046,5,observations_per_tx,1.0,0.476124107837677,increases_risk
W047,1,median_sent_sats,54995000.0,1.9353070259094238,increases_risk
W047,2,observations_per_tx,2.0,-0.8958247303962708,decreases_risk
W047,3,isolation_forest_anomaly_score,0.42262908568007224,0.7206730842590332,increases_risk
W047,4,graphsage_dim_23,0.9000861048698425,-0.6868556141853333,decreases_risk
W047,5,country_entropy,1.0,-0.5752707719802856,decreases_risk
W048,1,median_sent_sats,0.0,-3.6016170978546143,decreases_risk
W048,2,avg_sent_sats,0.0,-0.8791724443435669,decreases_risk
W048,3,isolation_forest_anomaly_score,0.6197515728400781,0.6804153323173523,increases_risk
W048,4,graphsage_dim_10,-0.03746703267097473,-0.5902988910675049,decreases_risk
W048,5,observations_per_tx,2.0,-0.5536919832229614,decreases_risk
W049,1,median_sent_sats,179500000.0,1.9025163650512695,increases_risk
W049,2,country_entropy,0.0,-0.6370306611061096,decreases_risk
W049,3,isolation_forest_anomaly_score,0.9999999890866446,0.6180764436721802,increases_risk
W049,4,graphsage_dim_23,0.07551991939544678,-0.4826931059360504,decreases_risk
W049,5,observations_per_tx,0.0,0.4639551043510437,increases_risk
W050,1,median_sent_sats,115000000.0,1.9400410652160645,increases_risk
W050,2,graphsage_dim_10,-0.13743416965007782,-0.990492582321167,decreases_risk
W050,3,isolation_forest_anomaly_score,0.6310645264359065,0.6141724586486816,increases_risk
W050,4,country_entropy,0.0,-0.5755413174629211,decreases_risk
W050,5,graphsage_dim_23,1.3998008966445923,-0.5236870646476746,decreases_risk
