entity_id,label,behavior_type,wallet_count,suspicious_wallet_count,scenario_count,scenario_ids
E000001,normal,normal_user,7,0,0,[]
E000002,normal,merchant,1,0,0,[]
E000003,normal,normal_user,2,0,0,[]
E000004,normal,normal_user,8,0,0,[]
E000005,normal,payment_processor,11,0,0,[]
E000006,normal,normal_user,6,0,1,"[""RANSOM-D9B1FC""]"
E000007,normal,normal_user,2,0,0,[]
E000008,normal,normal_user,5,0,0,[]
E000009,normal,normal_user,7,0,0,[]
E000010,normal,normal_user,5,0,0,[]
E000011,normal,normal_user,6,0,0,[]
E000012,normal,normal_user,4,0,0,[]
E000013,normal,merchant,4,0,0,[]
E000014,normal,merchant,4,0,0,[]
E000015,normal,normal_user,5,0,2,"[""MIXER-C52414"", ""RANSOM-D9B1FC""]"
E000016,normal,normal_user,3,0,0,[]
E000017,suspicious,layering_behavior,3,3,2,"[""LAYER-A2E984"", ""RANSOM-D9B1FC""]"
E000018,normal,normal_user,5,0,1,"[""MIXER-C52414""]"
E000019,normal,normal_user,5,0,0,[]
E000020,normal,normal_user,6,0,0,[]
E000021,normal,merchant,2,0,0,[]
E000022,normal,normal_user,4,0,0,[]
E000023,suspicious,layering_behavior,6,6,1,"[""LAYER-A2E984""]"
E000024,normal,normal_user,4,0,0,[]
E000025,normal,exchange,13,0,1,"[""RANSOM-D9B1FC""]"
E000026,normal,miner,3,0,0,[]
E000027,normal,normal_user,4,0,0,[]
E000028,normal,normal_user,5,0,0,[]
E000029,normal,normal_user,8,0,0,[]
E000030,suspicious,mixer_behavior,1,1,0,[]
E000031,normal,normal_user,7,0,0,[]
E000032,normal,normal_user,4,0,0,[]
E000033,normal,normal_user,6,0,0,[]
E000034,normal,normal_user,5,0,0,[]
E000035,normal,normal_user,7,0,0,[]
E000036,normal,normal_user,6,0,1,"[""RANSOM-D9B1FC""]"
E000037,normal,normal_user,3,0,0,[]
E000038,normal,normal_user,9,0,0,[]
E000039,normal,merchant,4,0,0,[]
E000040,normal,normal_user,3,0,0,[]
E000041,suspicious,mixer_behavior,4,4,0,[]
E000042,normal,normal_user,5,0,0,[]
E000043,normal,normal_user,7,0,0,[]
E000044,normal,merchant,5,0,0,[]
E000045,normal,normal_user,3,0,0,[]
E000046,normal,merchant,5,0,0,[]
E000047,normal,normal_user,4,0,0,[]
E000048,normal,payment_processor,5,0,0,[]
E000049,normal,miner,5,0,0,[]
E000050,normal,normal_user,5,0,1,"[""MIXER-C52414""]"
E000051,normal,normal_user,3,0,0,[]
E000052,normal,normal_user,4,0,0,[]
E000053,normal,normal_user,6,0,1,"[""RANSOM-D9B1FC""]"
E000054,normal,merchant,2,0,0,[]
E000055,normal,normal_user,6,0,1,"[""MIXER-C52414""]"
E000056,normal,normal_user,7,0,0,[]
E000057,normal,normal_user,2,0,0,[]
E000058,suspicious,mixer_behavior,3,3,0,[]
E000059,normal,normal_user,4,0,0,[]
E000060,normal,merchant,4,0,1,"[""MIXER-C52414""]"
E000061,normal,normal_user,11,0,1,"[""MIXER-C52414""]"
E000062,normal,normal_user,11,0,1,"[""MIXER-C52414""]"
E000063,normal,normal_user,8,0,1,"[""MIXER-C52414""]"
E000064,normal,normal_user,7,0,2,"[""MIXER-C52414"", ""RANSOM-D9B1FC""]"
E000065,suspicious,mixer_behavior,1,1,1,"[""MIXER-C52414""]"
E000066,normal,normal_user,5,0,0,[]
E000067,normal,miner,2,0,0,[]
E000068,normal,normal_user,5,0,0,[]
E000069,normal,normal_user,7,0,0,[]
E000070,normal,merchant,3,0,0,[]
E000071,normal,normal_user,8,0,0,[]
E000072,normal,normal_user,4,0,0,[]
E000073,normal,normal_user,8,0,0,[]
E000074,normal,miner,5,0,0,[]
E000075,suspicious,layering_behavior,6,6,1,"[""LAYER-A2E984""]"
E000076,normal,normal_user,7,0,0,[]
E000077,normal,normal_user,1,0,0,[]
E000078,normal,normal_user,8,0,0,[]
E000079,normal,normal_user,4,0,1,"[""MIXER-C52414""]"
E000080,normal,normal_user,5,0,1,"[""MIXER-C52414""]"
E000081,normal,normal_user,9,0,1,"[""MIXER-C52414""]"
E000082,suspicious,ransomware_behavior,5,5,0,[]
E000083,normal,normal_user,6,0,0,[]
E000084,normal,normal_user,3,0,0,[]
E000085,suspicious,ransomware_behavior,1,1,0,[]
E000086,suspicious,mixer_behavior,1,1,0,[]
E000087,normal,normal_user,5,0,0,[]
E000088,normal,normal_user,12,0,0,[]
E000089,suspicious,ransomware_behavior,4,4,0,[]
E000090,normal,merchant,4,0,0,[]
E000091,normal,normal_user,6,0,0,[]
E000092,normal,normal_user,9,0,1,"[""RANSOM-D9B1FC""]"
E000093,normal,normal_user,5,0,0,[]
E000094,suspicious,ransomware_behavior,1,1,0,[]
E000095,normal,normal_user,4,0,0,[]
E000096,normal,normal_user,4,0,0,[]
E000097,suspicious,ransomware_behavior,1,1,1,"[""RANSOM-D9B1FC""]"
E000098,normal,merchant,4,0,0,[]
E000099,normal,normal_user,6,0,0,[]
E000100,suspicious,mixer_behavior,2,2,0,[]
