wallet_id,primary_entity_id,label,behavior_type,scenario_count,scenario_ids,transaction_count,generator_wallet_type
W0000001,E000099,normal,normal_user,0,[],42,normal_user
W0000002,E000004,normal,normal_user,0,[],55,normal_user
W0000003,E000012,normal,normal_user,0,[],51,normal_user
W0000004,E000048,normal,payment_processor,0,[],53,payment_processor
W0000005,E000038,normal,normal_user,0,[],36,normal_user
W0000006,E000074,normal,miner,0,[],45,miner
W0000007,E000018,normal,normal_user,1,"[""MIXER-C52414""]",47,normal_user
W0000008,E000009,normal,normal_user,0,[],49,normal_user
W0000009,E000035,normal,normal_user,0,[],38,normal_user
W0000010,E000087,normal,normal_user,0,[],41,normal_user
W0000011,E000026,normal,miner,0,[],26,miner
W0000012,E000017,suspicious,layering_behavior,1,"[""LAYER-A2E984""]",55,layering_behavior
W0000013,E000076,normal,normal_user,0,[],41,normal_user
W0000014,E000072,normal,normal_user,0,[],39,normal_user
W0000015,E000092,normal,normal_user,0,[],49,normal_user
W0000016,E000075,suspicious,layering_behavior,0,[],29,layering_behavior
W0000017,E000031,normal,normal_user,0,[],37,normal_user
W0000018,E000011,normal,normal_user,0,[],44,normal_user
W0000019,E000097,suspicious,ransomware_behavior,1,"[""RANSOM-D9B1FC""]",35,ransomware_behavior
W0000020,E000078,normal,normal_user,0,[],40,normal_user
W0000021,E000050,normal,normal_user,0,[],37,normal_user
W0000022,E000056,normal,normal_user,0,[],43,normal_user
W0000023,E000082,suspicious,ransomware_behavior,0,[],35,ransomware_behavior
W0000024,E000030,suspicious,mixer_behavior,0,[],38,mixer_behavior
W0000025,E000064,normal,normal_user,0,[],37,normal_user
W0000026,E000031,normal,normal_user,0,[],37,normal_user
W0000027,E000003,normal,normal_user,0,[],41,normal_user
W0000028,E000027,normal,normal_user,0,[],48,normal_user
W0000029,E000014,normal,merchant,0,[],48,merchant
W0000030,E000037,normal,normal_user,0,[],48,normal_user
W0000031,E000009,normal,normal_user,0,[],28,normal_user
W0000032,E000062,normal,normal_user,0,[],42,normal_user
W0000033,E000081,normal,normal_user,0,[],44,normal_user
W0000034,E000029,normal,normal_user,0,[],54,normal_user
W0000035,E000028,normal,normal_user,0,[],46,normal_user
W0000036,E000067,normal,miner,0,[],37,miner
W0000037,E000077,normal,normal_user,0,[],36,normal_user
W0000038,E000031,normal,normal_user,0,[],40,normal_user
W0000039,E000062,normal,normal_user,0,[],39,normal_user
W0000040,E000049,normal,miner,0,[],29,miner
W0000041,E000007,normal,normal_user,0,[],49,normal_user
W0000042,E000054,normal,merchant,0,[],34,merchant
W0000043,E000049,normal,miner,0,[],32,miner
W0000044,E000011,normal,normal_user,0,[],30,normal_user
W0000045,E000062,normal,normal_user,0,[],36,normal_user
W0000046,E000050,normal,normal_user,0,[],40,normal_user
W0000047,E000059,normal,normal_user,0,[],47,normal_user
W0000048,E000035,normal,normal_user,0,[],47,normal_user
W0000049,E000036,normal,normal_user,1,"[""RANSOM-D9B1FC""]",45,normal_user
W0000050,E000022,normal,normal_user,0,[],39,normal_user
W0000051,E000061,normal,normal_user,0,[],40,normal_user
W0000052,E000071,normal,normal_user,0,[],47,normal_user
W0000053,E000001,normal,normal_user,0,[],50,normal_user
W0000054,E000070,normal,merchant,0,[],58,merchant
W0000055,E000038,normal,normal_user,0,[],34,normal_user
W0000056,E000075,suspicious,layering_behavior,1,"[""LAYER-A2E984""]",51,layering_behavior
W0000057,E000062,normal,normal_user,0,[],50,normal_user
W0000058,E000036,normal,normal_user,0,[],34,normal_user
W0000059,E000035,normal,normal_user,0,[],41,normal_user
W0000060,E000001,normal,normal_user,0,[],46,normal_user
W0000061,E000099,normal,normal_user,0,[],40,normal_user
W0000062,E000005,normal,payment_processor,0,[],56,payment_processor
W0000063,E000059,normal,normal_user,0,[],45,normal_user
W0000064,E000095,normal,normal_user,0,[],37,normal_user
W0000065,E000088,normal,normal_user,0,[],33,normal_user
W0000066,E000025,normal,exchange,0,[],35,exchange
W0000067,E000081,normal,normal_user,0,[],48,normal_user
W0000068,E000015,normal,normal_user,0,[],37,normal_user
W0000069,E000038,normal,normal_user,0,[],50,normal_user
W0000070,E000078,normal,normal_user,0,[],37,normal_user
W0000071,E000004,normal,normal_user,0,[],47,normal_user
W0000072,E000066,normal,normal_user,0,[],55,normal_user
W0000073,E000023,suspicious,layering_behavior,0,[],43,layering_behavior
W0000074,E000048,normal,payment_processor,0,[],45,payment_processor
W0000075,E000063,normal,normal_user,0,[],62,normal_user
W0000076,E000025,normal,exchange,0,[],43,exchange
W0000077,E000079,normal,normal_user,0,[],53,normal_user
W0000078,E000061,normal,normal_user,0,[],47,normal_user
W0000079,E000046,normal,merchant,0,[],52,merchant
W0000080,E000004,normal,normal_user,0,[],29,normal_user
W0000081,E000017,suspicious,layering_behavior,0,[],25,layering_behavior
W0000082,E000004,normal,normal_user,0,[],53,normal_user
W0000083,E000020,normal,normal_user,0,[],43,normal_user
W0000084,E000069,normal,normal_user,0,[],39,normal_user
W0000085,E000013,normal,merchant,0,[],45,merchant
W0000086,E000006,normal,normal_user,0,[],33,normal_user
W0000087,E000023,suspicious,layering_behavior,0,[],34,layering_behavior
W0000088,E000056,normal,normal_user,0,[],36,normal_user
W0000089,E000070,normal,merchant,0,[],40,merchant
W0000090,E000069,normal,normal_user,0,[],42,normal_user
W0000091,E000078,normal,normal_user,0,[],50,normal_user
W0000092,E000075,suspicious,layering_behavior,0,[],46,layering_behavior
W0000093,E000099,normal,normal_user,0,[],42,normal_user
W0000094,E000048,normal,payment_processor,0,[],58,payment_processor
W0000095,E000061,normal,normal_user,0,[],31,normal_user
W0000096,E000083,normal,normal_user,0,[],47,normal_user
W0000097,E000063,normal,normal_user,0,[],45,normal_user
W0000098,E000038,normal,normal_user,0,[],50,normal_user
W0000099,E000067,normal,miner,0,[],42,miner
W0000100,E000043,normal,normal_user,0,[],37,normal_user
W0000101,E000098,normal,merchant,0,[],41,merchant
W0000102,E000055,normal,normal_user,1,"[""MIXER-C52414""]",42,normal_user
W0000103,E000069,normal,normal_user,0,[],46,normal_user
W0000104,E000062,normal,normal_user,0,[],34,normal_user
W0000105,E000022,normal,normal_user,0,[],38,normal_user
W0000106,E000098,normal,merchant,0,[],47,merchant
W0000107,E000053,normal,normal_user,0,[],43,normal_user
W0000108,E000056,normal,normal_user,0,[],50,normal_user
W0000109,E000009,normal,normal_user,0,[],58,normal_user
W0000110,E000092,normal,normal_user,0,[],40,normal_user
W0000111,E000081,normal,normal_user,0,[],33,normal_user
W0000112,E000091,normal,normal_user,0,[],52,normal_user
W0000113,E000009,normal,normal_user,0,[],27,normal_user
W0000114,E000082,suspicious,ransomware_behavior,0,[],41,ransomware_behavior
W0000115,E000040,normal,normal_user,0,[],51,normal_user
W0000116,E000048,normal,payment_processor,0,[],43,payment_processor
W0000117,E000010,normal,normal_user,0,[],44,normal_user
W0000118,E000038,normal,normal_user,0,[],40,normal_user
W0000119,E000012,normal,normal_user,0,[],45,normal_user
W0000120,E000088,normal,normal_user,0,[],48,normal_user
W0000121,E000084,normal,normal_user,0,[],43,normal_user
W0000122,E000090,normal,merchant,0,[],43,merchant
W0000123,E000029,normal,normal_user,0,[],42,normal_user
W0000124,E000032,normal,normal_user,0,[],31,normal_user
W0000125,E000025,normal,exchange,0,[],38,exchange
W0000126,E000076,normal,normal_user,0,[],37,normal_user
W0000127,E000008,normal,normal_user,0,[],44,normal_user
W0000128,E000006,normal,normal_user,0,[],41,normal_user
W0000129,E000025,normal,exchange,0,[],42,exchange
W0000130,E000014,normal,merchant,0,[],43,merchant
W0000131,E000005,normal,payment_processor,0,[],49,payment_processor
W0000132,E000016,normal,normal_user,0,[],44,normal_user
W0000133,E000019,normal,normal_user,0,[],32,normal_user
W0000134,E000053,normal,normal_user,0,[],56,normal_user
W0000135,E000084,normal,normal_user,0,[],40,normal_user
W0000136,E000076,normal,normal_user,0,[],38,normal_user
W0000137,E000087,normal,normal_user,0,[],43,normal_user
W0000138,E000093,normal,normal_user,0,[],53,normal_user
W0000139,E000024,normal,normal_user,0,[],46,normal_user
W0000140,E000006,normal,normal_user,0,[],23,normal_user
W0000141,E000057,normal,normal_user,0,[],52,normal_user
W0000142,E000020,normal,normal_user,0,[],39,normal_user
W0000143,E000055,normal,normal_user,0,[],36,normal_user
W0000144,E000088,normal,normal_user,0,[],51,normal_user
W0000145,E000096,normal,normal_user,0,[],47,normal_user
W0000146,E000078,normal,normal_user,0,[],56,normal_user
W0000147,E000056,normal,normal_user,0,[],35,normal_user
W0000148,E000029,normal,normal_user,0,[],40,normal_user
W0000149,E000071,normal,normal_user,0,[],39,normal_user
W0000150,E000041,suspicious,mixer_behavior,0,[],43,mixer_behavior
W0000151,E000002,normal,merchant,0,[],52,merchant
W0000152,E000046,normal,merchant,0,[],35,merchant
W0000153,E000095,normal,normal_user,0,[],46,normal_user
W0000154,E000074,normal,miner,0,[],52,miner
W0000155,E000028,normal,normal_user,0,[],46,normal_user
W0000156,E000062,normal,normal_user,0,[],36,normal_user
W0000157,E000092,normal,normal_user,0,[],33,normal_user
W0000158,E000042,normal,normal_user,0,[],42,normal_user
W0000159,E000018,normal,normal_user,0,[],51,normal_user
W0000160,E000005,normal,payment_processor,0,[],43,payment_processor
W0000161,E000028,normal,normal_user,0,[],48,normal_user
W0000162,E000034,normal,normal_user,0,[],39,normal_user
W0000163,E000005,normal,payment_processor,0,[],31,payment_processor
W0000164,E000003,normal,normal_user,0,[],48,normal_user
W0000165,E000031,normal,normal_user,0,[],39,normal_user
W0000166,E000058,suspicious,mixer_behavior,0,[],36,mixer_behavior
W0000167,E000056,normal,normal_user,0,[],50,normal_user
W0000168,E000071,normal,normal_user,0,[],42,normal_user
W0000169,E000058,suspicious,mixer_behavior,0,[],32,mixer_behavior
W0000170,E000009,normal,normal_user,0,[],33,normal_user
W0000171,E000025,normal,exchange,0,[],24,exchange
W0000172,E000035,normal,normal_user,0,[],50,normal_user
W0000173,E000090,normal,merchant,0,[],42,merchant
W0000174,E000005,normal,payment_processor,0,[],53,payment_processor
W0000175,E000078,normal,normal_user,0,[],43,normal_user
W0000176,E000068,normal,normal_user,0,[],44,normal_user
W0000177,E000025,normal,exchange,0,[],36,exchange
W0000178,E000063,normal,normal_user,1,"[""MIXER-C52414""]",42,normal_user
W0000179,E000040,normal,normal_user,0,[],31,normal_user
W0000180,E000044,normal,merchant,0,[],46,merchant
W0000181,E000039,normal,merchant,0,[],51,merchant
W0000182,E000082,suspicious,ransomware_behavior,0,[],33,ransomware_behavior
W0000183,E000061,normal,normal_user,1,"[""MIXER-C52414""]",30,normal_user
W0000184,E000087,normal,normal_user,0,[],31,normal_user
W0000185,E000008,normal,normal_user,0,[],44,normal_user
W0000186,E000043,normal,normal_user,0,[],34,normal_user
W0000187,E000078,normal,normal_user,0,[],37,normal_user
W0000188,E000092,normal,normal_user,0,[],47,normal_user
W0000189,E000069,normal,normal_user,0,[],39,normal_user
W0000190,E000068,normal,normal_user,0,[],42,normal_user
W0000191,E000023,suspicious,layering_behavior,1,"[""LAYER-A2E984""]",34,layering_behavior
W0000192,E000023,suspicious,layering_behavior,0,[],72,layering_behavior
W0000193,E000004,normal,normal_user,0,[],50,normal_user
W0000194,E000037,normal,normal_user,0,[],45,normal_user
W0000195,E000042,normal,normal_user,0,[],23,normal_user
W0000196,E000052,normal,normal_user,0,[],51,normal_user
W0000197,E000033,normal,normal_user,0,[],47,normal_user
W0000198,E000043,normal,normal_user,0,[],40,normal_user
W0000199,E000011,normal,normal_user,0,[],51,normal_user
W0000200,E000019,normal,normal_user,0,[],58,normal_user
W0000201,E000099,normal,normal_user,0,[],41,normal_user
W0000202,E000091,normal,normal_user,0,[],50,normal_user
W0000203,E000081,normal,normal_user,0,[],50,normal_user
W0000204,E000024,normal,normal_user,0,[],36,normal_user
W0000205,E000061,normal,normal_user,0,[],42,normal_user
W0000206,E000080,normal,normal_user,0,[],50,normal_user
W0000207,E000038,normal,normal_user,0,[],37,normal_user
W0000208,E000084,normal,normal_user,0,[],40,normal_user
W0000209,E000059,normal,normal_user,0,[],43,normal_user
W0000210,E000088,normal,normal_user,0,[],48,normal_user
W0000211,E000018,normal,normal_user,0,[],52,normal_user
W0000212,E000062,normal,normal_user,0,[],39,normal_user
W0000213,E000074,normal,miner,0,[],35,miner
W0000214,E000066,normal,normal_user,0,[],41,normal_user
W0000215,E000091,normal,normal_user,0,[],48,normal_user
W0000216,E000020,normal,normal_user,0,[],31,normal_user
W0000217,E000060,normal,merchant,0,[],37,merchant
W0000218,E000006,normal,normal_user,0,[],40,normal_user
W0000219,E000001,normal,normal_user,0,[],55,normal_user
W0000220,E000028,normal,normal_user,0,[],34,normal_user
W0000221,E000071,normal,normal_user,0,[],46,normal_user
W0000222,E000061,normal,normal_user,0,[],51,normal_user
W0000223,E000049,normal,miner,0,[],41,miner
W0000224,E000081,normal,normal_user,0,[],47,normal_user
W0000225,E000064,normal,normal_user,1,"[""MIXER-C52414""]",40,normal_user
W0000226,E000092,normal,normal_user,0,[],41,normal_user
W0000227,E000038,normal,normal_user,0,[],45,normal_user
W0000228,E000022,normal,normal_user,0,[],45,normal_user
W0000229,E000071,normal,normal_user,0,[],41,normal_user
W0000230,E000025,normal,exchange,0,[],31,exchange
W0000231,E000004,normal,normal_user,0,[],42,normal_user
W0000232,E000076,normal,normal_user,0,[],52,normal_user
W0000233,E000061,normal,normal_user,0,[],46,normal_user
W0000234,E000068,normal,normal_user,0,[],34,normal_user
W0000235,E000076,normal,normal_user,0,[],55,normal_user
W0000236,E000063,normal,normal_user,0,[],36,normal_user
W0000237,E000020,normal,normal_user,0,[],48,normal_user
W0000238,E000044,normal,merchant,0,[],57,merchant
W0000239,E000036,normal,normal_user,0,[],44,normal_user
W0000240,E000013,normal,merchant,0,[],29,merchant
W0000241,E000083,normal,normal_user,0,[],46,normal_user
W0000242,E000058,suspicious,mixer_behavior,0,[],52,mixer_behavior
W0000243,E000081,normal,normal_user,0,[],47,normal_user
W0000244,E000066,normal,normal_user,0,[],46,normal_user
W0000245,E000010,normal,normal_user,0,[],33,normal_user
W0000246,E000008,normal,normal_user,0,[],39,normal_user
W0000247,E000088,normal,normal_user,0,[],36,normal_user
W0000248,E000063,normal,normal_user,0,[],35,normal_user
W0000249,E000045,normal,normal_user,0,[],45,normal_user
W0000250,E000031,normal,normal_user,0,[],31,normal_user
W0000251,E000063,normal,normal_user,0,[],46,normal_user
W0000252,E000072,normal,normal_user,0,[],49,normal_user
W0000253,E000029,normal,normal_user,0,[],47,normal_user
W0000254,E000064,normal,normal_user,1,"[""RANSOM-D9B1FC""]",57,normal_user
W0000255,E000015,normal,normal_user,1,"[""MIXER-C52414""]",42,normal_user
W0000256,E000014,normal,merchant,0,[],42,merchant
W0000257,E000096,normal,normal_user,0,[],43,normal_user
W0000258,E000038,normal,normal_user,0,[],49,normal_user
W0000259,E000041,suspicious,mixer_behavior,0,[],43,mixer_behavior
W0000260,E000007,normal,normal_user,0,[],53,normal_user
W0000261,E000071,normal,normal_user,0,[],39,normal_user
W0000262,E000032,normal,normal_user,0,[],48,normal_user
W0000263,E000053,normal,normal_user,0,[],46,normal_user
W0000264,E000088,normal,normal_user,0,[],34,normal_user
W0000265,E000094,suspicious,ransomware_behavior,0,[],35,ransomware_behavior
W0000266,E000078,normal,normal_user,0,[],36,normal_user
W0000267,E000047,normal,normal_user,0,[],52,normal_user
W0000268,E000019,normal,normal_user,0,[],48,normal_user
W0000269,E000031,normal,normal_user,0,[],40,normal_user
W0000270,E000080,normal,normal_user,1,"[""MIXER-C52414""]",53,normal_user
W0000271,E000026,normal,miner,0,[],35,miner
W0000272,E000072,normal,normal_user,0,[],37,normal_user
W0000273,E000018,normal,normal_user,0,[],41,normal_user
W0000274,E000053,normal,normal_user,0,[],35,normal_user
W0000275,E000088,normal,normal_user,0,[],32,normal_user
W0000276,E000079,normal,normal_user,0,[],47,normal_user
W0000277,E000043,normal,normal_user,0,[],38,normal_user
W0000278,E000093,normal,normal_user,0,[],43,normal_user
W0000279,E000001,normal,normal_user,0,[],50,normal_user
W0000280,E000015,normal,normal_user,0,[],36,normal_user
W0000281,E000004,normal,normal_user,0,[],47,normal_user
W0000282,E000011,normal,normal_user,0,[],46,normal_user
W0000283,E000062,normal,normal_user,0,[],39,normal_user
W0000284,E000033,normal,normal_user,0,[],39,normal_user
W0000285,E000034,normal,normal_user,0,[],39,normal_user
W0000286,E000036,normal,normal_user,0,[],45,normal_user
W0000287,E000073,normal,normal_user,0,[],36,normal_user
W0000288,E000035,normal,normal_user,0,[],31,normal_user
W0000289,E000062,normal,normal_user,1,"[""MIXER-C52414""]",30,normal_user
W0000290,E000076,normal,normal_user,0,[],37,normal_user
W0000291,E000034,normal,normal_user,0,[],52,normal_user
W0000292,E000039,normal,merchant,0,[],47,merchant
W0000293,E000034,normal,normal_user,0,[],49,normal_user
W0000294,E000055,normal,normal_user,0,[],47,normal_user
W0000295,E000081,normal,normal_user,0,[],43,normal_user
W0000296,E000010,normal,normal_user,0,[],42,normal_user
W0000297,E000090,normal,merchant,0,[],54,merchant
W0000298,E000081,normal,normal_user,1,"[""MIXER-C52414""]",56,normal_user
W0000299,E000082,suspicious,ransomware_behavior,0,[],37,ransomware_behavior
W0000300,E000089,suspicious,ransomware_behavior,0,[],32,ransomware_behavior
W0000301,E000073,normal,normal_user,0,[],32,normal_user
W0000302,E000034,normal,normal_user,0,[],46,normal_user
W0000303,E000050,normal,normal_user,0,[],53,normal_user
W0000304,E000053,normal,normal_user,1,"[""RANSOM-D9B1FC""]",41,normal_user
W0000305,E000012,normal,normal_user,0,[],39,normal_user
W0000306,E000016,normal,normal_user,0,[],45,normal_user
W0000307,E000055,normal,normal_user,0,[],54,normal_user
W0000308,E000033,normal,normal_user,0,[],34,normal_user
W0000309,E000036,normal,normal_user,0,[],41,normal_user
W0000310,E000068,normal,normal_user,0,[],48,normal_user
W0000311,E000060,normal,merchant,1,"[""MIXER-C52414""]",44,merchant
W0000312,E000073,normal,normal_user,0,[],40,normal_user
W0000313,E000070,normal,merchant,0,[],48,merchant
W0000314,E000083,normal,normal_user,0,[],40,normal_user
W0000315,E000049,normal,miner,0,[],42,miner
W0000316,E000005,normal,payment_processor,0,[],46,payment_processor
W0000317,E000031,normal,normal_user,0,[],51,normal_user
W0000318,E000089,suspicious,ransomware_behavior,0,[],32,ransomware_behavior
W0000319,E000052,normal,normal_user,0,[],51,normal_user
W0000320,E000032,normal,normal_user,0,[],29,normal_user
W0000321,E000063,normal,normal_user,0,[],35,normal_user
W0000322,E000039,normal,merchant,0,[],47,merchant
W0000323,E000006,normal,normal_user,1,"[""RANSOM-D9B1FC""]",42,normal_user
W0000324,E000023,suspicious,layering_behavior,0,[],54,layering_behavior
W0000325,E000010,normal,normal_user,0,[],44,normal_user
W0000326,E000063,normal,normal_user,0,[],52,normal_user
W0000327,E000064,normal,normal_user,0,[],46,normal_user
W0000328,E000019,normal,normal_user,0,[],52,normal_user
W0000329,E000045,normal,normal_user,0,[],61,normal_user
W0000330,E000017,suspicious,layering_behavior,1,"[""RANSOM-D9B1FC""]",37,layering_behavior
W0000331,E000021,normal,merchant,0,[],64,merchant
W0000332,E000093,normal,normal_user,0,[],39,normal_user
W0000333,E000073,normal,normal_user,0,[],26,normal_user
W0000334,E000066,normal,normal_user,0,[],46,normal_user
W0000335,E000088,normal,normal_user,0,[],44,normal_user
W0000336,E000046,normal,merchant,0,[],33,merchant
W0000337,E000035,normal,normal_user,0,[],40,normal_user
W0000338,E000083,normal,normal_user,0,[],54,normal_user
W0000339,E000100,suspicious,mixer_behavior,0,[],46,mixer_behavior
W0000340,E000069,normal,normal_user,0,[],46,normal_user
W0000341,E000028,normal,normal_user,0,[],54,normal_user
W0000342,E000008,normal,normal_user,0,[],41,normal_user
W0000343,E000060,normal,merchant,0,[],38,merchant
W0000344,E000061,normal,normal_user,0,[],46,normal_user
W0000345,E000100,suspicious,mixer_behavior,0,[],32,mixer_behavior
W0000346,E000096,normal,normal_user,0,[],39,normal_user
W0000347,E000004,normal,normal_user,0,[],37,normal_user
W0000348,E000075,suspicious,layering_behavior,0,[],50,layering_behavior
W0000349,E000042,normal,normal_user,0,[],48,normal_user
W0000350,E000071,normal,normal_user,0,[],60,normal_user
W0000351,E000029,normal,normal_user,0,[],44,normal_user
W0000352,E000054,normal,merchant,0,[],50,merchant
W0000353,E000061,normal,normal_user,0,[],49,normal_user
W0000354,E000033,normal,normal_user,0,[],44,normal_user
W0000355,E000050,normal,normal_user,1,"[""MIXER-C52414""]",51,normal_user
W0000356,E000056,normal,normal_user,0,[],43,normal_user
W0000357,E000092,normal,normal_user,0,[],48,normal_user
W0000358,E000089,suspicious,ransomware_behavior,0,[],41,ransomware_behavior
W0000359,E000073,normal,normal_user,0,[],40,normal_user
W0000360,E000039,normal,merchant,0,[],30,merchant
W0000361,E000081,normal,normal_user,0,[],46,normal_user
W0000362,E000051,normal,normal_user,0,[],52,normal_user
W0000363,E000043,normal,normal_user,0,[],45,normal_user
W0000364,E000042,normal,normal_user,0,[],42,normal_user
W0000365,E000018,normal,normal_user,0,[],47,normal_user
W0000366,E000088,normal,normal_user,0,[],38,normal_user
W0000367,E000053,normal,normal_user,0,[],40,normal_user
W0000368,E000042,normal,normal_user,0,[],40,normal_user
W0000369,E000033,normal,normal_user,0,[],48,normal_user
W0000370,E000093,normal,normal_user,0,[],44,normal_user
W0000371,E000019,normal,normal_user,0,[],36,normal_user
W0000372,E000093,normal,normal_user,0,[],33,normal_user
W0000373,E000035,normal,normal_user,0,[],46,normal_user
W0000374,E000090,normal,merchant,0,[],41,merchant
W0000375,E000014,normal,merchant,0,[],43,merchant
W0000376,E000016,normal,normal_user,0,[],32,normal_user
W0000377,E000061,normal,normal_user,0,[],62,normal_user
W0000378,E000051,normal,normal_user,0,[],40,normal_user
W0000379,E000050,normal,normal_user,0,[],37,normal_user
W0000380,E000022,normal,normal_user,0,[],38,normal_user
W0000381,E000057,normal,normal_user,0,[],61,normal_user
W0000382,E000089,suspicious,ransomware_behavior,0,[],37,ransomware_behavior
W0000383,E000029,normal,normal_user,0,[],45,normal_user
W0000384,E000088,normal,normal_user,0,[],38,normal_user
W0000385,E000025,normal,exchange,0,[],31,exchange
W0000386,E000083,normal,normal_user,0,[],43,normal_user
W0000387,E000005,normal,payment_processor,0,[],52,payment_processor
W0000388,E000099,normal,normal_user,0,[],38,normal_user
W0000389,E000092,normal,normal_user,0,[],45,normal_user
W0000390,E000024,normal,normal_user,0,[],47,normal_user
W0000391,E000087,normal,normal_user,0,[],35,normal_user
W0000392,E000001,normal,normal_user,0,[],50,normal_user
W0000393,E000064,normal,normal_user,0,[],30,normal_user
W0000394,E000011,normal,normal_user,0,[],43,normal_user
W0000395,E000027,normal,normal_user,0,[],50,normal_user
W0000396,E000048,normal,payment_processor,0,[],29,payment_processor
W0000397,E000027,normal,normal_user,0,[],35,normal_user
W0000398,E000065,suspicious,mixer_behavior,1,"[""MIXER-C52414""]",55,mixer_behavior
W0000399,E000001,normal,normal_user,0,[],31,normal_user
W0000400,E000079,normal,normal_user,1,"[""MIXER-C52414""]",42,normal_user
W0000401,E000064,normal,normal_user,0,[],29,normal_user
W0000402,E000026,normal,miner,0,[],41,miner
W0000403,E000082,suspicious,ransomware_behavior,0,[],38,ransomware_behavior
W0000404,E000009,normal,normal_user,0,[],47,normal_user
W0000405,E000038,normal,normal_user,0,[],34,normal_user
W0000406,E000041,suspicious,mixer_behavior,0,[],44,mixer_behavior
W0000407,E000061,normal,normal_user,0,[],45,normal_user
W0000408,E000086,suspicious,mixer_behavior,0,[],46,mixer_behavior
W0000409,E000033,normal,normal_user,0,[],55,normal_user
W0000410,E000064,normal,normal_user,0,[],32,normal_user
W0000411,E000078,normal,normal_user,0,[],38,normal_user
W0000412,E000088,normal,normal_user,0,[],47,normal_user
W0000413,E000087,normal,normal_user,0,[],55,normal_user
W0000414,E000075,suspicious,layering_behavior,1,"[""LAYER-A2E984""]",45,layering_behavior
W0000415,E000062,normal,normal_user,0,[],48,normal_user
W0000416,E000025,normal,exchange,0,[],28,exchange
W0000417,E000049,normal,miner,0,[],37,miner
W0000418,E000091,normal,normal_user,0,[],39,normal_user
W0000419,E000005,normal,payment_processor,0,[],36,payment_processor
W0000420,E000021,normal,merchant,0,[],44,merchant
W0000421,E000043,normal,normal_user,0,[],44,normal_user
W0000422,E000066,normal,normal_user,0,[],40,normal_user
W0000423,E000074,normal,miner,0,[],44,miner
W0000424,E000037,normal,normal_user,0,[],39,normal_user
W0000425,E000040,normal,normal_user,0,[],48,normal_user
W0000426,E000029,normal,normal_user,0,[],45,normal_user
W0000427,E000045,normal,normal_user,0,[],38,normal_user
W0000428,E000047,normal,normal_user,0,[],34,normal_user
W0000429,E000092,normal,normal_user,0,[],48,normal_user
W0000430,E000027,normal,normal_user,0,[],40,normal_user
W0000431,E000005,normal,payment_processor,0,[],57,payment_processor
W0000432,E000009,normal,normal_user,0,[],43,normal_user
W0000433,E000025,normal,exchange,0,[],33,exchange
W0000434,E000091,normal,normal_user,0,[],42,normal_user
W0000435,E000052,normal,normal_user,0,[],54,normal_user
W0000436,E000005,normal,payment_processor,0,[],40,payment_processor
W0000437,E000047,normal,normal_user,0,[],51,normal_user
W0000438,E000069,normal,normal_user,0,[],35,normal_user
W0000439,E000041,suspicious,mixer_behavior,0,[],32,mixer_behavior
W0000440,E000025,normal,exchange,1,"[""RANSOM-D9B1FC""]",30,exchange
W0000441,E000010,normal,normal_user,0,[],30,normal_user
W0000442,E000080,normal,normal_user,0,[],44,normal_user
W0000443,E000025,normal,exchange,0,[],38,exchange
W0000444,E000088,normal,normal_user,0,[],38,normal_user
W0000445,E000052,normal,normal_user,0,[],43,normal_user
W0000446,E000059,normal,normal_user,0,[],55,normal_user
W0000447,E000098,normal,merchant,0,[],44,merchant
W0000448,E000043,normal,normal_user,0,[],42,normal_user
W0000449,E000072,normal,normal_user,0,[],31,normal_user
W0000450,E000015,normal,normal_user,1,"[""RANSOM-D9B1FC""]",47,normal_user
W0000451,E000073,normal,normal_user,0,[],38,normal_user
W0000452,E000071,normal,normal_user,0,[],49,normal_user
W0000453,E000015,normal,normal_user,0,[],47,normal_user
W0000454,E000012,normal,normal_user,0,[],44,normal_user
W0000455,E000029,normal,normal_user,0,[],54,normal_user
W0000456,E000001,normal,normal_user,0,[],39,normal_user
W0000457,E000024,normal,normal_user,0,[],46,normal_user
W0000458,E000096,normal,normal_user,0,[],38,normal_user
W0000459,E000046,normal,merchant,0,[],31,merchant
W0000460,E000098,normal,merchant,0,[],44,merchant
W0000461,E000075,suspicious,layering_behavior,1,"[""LAYER-A2E984""]",53,layering_behavior
W0000462,E000051,normal,normal_user,0,[],47,normal_user
W0000463,E000080,normal,normal_user,0,[],44,normal_user
W0000464,E000044,normal,merchant,0,[],32,merchant
W0000465,E000036,normal,normal_user,0,[],31,normal_user
W0000466,E000073,normal,normal_user,0,[],40,normal_user
W0000467,E000074,normal,miner,0,[],27,miner
W0000468,E000025,normal,exchange,0,[],28,exchange
W0000469,E000091,normal,normal_user,0,[],45,normal_user
W0000470,E000023,suspicious,layering_behavior,0,[],35,layering_behavior
W0000471,E000044,normal,merchant,0,[],50,merchant
W0000472,E000020,normal,normal_user,0,[],41,normal_user
W0000473,E000006,normal,normal_user,0,[],38,normal_user
W0000474,E000055,normal,normal_user,0,[],33,normal_user
W0000475,E000046,normal,merchant,0,[],36,merchant
W0000476,E000047,normal,normal_user,0,[],39,normal_user
W0000477,E000013,normal,merchant,0,[],53,merchant
W0000478,E000095,normal,normal_user,0,[],53,normal_user
W0000479,E000044,normal,merchant,0,[],52,merchant
W0000480,E000005,normal,payment_processor,0,[],47,payment_processor
W0000481,E000008,normal,normal_user,0,[],33,normal_user
W0000482,E000080,normal,normal_user,0,[],43,normal_user
W0000483,E000099,normal,normal_user,0,[],36,normal_user
W0000484,E000069,normal,normal_user,0,[],46,normal_user
W0000485,E000095,normal,normal_user,0,[],48,normal_user
W0000486,E000055,normal,normal_user,0,[],27,normal_user
W0000487,E000085,suspicious,ransomware_behavior,0,[],40,ransomware_behavior
W0000488,E000060,normal,merchant,0,[],41,merchant
W0000489,E000083,normal,normal_user,0,[],47,normal_user
W0000490,E000013,normal,merchant,0,[],30,merchant
W0000491,E000032,normal,normal_user,0,[],48,normal_user
W0000492,E000062,normal,normal_user,0,[],46,normal_user
W0000493,E000076,normal,normal_user,0,[],40,normal_user
W0000494,E000073,normal,normal_user,0,[],51,normal_user
W0000495,E000079,normal,normal_user,0,[],48,normal_user
W0000496,E000011,normal,normal_user,0,[],56,normal_user
W0000497,E000068,normal,normal_user,0,[],44,normal_user
W0000498,E000092,normal,normal_user,1,"[""RANSOM-D9B1FC""]",45,normal_user
W0000499,E000020,normal,normal_user,0,[],40,normal_user
W0000500,E000056,normal,normal_user,0,[],50,normal_user
