wallet_id,transaction_count,first_seen,last_seen,avg_inter_tx_seconds,min_inter_tx_seconds,behavior_type,ground_truth_label
W0000001,42,2026-01-03 01:31:54,2026-06-11 08:56:47,335714.46341463417,11361.0,normal_user,normal
W0000002,55,2026-01-02 01:44:01,2026-06-28 23:21:37,284641.77777777775,3368.0,normal_user,normal
W0000003,51,2026-01-01 09:10:35,2026-06-30 13:11:42,311329.34,6801.0,normal_user,normal
W0000004,53,2026-01-02 07:28:53,2026-06-28 21:50:02,295085.9423076923,621.0,payment_processor,normal
W0000005,36,2026-01-01 15:03:59,2026-06-29 11:42:00,441528.02857142856,27761.0,normal_user,normal
W0000006,45,2026-01-08 03:34:46,2026-06-29 17:08:20,338854.86363636365,9870.0,miner,normal
W0000007,47,2026-01-01 14:00:02,2026-06-30 15:07:55,338175.5,10828.0,normal_user,normal
W0000008,49,2026-01-03 03:38:17,2026-06-30 06:07:15,320586.2083333333,1947.0,normal_user,normal
W0000009,38,2026-01-15 00:19:18,2026-06-28 06:43:13,383584.7297297297,17048.0,normal_user,normal
W0000010,41,2026-01-03 05:16:09,2026-06-29 03:53:02,382195.325,4533.0,normal_user,normal
W0000011,26,2026-01-03 15:09:25,2026-06-30 19:09:23,615743.92,73664.0,miner,normal
W0000012,55,2026-01-01 09:01:29,2026-06-29 15:23:43,286824.7037037037,3036.0,layering_behavior,suspicious
W0000013,41,2026-01-03 11:01:28,2026-06-29 04:05:51,381696.575,9547.0,normal_user,normal
W0000014,39,2026-01-04 21:42:24,2026-06-30 02:58:53,400668.13157894736,5273.0,normal_user,normal
W0000015,49,2026-01-03 18:42:58,2026-06-29 22:16:02,318866.3333333333,9368.0,normal_user,normal
W0000016,29,2026-01-02 22:50:11,2026-06-30 12:04:04,550958.3214285715,34578.0,layering_behavior,suspicious
W0000017,37,2026-01-06 11:40:39,2026-06-30 06:59:24,419531.25,92.0,normal_user,normal
W0000018,44,2026-01-12 03:34:40,2026-06-30 04:58:35,339689.18604651163,2410.0,normal_user,normal
W0000019,35,2026-01-01 16:00:00,2026-06-28 08:30:14,451535.70588235295,174.0,ransomware_behavior,suspicious
W0000020,40,2026-01-08 13:32:02,2026-06-28 20:51:40,379507.1282051282,9518.0,normal_user,normal
W0000021,37,2026-01-08 13:29:02,2026-06-26 20:20:36,406285.94444444444,4978.0,normal_user,normal
W0000022,43,2026-01-04 19:57:56,2026-06-28 15:17:40,359599.61904761905,1488.0,normal_user,normal
W0000023,35,2026-01-05 13:50:28,2026-06-27 11:33:04,439381.0588235294,2025.0,ransomware_behavior,suspicious
W0000024,38,2026-01-07 23:23:14,2026-06-21 16:13:58,384601.1891891892,5948.0,mixer_behavior,suspicious
W0000025,37,2026-01-10 22:02:17,2026-06-30 21:39:11,410361.5,10077.0,normal_user,normal
W0000026,37,2026-01-02 10:34:50,2026-06-21 17:10:25,408659.30555555556,7096.0,normal_user,normal
W0000027,41,2026-01-02 12:43:24,2026-06-27 16:41:39,380517.375,366.0,normal_user,normal
W0000028,48,2026-01-08 08:26:02,2026-06-28 10:02:32,314472.12765957444,187.0,normal_user,normal
W0000029,48,2026-01-02 21:30:50,2026-06-22 14:10:04,313786.25531914894,36.0,merchant,normal
W0000030,48,2026-01-03 10:05:59,2026-06-30 19:14:33,327917.3191489362,97.0,normal_user,normal
W0000031,28,2026-01-03 21:58:13,2026-06-23 02:24:20,544591.3703703703,36928.0,normal_user,normal
W0000032,42,2026-01-02 01:18:21,2026-06-30 14:05:01,378331.7073170732,5922.0,normal_user,normal
W0000033,44,2026-01-04 11:07:49,2026-06-23 08:40:14,341375.4651162791,3425.0,normal_user,normal
W0000034,54,2026-01-07 20:57:21,2026-06-27 21:12:01,278778.8679245283,1927.0,normal_user,normal
W0000035,46,2026-01-01 05:58:14,2026-06-21 17:58:02,329279.73333333334,3511.0,normal_user,normal
W0000036,37,2026-01-01 14:36:32,2026-06-23 10:44:42,414813.6111111111,444.0,miner,normal
W0000037,36,2026-01-07 08:27:32,2026-06-29 10:47:44,427303.2,4254.0,normal_user,normal
W0000038,40,2026-01-05 17:30:37,2026-06-23 02:00:27,372968.9743589744,12707.0,normal_user,normal
W0000039,39,2026-01-07 13:22:45,2026-06-21 13:08:39,375135.63157894736,27638.0,normal_user,normal
W0000040,29,2026-01-04 12:54:53,2026-06-24 22:21:43,528871.7857142857,9452.0,miner,normal
W0000041,49,2026-01-03 01:26:40,2026-06-27 08:00:55,315492.8125,2376.0,normal_user,normal
W0000042,34,2026-01-06 15:08:47,2026-06-27 11:24:03,449918.6666666667,20616.0,merchant,normal
W0000043,32,2026-01-08 15:46:24,2026-06-26 08:39:48,470193.67741935485,12793.0,miner,normal
W0000044,30,2026-01-01 17:47:48,2026-06-28 09:33:11,529293.8965517242,2748.0,normal_user,normal
W0000045,36,2026-01-03 08:02:19,2026-06-29 21:27:30,438317.45714285714,8571.0,normal_user,normal
W0000046,40,2026-01-02 07:53:36,2026-06-26 02:41:48,387212.6153846154,2604.0,normal_user,normal
W0000047,47,2026-01-03 19:51:15,2026-06-29 22:31:21,332661.0,29765.0,normal_user,normal
W0000048,47,2026-01-01 16:31:26,2026-06-24 05:39:45,325967.3695652174,9770.0,normal_user,normal
W0000049,45,2026-01-01 10:33:46,2026-06-29 05:15:19,351056.6590909091,20708.0,normal_user,normal
W0000050,39,2026-01-04 12:37:27,2026-06-30 05:27:29,401763.2105263158,6087.0,normal_user,normal
W0000051,40,2026-01-03 10:37:59,2026-06-30 15:32:10,394791.0512820513,13055.0,normal_user,normal
W0000052,47,2026-01-02 17:10:26,2026-06-29 18:17:19,334417.67391304346,9195.0,normal_user,normal
W0000053,50,2026-01-05 08:27:06,2026-06-22 07:25:20,296152.9387755102,130.0,normal_user,normal
W0000054,58,2026-01-01 03:49:25,2026-06-26 17:03:48,267615.1403508772,863.0,merchant,normal
W0000055,34,2026-01-05 18:54:13,2026-06-27 20:52:39,453160.7878787879,8044.0,normal_user,normal
W0000056,51,2026-01-01 05:25:26,2026-06-30 08:55:40,311292.28,42.0,layering_behavior,suspicious
W0000057,50,2026-01-01 16:42:33,2026-06-21 03:37:39,300557.2653061224,1999.0,normal_user,normal
W0000058,34,2026-01-04 12:40:21,2026-06-29 11:40:25,460691.0303030303,5433.0,normal_user,normal
W0000059,41,2026-01-04 14:41:48,2026-06-30 01:48:54,381160.65,1892.0,normal_user,normal
W0000060,46,2026-01-03 16:12:24,2026-06-25 10:51:15,331731.8,147.0,normal_user,normal
W0000061,40,2026-01-04 13:38:01,2026-06-27 21:28:37,386200.92307692306,7984.0,normal_user,normal
W0000062,56,2026-01-02 14:57:17,2026-06-30 10:45:37,280918.1818181818,91.0,payment_processor,normal
W0000063,45,2026-01-04 21:03:16,2026-06-29 00:43:01,343936.0227272727,2761.0,normal_user,normal
W0000064,37,2026-01-08 06:04:01,2026-06-28 21:50:02,411976.69444444444,3542.0,normal_user,normal
W0000065,33,2026-01-04 02:01:50,2026-06-24 23:31:24,464117.9375,2095.0,normal_user,normal
W0000066,35,2026-01-11 13:47:22,2026-06-28 03:45:50,425856.1176470588,19408.0,exchange,normal
W0000067,48,2026-01-02 22:05:41,2026-06-28 10:11:17,324466.72340425535,28290.0,normal_user,normal
W0000068,37,2026-01-01 06:59:53,2026-06-23 16:17:20,416129.0833333333,31232.0,normal_user,normal
W0000069,50,2026-01-03 10:23:18,2026-06-26 14:03:15,307077.48979591834,1461.0,normal_user,normal
W0000070,37,2026-01-09 13:01:11,2026-06-28 22:54:33,408988.94444444444,6205.0,normal_user,normal
W0000071,47,2026-01-02 12:42:50,2026-06-26 14:52:10,328864.347826087,7919.0,normal_user,normal
W0000072,55,2026-01-08 19:20:51,2026-06-29 02:45:15,274093.77777777775,433.0,normal_user,normal
W0000073,43,2026-01-07 00:51:10,2026-06-27 17:46:29,353221.88095238095,4176.0,layering_behavior,suspicious
W0000074,45,2026-01-01 07:17:25,2026-06-27 16:11:05,348291.36363636365,4739.0,payment_processor,normal
W0000075,62,2026-01-02 01:44:01,2026-06-24 18:00:32,245996.5737704918,996.0,normal_user,normal
W0000076,43,2026-01-11 05:45:32,2026-06-24 10:14:05,337755.0714285714,12189.0,exchange,normal
W0000077,53,2026-01-02 18:22:31,2026-06-28 03:25:20,293057.0961538461,3621.0,normal_user,normal
W0000078,47,2026-01-03 11:44:37,2026-06-30 05:38:07,333852.39130434784,1258.0,normal_user,normal
W0000079,52,2026-01-12 15:44:34,2026-06-30 05:38:07,285592.4117647059,1661.0,merchant,normal
W0000080,29,2026-01-02 04:35:37,2026-06-28 16:24:42,547690.8928571428,7270.0,normal_user,normal
W0000081,25,2026-01-18 21:19:42,2026-06-21 10:39:30,552799.5,23750.0,layering_behavior,suspicious
W0000082,53,2026-01-04 14:03:31,2026-06-24 07:39:27,283679.92307692306,1599.0,normal_user,normal
W0000083,43,2026-01-03 08:04:15,2026-06-28 15:35:00,362701.0714285714,8825.0,normal_user,normal
W0000084,39,2026-01-03 20:43:16,2026-06-30 08:55:40,403598.5263157895,7695.0,normal_user,normal
W0000085,45,2026-01-02 14:10:14,2026-06-30 09:03:02,351072.0,2320.0,merchant,normal
W0000086,33,2026-01-08 02:57:35,2026-06-28 04:00:20,461817.65625,6860.0,normal_user,normal
W0000087,34,2026-01-05 11:58:24,2026-06-28 06:57:01,455015.6666666667,69.0,layering_behavior,suspicious
W0000088,36,2026-01-12 21:20:56,2026-06-21 04:08:50,393202.1142857143,299.0,normal_user,normal
W0000089,40,2026-01-07 21:11:25,2026-06-27 03:25:29,377190.8717948718,46.0,merchant,normal
W0000090,42,2026-01-05 13:25:57,2026-06-29 03:53:02,367942.0731707317,8248.0,normal_user,normal
W0000091,50,2026-01-02 15:17:35,2026-06-27 09:38:24,309919.36734693876,3709.0,normal_user,normal
W0000092,46,2026-01-03 08:04:15,2026-06-29 09:37:56,339964.9111111111,34620.0,layering_behavior,suspicious
W0000093,42,2026-01-08 08:37:15,2026-06-18 09:52:05,339387.56097560975,18298.0,normal_user,normal
W0000094,58,2026-01-02 16:11:07,2026-06-30 22:53:10,271749.5263157895,350.0,payment_processor,normal
W0000095,31,2026-01-02 06:40:52,2026-06-21 23:18:29,491595.23333333334,27395.0,normal_user,normal
W0000096,47,2026-01-02 15:41:46,2026-06-26 15:43:32,328697.95652173914,2904.0,normal_user,normal
W0000097,45,2026-01-09 23:00:54,2026-06-30 19:16:11,337439.0227272727,9686.0,normal_user,normal
W0000098,50,2026-01-03 21:08:32,2026-06-27 18:20:15,308365.36734693876,17183.0,normal_user,normal
W0000099,42,2026-01-02 22:41:26,2026-06-25 09:18:13,365497.73170731706,729.0,miner,normal
W0000100,37,2026-01-02 11:55:33,2026-06-16 08:25:14,395649.47222222225,9538.0,normal_user,normal
W0000101,41,2026-01-01 05:23:15,2026-06-30 03:52:05,388663.25,1176.0,merchant,normal
W0000102,42,2026-01-01 17:01:52,2026-06-28 20:51:35,375438.60975609755,11410.0,normal_user,normal
W0000103,46,2026-01-03 04:03:45,2026-06-24 10:14:05,330733.77777777775,4719.0,normal_user,normal
W0000104,34,2026-01-02 05:33:27,2026-06-27 12:13:42,461527.7272727273,2812.0,normal_user,normal
W0000105,38,2026-01-09 05:21:35,2026-06-23 11:02:16,385849.75675675675,17379.0,normal_user,normal
W0000106,47,2026-01-05 16:01:02,2026-06-25 21:13:34,321590.26086956525,1705.0,merchant,normal
W0000107,43,2026-01-06 06:49:20,2026-06-18 19:23:27,336391.59523809527,637.0,normal_user,normal
W0000108,50,2026-01-06 16:55:32,2026-06-30 11:23:04,308164.32653061225,10090.0,normal_user,normal
W0000109,58,2026-01-02 10:02:45,2026-06-27 19:57:50,267405.350877193,119.0,normal_user,normal
W0000110,40,2026-01-01 04:19:52,2026-06-27 16:24:11,393237.41025641025,29474.0,normal_user,normal
W0000111,33,2026-01-02 14:58:21,2026-06-28 21:42:04,478656.96875,7881.0,normal_user,normal
W0000112,52,2026-01-04 14:03:31,2026-06-28 21:27:43,296993.17647058825,2086.0,normal_user,normal
W0000113,27,2026-01-01 00:40:42,2026-06-30 22:01:03,601108.5,7671.0,normal_user,normal
W0000114,41,2026-01-03 02:30:56,2026-06-27 10:24:20,378710.1,7164.0,ransomware_behavior,suspicious
W0000115,51,2026-01-08 01:44:02,2026-06-22 14:28:45,286037.66,2412.0,normal_user,normal
W0000116,43,2026-01-01 06:06:49,2026-06-26 05:10:05,361976.09523809527,4829.0,payment_processor,normal
W0000117,44,2026-01-05 06:07:23,2026-06-27 12:20:49,348130.37209302327,4986.0,normal_user,normal
W0000118,40,2026-01-05 10:48:31,2026-06-23 11:04:11,374424.10256410256,2348.0,normal_user,normal
W0000119,45,2026-01-12 13:34:12,2026-06-25 23:15:49,322829.4772727273,9159.0,normal_user,normal
W0000120,48,2026-01-01 20:10:58,2026-06-24 10:27:01,319118.3617021277,285.0,normal_user,normal
W0000121,43,2026-01-02 06:22:31,2026-06-29 16:02:45,367000.3333333333,18723.0,normal_user,normal
W0000122,43,2026-01-02 17:53:01,2026-06-28 19:24:07,364244.4285714286,6139.0,merchant,normal
W0000123,42,2026-01-01 10:36:51,2026-06-27 17:47:12,373624.9024390244,12157.0,normal_user,normal
W0000124,31,2026-01-03 21:43:15,2026-06-21 08:37:04,485147.63333333336,4400.0,normal_user,normal
W0000125,38,2026-01-09 01:04:20,2026-06-28 21:50:02,398993.02702702704,22222.0,exchange,normal
W0000126,37,2026-01-09 02:29:47,2026-06-30 19:09:23,414466.0,22161.0,normal_user,normal
W0000127,44,2026-01-15 04:13:04,2026-06-28 06:57:01,329754.3488372093,5279.0,normal_user,normal
W0000128,41,2026-01-02 19:35:20,2026-06-30 22:01:03,386858.575,3104.0,normal_user,normal
W0000129,42,2026-01-01 16:31:26,2026-06-28 08:30:14,374398.243902439,12949.0,exchange,normal
W0000130,43,2026-01-01 13:26:56,2026-06-23 14:33:36,355980.95238095237,2131.0,merchant,normal
W0000131,49,2026-01-01 10:33:46,2026-06-30 12:04:04,324112.875,5368.0,payment_processor,normal
W0000132,44,2026-01-04 16:58:52,2026-06-26 23:14:53,348133.9767441861,2060.0,normal_user,normal
W0000133,32,2026-01-02 09:37:50,2026-06-27 11:34:38,490755.0967741936,40829.0,normal_user,normal
W0000134,56,2026-01-01 14:04:37,2026-06-30 13:51:40,282749.5090909091,2066.0,normal_user,normal
W0000135,40,2026-01-03 18:02:30,2026-06-30 19:16:11,394451.8205128205,19899.0,normal_user,normal
W0000136,38,2026-01-02 02:18:29,2026-06-30 06:59:24,418444.7297297297,3332.0,normal_user,normal
W0000137,43,2026-01-11 20:33:11,2026-06-18 02:39:14,323494.35714285716,2888.0,normal_user,normal
W0000138,53,2026-01-02 14:10:14,2026-06-25 01:14:15,288212.32692307694,15458.0,normal_user,normal
W0000139,46,2026-01-07 10:16:51,2026-06-26 10:13:30,326395.5333333333,2607.0,normal_user,normal
W0000140,23,2026-01-01 10:33:46,2026-06-26 09:23:43,691008.9545454546,34999.0,normal_user,normal
W0000141,52,2026-01-01 06:05:43,2026-06-27 18:49:47,300757.7254901961,1513.0,normal_user,normal
W0000142,39,2026-01-05 16:07:20,2026-06-29 13:56:01,397687.3947368421,5923.0,normal_user,normal
W0000143,36,2026-01-01 23:03:15,2026-06-28 10:02:32,438067.34285714285,30621.0,normal_user,normal
W0000144,51,2026-01-02 06:27:09,2026-06-29 19:31:31,308525.24,6249.0,normal_user,normal
W0000145,47,2026-01-09 22:04:10,2026-06-27 11:44:11,316617.4130434783,8505.0,normal_user,normal
W0000146,56,2026-01-02 00:31:29,2026-06-29 05:47:20,279966.38181818184,772.0,normal_user,normal
W0000147,35,2026-01-29 07:39:11,2026-06-29 20:08:10,385039.3823529412,15415.0,normal_user,normal
W0000148,40,2026-01-01 10:36:51,2026-06-26 12:21:18,390068.3846153846,28180.0,normal_user,normal
W0000149,39,2026-01-01 03:13:25,2026-06-13 02:03:54,370500.7631578947,44454.0,normal_user,normal
W0000150,43,2026-01-01 10:36:51,2026-06-15 23:58:32,340573.8333333333,2156.0,mixer_behavior,suspicious
W0000151,52,2026-01-04 09:38:39,2026-06-17 15:26:22,278244.3725490196,2059.0,merchant,normal
W0000152,35,2026-01-05 03:24:05,2026-06-27 10:17:24,440352.9117647059,717.0,merchant,normal
W0000153,46,2026-01-02 22:10:14,2026-06-29 18:22:43,341456.64444444445,2735.0,normal_user,normal
W0000154,52,2026-01-06 02:41:13,2026-06-27 07:50:25,291752.0,11326.0,miner,normal
W0000155,46,2026-01-05 06:31:22,2026-06-25 15:26:16,329033.2,1112.0,normal_user,normal
W0000156,36,2026-01-01 22:23:11,2026-06-28 08:52:09,438015.3714285714,35344.0,normal_user,normal
W0000157,33,2026-01-09 23:10:54,2026-06-30 04:58:35,462351.90625,6925.0,normal_user,normal
W0000158,42,2026-01-02 04:34:25,2026-06-29 07:27:29,375355.7073170732,14924.0,normal_user,normal
W0000159,51,2026-01-01 03:13:25,2026-06-27 23:27:30,307312.9,2265.0,normal_user,normal
W0000160,43,2026-01-08 13:29:02,2026-06-28 22:54:33,352579.3095238095,18289.0,payment_processor,normal
W0000161,48,2026-01-01 21:57:59,2026-06-30 07:12:34,329763.2978723404,18239.0,normal_user,normal
W0000162,39,2026-01-03 13:16:21,2026-06-22 11:03:53,386317.15789473685,5959.0,normal_user,normal
W0000163,31,2026-01-05 05:25:37,2026-06-29 12:38:32,504865.8333333333,26593.0,payment_processor,normal
W0000164,48,2026-01-01 16:31:02,2026-06-27 20:52:39,325712.7021276596,3780.0,normal_user,normal
W0000165,39,2026-01-01 20:58:15,2026-06-30 11:23:04,408354.9736842105,4865.0,normal_user,normal
W0000166,36,2026-01-12 13:44:38,2026-06-27 13:23:07,409745.97142857144,2362.0,mixer_behavior,suspicious
W0000167,50,2026-01-04 01:47:09,2026-06-24 06:32:10,301867.36734693876,14335.0,normal_user,normal
W0000168,42,2026-01-03 11:44:37,2026-06-24 14:28:32,362698.4146341463,282.0,normal_user,normal
W0000169,32,2026-01-01 04:56:04,2026-06-28 15:17:40,497306.32258064515,592.0,mixer_behavior,suspicious
W0000170,33,2026-01-04 12:49:07,2026-06-28 20:51:40,473404.78125,11699.0,normal_user,normal
W0000171,24,2026-01-11 02:35:12,2026-06-27 10:33:40,628587.304347826,3202.0,exchange,normal
W0000172,50,2026-01-10 03:14:55,2026-06-27 07:34:55,296546.9387755102,6961.0,normal_user,normal
W0000173,42,2026-01-05 02:07:02,2026-06-26 11:47:24,363307.85365853657,28370.0,merchant,normal
W0000174,53,2026-01-05 23:07:34,2026-06-30 19:23:56,292172.73076923075,6885.0,payment_processor,normal
W0000175,43,2026-01-05 14:09:44,2026-06-30 19:39:31,362528.2619047619,1205.0,normal_user,normal
W0000176,44,2026-01-15 23:34:54,2026-06-30 14:42:58,332801.9534883721,18067.0,normal_user,normal
W0000177,36,2026-01-07 23:14:32,2026-06-29 07:38:31,425458.2571428571,12847.0,exchange,normal
W0000178,42,2026-01-01 02:28:28,2026-06-17 16:48:49,353181.0,7576.0,normal_user,normal
W0000179,31,2026-01-07 20:12:03,2026-06-28 11:30:15,494316.4,5476.0,normal_user,normal
W0000180,46,2026-01-01 02:29:51,2026-06-26 18:10:01,339173.55555555556,2147.0,merchant,normal
W0000181,51,2026-01-07 19:39:36,2026-06-30 23:45:55,300967.58,12001.0,merchant,normal
W0000182,33,2026-01-08 06:38:52,2026-06-17 03:15:11,431618.09375,6660.0,ransomware_behavior,suspicious
W0000183,30,2026-01-01 17:00:45,2026-06-25 01:39:41,519473.6551724138,9261.0,normal_user,normal
W0000184,31,2026-01-01 03:47:18,2026-06-22 07:35:46,495816.93333333335,16230.0,normal_user,normal
W0000185,44,2026-01-07 01:17:47,2026-06-25 02:37:02,339682.67441860464,2517.0,normal_user,normal
W0000186,34,2026-01-05 02:12:46,2026-06-30 10:45:37,461732.45454545453,65492.0,normal_user,normal
W0000187,37,2026-01-02 09:33:26,2026-06-30 14:42:58,430115.8888888889,14668.0,normal_user,normal
W0000188,47,2026-01-07 06:48:48,2026-06-28 11:58:26,323464.73913043475,5291.0,normal_user,normal
W0000189,39,2026-01-02 00:02:56,2026-06-30 09:54:59,407924.2894736842,10324.0,normal_user,normal
W0000190,42,2026-01-04 03:27:24,2026-06-30 22:08:57,374636.4146341463,1429.0,normal_user,normal
W0000191,34,2026-01-01 09:00:32,2026-06-22 15:37:47,451049.54545454547,15.0,layering_behavior,suspicious
W0000192,72,2026-01-08 06:38:19,2026-06-30 10:47:31,210734.53521126762,303.0,layering_behavior,suspicious
W0000193,50,2026-01-05 15:16:10,2026-06-18 11:22:41,288889.612244898,1142.0,normal_user,normal
W0000194,45,2026-01-02 00:31:29,2026-06-29 07:38:31,350109.5909090909,3286.0,normal_user,normal
W0000195,23,2026-01-01 16:31:02,2026-06-29 22:16:02,703922.7272727273,6874.0,normal_user,normal
W0000196,51,2026-01-03 01:26:40,2026-06-29 07:38:31,306302.22,35841.0,normal_user,normal
W0000197,47,2026-01-01 21:43:38,2026-06-28 02:03:57,332791.7173913043,16176.0,normal_user,normal
W0000198,40,2026-01-01 00:40:42,2026-06-25 00:47:55,387703.41025641025,9593.0,normal_user,normal
W0000199,51,2026-01-02 23:37:46,2026-06-13 16:13:00,279402.28,4349.0,normal_user,normal
W0000200,58,2026-01-02 03:19:34,2026-06-30 13:11:42,271949.6140350877,5737.0,normal_user,normal
W0000201,41,2026-01-07 06:54:52,2026-06-28 02:45:43,371146.275,6144.0,normal_user,normal
W0000202,50,2026-01-01 15:34:19,2026-06-30 22:53:10,317925.1224489796,15581.0,normal_user,normal
W0000203,50,2026-01-08 13:43:23,2026-06-23 22:35:18,293353.36734693876,7378.0,normal_user,normal
W0000204,36,2026-01-02 17:32:21,2026-06-22 19:01:04,422277.8,13993.0,normal_user,normal
W0000205,42,2026-01-02 04:35:37,2026-06-28 16:24:55,374033.1219512195,14729.0,normal_user,normal
W0000206,50,2026-01-02 15:18:54,2026-06-30 15:12:24,315616.5306122449,633.0,normal_user,normal
W0000207,37,2026-01-01 20:30:09,2026-06-29 12:43:00,428821.4166666667,93.0,normal_user,normal
W0000208,40,2026-01-03 19:34:25,2026-06-30 05:09:34,393007.92307692306,7170.0,normal_user,normal
W0000209,43,2026-01-05 22:09:15,2026-06-25 20:00:00,351586.78571428574,4452.0,normal_user,normal
W0000210,48,2026-01-05 02:18:14,2026-06-30 02:58:53,323592.3191489362,5470.0,normal_user,normal
W0000211,52,2026-01-05 02:18:14,2026-06-20 10:41:11,281815.23529411765,2649.0,normal_user,normal
W0000212,39,2026-01-04 12:49:07,2026-06-16 17:24:23,371045.15789473685,6231.0,normal_user,normal
W0000213,35,2026-01-12 20:04:59,2026-06-24 09:17:14,413068.67647058825,2451.0,miner,normal
W0000214,41,2026-01-02 06:42:01,2026-06-30 18:52:26,387735.625,18046.0,normal_user,normal
W0000215,48,2026-01-01 06:48:23,2026-06-26 13:19:22,324039.55319148937,2161.0,normal_user,normal
W0000216,31,2026-01-10 00:12:56,2026-06-30 22:53:10,495200.4666666667,13450.0,normal_user,normal
W0000217,37,2026-01-11 07:18:02,2026-06-30 17:21:09,409005.19444444444,10854.0,merchant,normal
W0000218,40,2026-01-01 16:31:26,2026-06-30 09:03:02,398079.3846153846,272.0,normal_user,normal
W0000219,55,2026-01-05 15:04:30,2026-06-29 15:23:43,280021.35185185185,10524.0,normal_user,normal
W0000220,34,2026-01-01 02:28:28,2026-06-27 06:13:57,463828.1515151515,3850.0,normal_user,normal
W0000221,46,2026-01-09 23:10:54,2026-06-29 05:57:54,326942.6666666667,17377.0,normal_user,normal
W0000222,51,2026-01-02 06:14:03,2026-06-29 10:47:44,307912.42,594.0,normal_user,normal
W0000223,41,2026-01-02 18:05:39,2026-06-30 22:21:17,387023.45,6263.0,miner,normal
W0000224,47,2026-01-06 08:43:27,2026-06-30 06:07:15,328491.9130434783,3307.0,normal_user,normal
W0000225,40,2026-01-01 17:01:22,2026-06-24 22:56:56,386023.9487179487,883.0,normal_user,normal
W0000226,41,2026-01-01 21:03:42,2026-06-27 09:38:24,381292.05,7151.0,normal_user,normal
W0000227,45,2026-01-03 02:25:03,2026-06-26 15:15:41,342723.5909090909,12787.0,normal_user,normal
W0000228,45,2026-01-01 16:08:21,2026-06-23 14:48:47,339600.5909090909,2888.0,normal_user,normal
W0000229,41,2026-01-03 10:37:59,2026-06-26 11:47:24,375944.125,7577.0,normal_user,normal
W0000230,31,2026-01-27 04:18:55,2026-06-29 06:43:46,440929.7,7555.0,exchange,normal
W0000231,42,2026-01-01 11:14:11,2026-06-23 01:14:12,363687.8292682927,5374.0,normal_user,normal
W0000232,52,2026-01-05 10:48:31,2026-06-26 04:47:55,290964.0,4917.0,normal_user,normal
W0000233,46,2026-01-03 10:13:51,2026-06-30 20:34:34,342587.6222222222,5264.0,normal_user,normal
W0000234,34,2026-01-28 11:44:19,2026-06-29 20:29:22,398918.2727272727,23735.0,normal_user,normal
W0000235,55,2026-01-02 10:41:17,2026-06-27 06:34:48,281326.1296296296,98.0,normal_user,normal
W0000236,36,2026-01-12 12:49:28,2026-06-28 07:36:19,411714.6,9141.0,normal_user,normal
W0000237,48,2026-01-03 03:59:43,2026-06-27 11:34:38,322282.87234042556,4424.0,normal_user,normal
W0000238,57,2026-01-02 12:08:07,2026-06-29 19:42:48,275115.73214285716,4911.0,merchant,normal
W0000239,44,2026-01-06 23:36:08,2026-06-29 12:43:00,348707.25581395347,93.0,normal_user,normal
W0000240,29,2026-01-01 01:41:29,2026-06-24 19:14:59,539171.7857142857,14900.0,merchant,normal
W0000241,46,2026-01-18 22:39:11,2026-06-30 19:23:56,312699.6666666667,18276.0,normal_user,normal
W0000242,52,2026-01-13 02:14:32,2026-06-22 07:22:45,271421.43137254904,1200.0,mixer_behavior,suspicious
W0000243,47,2026-01-03 11:39:21,2026-06-29 05:54:41,332002.60869565216,5002.0,normal_user,normal
W0000244,46,2026-01-04 08:21:33,2026-06-29 12:23:54,338243.13333333336,7882.0,normal_user,normal
W0000245,33,2026-01-05 13:41:28,2026-06-29 16:02:45,472764.90625,34386.0,normal_user,normal
W0000246,39,2026-01-02 10:23:24,2026-06-30 00:24:22,406043.63157894736,46171.0,normal_user,normal
W0000247,36,2026-01-07 20:57:21,2026-06-24 07:44:10,413360.2571428571,2230.0,normal_user,normal
W0000248,35,2026-01-01 21:45:29,2026-06-29 20:08:10,454698.85294117645,6675.0,normal_user,normal
W0000249,45,2026-01-08 06:04:01,2026-06-26 22:57:31,333236.5909090909,2856.0,normal_user,normal
W0000250,31,2026-01-13 02:49:01,2026-06-23 13:14:11,464930.3333333333,2061.0,normal_user,normal
W0000251,46,2026-01-02 20:24:50,2026-06-27 14:00:31,337407.5777777778,3673.0,normal_user,normal
W0000252,49,2026-01-03 04:41:55,2026-06-26 15:39:46,314022.3125,5022.0,normal_user,normal
W0000253,47,2026-01-03 17:34:50,2026-06-26 06:59:39,325988.89130434784,3750.0,normal_user,normal
W0000254,57,2026-01-01 10:36:51,2026-06-29 02:26:53,275646.46428571426,26.0,normal_user,normal
W0000255,42,2026-01-01 17:01:52,2026-06-24 02:52:23,365430.0243902439,2568.0,normal_user,normal
W0000256,42,2026-01-04 10:48:36,2026-06-30 15:27:49,373403.73170731706,3748.0,merchant,normal
W0000257,43,2026-01-01 14:36:32,2026-06-30 15:07:55,370330.54761904763,6078.0,normal_user,normal
W0000258,49,2026-01-01 00:25:58,2026-06-29 04:31:12,322506.5416666667,5949.0,normal_user,normal
W0000259,43,2026-01-05 08:49:12,2026-06-25 06:11:25,351546.0238095238,10174.0,mixer_behavior,suspicious
W0000260,53,2026-01-08 04:29:48,2026-06-29 00:31:06,285509.1923076923,8617.0,normal_user,normal
W0000261,39,2026-01-02 10:25:37,2026-06-26 17:45:11,398588.7894736842,4935.0,normal_user,normal
W0000262,48,2026-01-01 06:51:47,2026-06-30 22:53:10,332120.91489361704,6742.0,normal_user,normal
W0000263,46,2026-01-09 15:25:50,2026-06-29 23:17:36,328949.02222222224,17344.0,normal_user,normal
W0000264,34,2026-01-04 21:03:16,2026-06-23 01:14:12,442928.9696969697,1481.0,normal_user,normal
W0000265,35,2026-01-02 22:05:41,2026-06-28 10:11:17,448527.5294117647,43177.0,ransomware_behavior,suspicious
W0000266,36,2026-01-07 04:11:45,2026-06-23 20:40:12,413945.9142857143,26781.0,normal_user,normal
W0000267,52,2026-01-01 08:42:05,2026-06-23 10:04:35,293179.4117647059,3006.0,normal_user,normal
W0000268,48,2026-01-02 09:57:41,2026-06-29 22:11:26,328153.72340425535,3318.0,normal_user,normal
W0000269,40,2026-01-08 07:23:40,2026-06-12 23:55:45,344910.89743589744,1409.0,normal_user,normal
W0000270,53,2026-01-01 17:01:52,2026-06-23 20:33:33,287690.4038461539,11130.0,normal_user,normal
W0000271,35,2026-01-13 17:23:40,2026-06-30 16:01:18,426772.29411764705,705.0,miner,normal
W0000272,37,2026-01-23 02:28:47,2026-06-29 02:12:11,376772.3333333333,15759.0,normal_user,normal
W0000273,41,2026-01-02 06:22:06,2026-06-28 08:18:54,382495.2,4298.0,normal_user,normal
W0000274,35,2026-01-19 01:25:11,2026-06-29 04:29:06,409453.9705882353,6904.0,normal_user,normal
W0000275,32,2026-01-04 10:16:07,2026-06-22 06:42:16,470605.4516129032,45998.0,normal_user,normal
W0000276,47,2026-01-03 19:50:18,2026-06-30 08:37:27,333452.8043478261,1411.0,normal_user,normal
W0000277,38,2026-01-10 02:12:28,2026-06-30 06:26:08,399719.45945945947,2854.0,normal_user,normal
W0000278,43,2026-01-01 09:33:37,2026-06-29 03:13:19,367685.28571428574,1772.0,normal_user,normal
W0000279,50,2026-01-03 21:43:15,2026-06-30 23:25:36,313986.55102040817,2450.0,normal_user,normal
W0000280,36,2026-01-01 07:47:19,2026-06-29 19:57:46,443126.4857142857,13098.0,normal_user,normal
W0000281,47,2026-01-06 05:21:21,2026-06-30 22:08:57,330009.9130434783,1755.0,normal_user,normal
W0000282,46,2026-01-01 10:36:51,2026-06-29 12:01:58,343793.4888888889,11302.0,normal_user,normal
W0000283,39,2026-01-02 04:34:25,2026-06-27 08:33:13,400545.4736842105,1098.0,normal_user,normal
W0000284,39,2026-01-07 06:26:49,2026-06-23 10:32:26,380093.0789473684,10256.0,normal_user,normal
W0000285,39,2026-01-02 16:11:07,2026-06-13 14:50:13,368209.1052631579,5085.0,normal_user,normal
W0000286,45,2026-01-07 09:53:16,2026-06-29 12:23:54,339914.5,1764.0,normal_user,normal
W0000287,36,2026-01-01 21:43:38,2026-06-26 13:44:35,433647.34285714285,5162.0,normal_user,normal
W0000288,31,2026-01-04 03:13:20,2026-06-28 21:42:04,506217.4666666667,28145.0,normal_user,normal
W0000289,30,2026-01-01 17:01:52,2026-06-25 04:23:25,519810.1034482759,6671.0,normal_user,normal
W0000290,37,2026-01-08 13:48:08,2026-06-30 05:27:29,414365.5833333333,13513.0,normal_user,normal
W0000291,52,2026-01-03 21:38:01,2026-06-30 09:17:23,300681.60784313723,6525.0,normal_user,normal
W0000292,47,2026-01-04 00:42:16,2026-06-27 11:44:11,327680.76086956525,7544.0,merchant,normal
W0000293,49,2026-01-08 14:03:43,2026-06-25 00:22:18,301373.2291666667,528.0,normal_user,normal
W0000294,47,2026-01-04 12:41:00,2026-06-30 16:22:26,332741.0,19457.0,normal_user,normal
W0000295,43,2026-01-01 07:17:25,2026-06-29 04:31:12,367991.11904761905,3686.0,normal_user,normal
W0000296,42,2026-01-02 00:02:56,2026-06-29 19:57:46,376850.9756097561,12716.0,normal_user,normal
W0000297,54,2026-01-06 17:53:23,2026-06-06 16:31:28,246065.75471698114,6641.0,merchant,normal
W0000298,56,2026-01-01 17:00:00,2026-06-25 20:56:43,275167.32727272727,925.0,normal_user,normal
W0000299,37,2026-01-04 03:36:30,2026-06-25 13:41:54,413809.0,21849.0,ransomware_behavior,suspicious
W0000300,32,2026-01-03 19:46:31,2026-06-30 20:13:51,496156.12903225806,6934.0,ransomware_behavior,suspicious
W0000301,32,2026-01-02 02:18:29,2026-06-22 15:37:47,478140.5806451613,7222.0,normal_user,normal
W0000302,46,2026-01-03 05:16:09,2026-06-26 06:59:39,334218.0,8119.0,normal_user,normal
W0000303,53,2026-01-04 16:58:52,2026-06-28 20:51:40,291037.8461538461,5.0,normal_user,normal
W0000304,41,2026-01-01 16:22:51,2026-06-27 10:24:20,381782.225,38486.0,normal_user,normal
W0000305,39,2026-01-02 09:45:08,2026-06-29 22:35:29,405932.13157894736,7567.0,normal_user,normal
W0000306,45,2026-01-05 03:28:34,2026-06-16 09:02:57,318565.0681818182,3058.0,normal_user,normal
W0000307,54,2026-01-01 04:42:16,2026-06-29 19:37:45,292817.5283018868,1814.0,normal_user,normal
W0000308,34,2026-01-01 20:30:09,2026-06-26 13:44:35,460062.6060606061,35697.0,normal_user,normal
W0000309,41,2026-01-02 18:05:39,2026-06-30 07:12:34,385660.375,3378.0,normal_user,normal
W0000310,48,2026-01-02 05:49:52,2026-06-28 16:49:13,326220.44680851063,485.0,normal_user,normal
W0000311,44,2026-01-01 06:59:53,2026-06-29 00:41:17,359136.83720930235,19752.0,merchant,normal
W0000312,40,2026-01-02 03:19:34,2026-06-27 06:34:48,390208.0512820513,10943.0,normal_user,normal
W0000313,48,2026-01-03 21:38:01,2026-06-29 23:50:55,325548.3829787234,3913.0,merchant,normal
W0000314,40,2026-01-13 06:36:45,2026-06-29 02:12:11,369562.2051282051,1816.0,normal_user,normal
W0000315,42,2026-01-06 22:46:07,2026-06-29 22:11:26,366622.4146341463,4360.0,miner,normal
W0000316,46,2026-01-05 13:41:28,2026-06-29 07:57:35,335541.4888888889,1212.0,payment_processor,normal
W0000317,51,2026-01-05 16:07:00,2026-06-19 04:46:56,284303.92,423.0,normal_user,normal
W0000318,32,2026-01-01 01:41:29,2026-06-18 06:01:32,468735.5806451613,8852.0,ransomware_behavior,suspicious
W0000319,51,2026-01-02 19:38:16,2026-06-25 21:05:06,300776.2,3527.0,normal_user,normal
W0000320,29,2026-01-02 15:43:20,2026-06-23 16:53:19,530892.8214285715,35664.0,normal_user,normal
W0000321,35,2026-01-01 06:59:53,2026-06-24 11:48:01,442673.17647058825,9270.0,normal_user,normal
W0000322,47,2026-01-09 13:01:11,2026-06-30 01:48:54,322183.97826086957,5654.0,merchant,normal
W0000323,42,2026-01-01 16:00:00,2026-06-30 09:54:59,378782.9024390244,652.0,normal_user,normal
W0000324,54,2026-01-01 21:57:59,2026-06-30 13:36:52,292866.6603773585,1406.0,layering_behavior,suspicious
W0000325,44,2026-01-02 05:33:27,2026-06-29 05:57:54,357689.93023255817,2793.0,normal_user,normal
W0000326,52,2026-01-01 16:31:26,2026-06-27 09:16:11,299346.76470588235,7718.0,normal_user,normal
W0000327,46,2026-01-05 00:42:26,2026-06-29 12:36:17,336951.8,332.0,normal_user,normal
W0000328,52,2026-01-01 04:56:04,2026-06-26 00:43:10,297867.17647058825,965.0,normal_user,normal
W0000329,61,2026-01-02 17:53:01,2026-06-26 21:46:08,252233.11666666667,1139.0,normal_user,normal
W0000330,37,2026-01-01 16:34:49,2026-06-27 11:34:55,424300.1666666667,31.0,layering_behavior,suspicious
W0000331,64,2026-01-01 21:45:29,2026-06-30 07:54:54,246066.11111111112,10954.0,merchant,normal
W0000332,39,2026-01-01 04:42:16,2026-06-27 06:16:40,402591.15789473685,53.0,normal_user,normal
W0000333,26,2026-01-25 14:14:26,2026-06-29 02:26:53,533981.88,6377.0,normal_user,normal
W0000334,46,2026-01-01 06:06:49,2026-06-29 21:10:58,344885.5333333333,3039.0,normal_user,normal
W0000335,44,2026-01-03 10:05:59,2026-06-30 07:50:14,357466.3953488372,3570.0,normal_user,normal
W0000336,33,2026-01-17 19:31:21,2026-06-30 16:01:18,442406.15625,7562.0,merchant,normal
W0000337,40,2026-01-16 13:57:54,2026-06-28 07:36:19,360520.641025641,2006.0,normal_user,normal
W0000338,54,2026-01-04 05:11:12,2026-06-30 09:17:23,288822.09433962265,4153.0,normal_user,normal
W0000339,46,2026-01-01 06:59:53,2026-06-29 07:38:31,343731.5111111111,19131.0,mixer_behavior,suspicious
W0000340,46,2026-01-07 23:23:14,2026-06-29 22:39:04,332101.1111111111,5256.0,normal_user,normal
W0000341,54,2026-01-08 14:23:28,2026-06-29 05:25:19,279783.22641509434,5376.0,normal_user,normal
W0000342,41,2026-01-03 17:18:27,2026-06-26 21:46:08,376241.525,16649.0,normal_user,normal
W0000343,38,2026-01-01 04:19:52,2026-06-30 12:04:04,421077.08108108107,4641.0,merchant,normal
W0000344,46,2026-01-02 05:49:52,2026-06-28 02:21:06,339561.64444444445,11406.0,normal_user,normal
W0000345,32,2026-01-03 17:20:19,2026-06-26 15:43:32,484767.51612903224,23317.0,mixer_behavior,suspicious
W0000346,39,2026-01-01 09:33:37,2026-06-29 11:42:00,407192.1842105263,4004.0,normal_user,normal
W0000347,37,2026-01-01 07:47:19,2026-06-20 23:27:24,409566.80555555556,10564.0,normal_user,normal
W0000348,50,2026-01-01 11:14:11,2026-06-30 23:25:36,318283.36734693876,3230.0,layering_behavior,suspicious
W0000349,48,2026-01-03 03:01:30,2026-06-29 07:57:35,325756.7021276596,5099.0,normal_user,normal
W0000350,60,2026-01-01 22:30:48,2026-06-29 17:08:20,261800.88135593222,4686.0,normal_user,normal
W0000351,44,2026-01-02 06:21:57,2026-06-25 04:43:11,349480.79069767444,20015.0,normal_user,normal
W0000352,50,2026-01-02 10:02:45,2026-06-25 02:12:32,306232.387755102,6378.0,merchant,normal
W0000353,49,2026-01-10 17:00:37,2026-06-29 18:22:43,306102.625,821.0,normal_user,normal
W0000354,44,2026-01-01 06:48:23,2026-06-30 19:39:31,362750.4186046512,15102.0,normal_user,normal
W0000355,51,2026-01-01 17:01:14,2026-06-26 16:41:28,304104.28,24124.0,normal_user,normal
W0000356,43,2026-01-02 22:41:26,2026-06-22 04:54:12,350246.8095238095,5417.0,normal_user,normal
W0000357,48,2026-01-01 05:41:19,2026-06-30 17:21:09,331787.02127659577,192.0,normal_user,normal
W0000358,41,2026-01-06 11:40:39,2026-06-26 21:02:17,370202.45,40670.0,ransomware_behavior,suspicious
W0000359,40,2026-01-09 05:34:27,2026-06-20 15:43:59,359830.0512820513,3262.0,normal_user,normal
W0000360,30,2026-01-16 08:47:49,2026-06-28 03:45:50,485002.7931034483,4691.0,merchant,normal
W0000361,46,2026-01-08 18:10:25,2026-06-30 05:09:34,331118.86666666664,1252.0,normal_user,normal
W0000362,52,2026-01-04 01:47:09,2026-06-30 16:31:57,300899.76470588235,4037.0,normal_user,normal
W0000363,45,2026-01-07 05:26:38,2026-06-29 19:19:46,340845.1818181818,17190.0,normal_user,normal
W0000364,42,2026-01-02 12:10:31,2026-06-23 07:09:38,362018.2195121951,29088.0,normal_user,normal
W0000365,47,2026-01-04 08:37:46,2026-06-24 10:37:57,321339.3695652174,5824.0,normal_user,normal
W0000366,38,2026-01-06 06:17:09,2026-06-28 21:50:02,405491.1621621622,25959.0,normal_user,normal
W0000367,40,2026-01-10 04:24:30,2026-06-29 22:23:33,378275.46153846156,49617.0,normal_user,normal
W0000368,40,2026-01-06 04:57:28,2026-06-26 15:40:21,379819.8205128205,9745.0,normal_user,normal
W0000369,48,2026-01-08 12:29:46,2026-06-25 01:14:15,307971.6808510638,4144.0,normal_user,normal
W0000370,44,2026-01-07 19:38:48,2026-06-30 03:52:05,348297.6046511628,3404.0,normal_user,normal
W0000371,36,2026-01-15 03:45:29,2026-06-23 12:46:59,393431.14285714284,16711.0,normal_user,normal
W0000372,33,2026-01-07 07:22:05,2026-06-30 14:05:01,470555.5,12384.0,normal_user,normal
W0000373,46,2026-01-04 00:35:54,2026-06-22 23:30:51,326313.26666666666,10756.0,normal_user,normal
W0000374,41,2026-01-06 09:33:56,2026-06-25 13:44:38,367576.05,5773.0,merchant,normal
W0000375,43,2026-01-01 08:42:05,2026-06-29 03:13:19,367758.90476190473,12329.0,merchant,normal
W0000376,32,2026-01-08 08:26:02,2026-06-25 12:02:01,468650.29032258067,18229.0,normal_user,normal
W0000377,62,2026-01-02 10:25:37,2026-06-30 03:54:55,253150.131147541,1012.0,normal_user,normal
W0000378,40,2026-01-01 21:32:17,2026-06-24 13:25:50,384728.53846153844,6635.0,normal_user,normal
W0000379,37,2026-01-01 11:27:07,2026-06-27 17:47:12,425433.47222222225,18429.0,normal_user,normal
W0000380,38,2026-01-13 16:28:35,2026-06-30 12:22:50,391904.1891891892,3076.0,normal_user,normal
W0000381,61,2026-01-02 03:14:09,2026-06-26 17:31:12,252857.05,3148.0,normal_user,normal
W0000382,37,2026-01-01 05:54:51,2026-06-27 18:30:27,426059.3333333333,8799.0,ransomware_behavior,suspicious
W0000383,45,2026-01-07 02:05:44,2026-06-21 00:15:26,323849.5909090909,5217.0,normal_user,normal
W0000384,38,2026-01-16 13:57:54,2026-06-29 02:58:18,381892.54054054053,2099.0,normal_user,normal
W0000385,31,2026-01-13 02:49:01,2026-06-28 03:52:59,478207.93333333335,27872.0,exchange,normal
W0000386,43,2026-01-09 05:56:02,2026-06-27 00:47:57,347217.0238095238,1570.0,normal_user,normal
W0000387,52,2026-01-02 18:33:39,2026-06-19 11:10:07,284089.96078431373,10416.0,payment_processor,normal
W0000388,38,2026-01-01 20:10:58,2026-06-27 22:54:35,413584.24324324325,7267.0,normal_user,normal
W0000389,45,2026-01-08 22:58:13,2026-06-29 22:23:33,337698.1818181818,2786.0,normal_user,normal
W0000390,47,2026-01-07 23:14:32,2026-06-30 13:20:41,326042.8043478261,500.0,normal_user,normal
W0000391,35,2026-01-03 16:53:35,2026-06-23 22:35:18,435144.20588235295,7426.0,normal_user,normal
W0000392,50,2026-01-07 05:21:42,2026-06-26 14:38:14,300436.5714285714,4127.0,normal_user,normal
W0000393,30,2026-01-17 20:57:32,2026-06-24 09:42:07,469333.6206896552,2767.0,normal_user,normal
W0000394,43,2026-01-03 04:03:45,2026-06-26 17:38:00,359106.0714285714,2716.0,normal_user,normal
W0000395,50,2026-01-08 04:24:42,2026-06-30 07:50:14,305296.5714285714,10572.0,normal_user,normal
W0000396,29,2026-01-06 09:38:34,2026-06-28 20:51:40,535270.9285714285,6672.0,payment_processor,normal
W0000397,35,2026-01-04 16:01:16,2026-06-28 01:55:57,443214.14705882355,13210.0,normal_user,normal
W0000398,55,2026-01-01 17:00:00,2026-06-22 11:03:53,274804.31481481483,8.0,mixer_behavior,suspicious
W0000399,31,2026-01-02 12:10:31,2026-06-18 08:08:10,480475.3,7526.0,normal_user,normal
W0000400,42,2026-01-01 17:01:44,2026-06-20 21:43:48,358656.68292682926,4146.0,normal_user,normal
W0000401,29,2026-01-02 20:53:34,2026-06-27 06:27:05,541228.9642857143,10275.0,normal_user,normal
W0000402,41,2026-01-01 09:10:35,2026-06-23 09:10:19,373679.6,4542.0,miner,normal
W0000403,38,2026-02-02 14:26:10,2026-06-30 04:14:25,344607.97297297296,17248.0,ransomware_behavior,suspicious
W0000404,47,2026-01-01 05:58:14,2026-06-21 02:17:53,320895.1956521739,2343.0,normal_user,normal
W0000405,34,2026-01-04 06:31:10,2026-06-17 21:19:58,430997.8181818182,4858.0,normal_user,normal
W0000406,44,2026-01-02 03:19:34,2026-06-28 15:17:40,356648.511627907,5359.0,mixer_behavior,suspicious
W0000407,45,2026-01-02 05:25:13,2026-06-24 14:28:32,340449.9772727273,401.0,normal_user,normal
W0000408,46,2026-01-06 01:02:19,2026-06-21 04:08:50,318968.68888888886,6114.0,mixer_behavior,suspicious
W0000409,55,2026-01-19 06:25:30,2026-06-30 06:30:05,259205.09259259258,879.0,normal_user,normal
W0000410,32,2026-01-21 15:29:51,2026-06-27 11:44:11,437137.4193548387,18492.0,normal_user,normal
W0000411,38,2026-01-03 11:35:10,2026-06-25 11:42:25,403990.13513513515,14749.0,normal_user,normal
W0000412,47,2026-01-01 22:23:11,2026-06-24 11:48:01,325988.9130434783,99.0,normal_user,normal
W0000413,55,2026-01-03 03:01:30,2026-06-24 22:21:43,276489.1296296296,4973.0,normal_user,normal
W0000414,45,2026-01-01 09:00:00,2026-06-30 03:54:55,353038.5227272727,32.0,layering_behavior,suspicious
W0000415,48,2026-01-05 13:12:22,2026-06-16 14:56:35,297937.2978723404,7343.0,normal_user,normal
W0000416,28,2026-01-02 03:14:09,2026-06-25 12:49:32,558078.6296296297,1551.0,exchange,normal
W0000417,37,2026-01-01 22:30:48,2026-06-30 07:54:54,430540.1666666667,5768.0,miner,normal
W0000418,39,2026-01-02 06:22:31,2026-06-29 22:39:04,406257.7105263158,10667.0,normal_user,normal
W0000419,36,2026-01-12 23:35:52,2026-06-23 14:17:10,398950.8,34005.0,payment_processor,normal
W0000420,44,2026-01-01 14:04:37,2026-06-27 07:26:36,355091.1395348837,4662.0,merchant,normal
W0000421,44,2026-01-02 15:43:20,2026-06-19 08:47:10,336982.0930232558,11385.0,normal_user,normal
W0000422,40,2026-01-01 05:23:15,2026-06-11 06:11:30,356751.1538461539,25945.0,normal_user,normal
W0000423,44,2026-01-01 05:25:26,2026-06-28 05:55:05,357697.18604651163,4126.0,miner,normal
W0000424,39,2026-01-05 06:10:24,2026-06-28 15:41:30,396522.7894736842,1400.0,normal_user,normal
W0000425,48,2026-01-01 03:47:18,2026-06-22 10:35:40,316708.55319148937,5281.0,normal_user,normal
W0000426,45,2026-01-05 01:29:05,2026-06-30 16:22:26,346818.20454545453,2173.0,normal_user,normal
W0000427,38,2026-01-24 20:40:01,2026-06-26 01:17:07,355389.8918918919,34297.0,normal_user,normal
W0000428,34,2026-01-04 22:02:04,2026-06-21 00:54:32,437549.9393939394,8302.0,normal_user,normal
W0000429,48,2026-01-05 15:51:07,2026-06-30 05:25:37,322741.91489361704,1437.0,normal_user,normal
W0000430,40,2026-01-01 21:26:54,2026-06-29 21:10:58,396529.3333333333,2342.0,normal_user,normal
W0000431,57,2026-01-04 19:57:56,2026-06-26 04:50:33,265942.08928571426,7208.0,payment_processor,normal
W0000432,43,2026-01-01 14:04:37,2026-06-09 12:22:55,326940.4285714286,4018.0,normal_user,normal
W0000433,33,2026-01-02 15:59:52,2026-06-22 14:28:47,461529.21875,16408.0,exchange,normal
W0000434,42,2026-01-11 13:49:37,2026-06-30 16:31:57,358481.46341463417,4653.0,normal_user,normal
W0000435,54,2026-01-01 10:33:46,2026-06-30 22:53:10,294271.0188679245,10192.0,normal_user,normal
W0000436,40,2026-01-03 02:11:18,2026-06-10 04:04:07,350204.3333333333,7380.0,payment_processor,normal
W0000437,51,2026-01-09 21:51:31,2026-06-28 05:55:05,292612.28,2923.0,normal_user,normal
W0000438,35,2026-01-02 15:29:45,2026-06-29 00:31:06,450743.5588235294,734.0,normal_user,normal
W0000439,32,2026-01-04 11:07:49,2026-06-22 15:44:44,471555.32258064515,2800.0,mixer_behavior,suspicious
W0000440,30,2026-01-01 16:35:46,2026-06-25 05:26:56,519995.5172413793,25989.0,exchange,normal
W0000441,30,2026-01-01 16:44:53,2026-06-30 05:25:37,534870.4827586206,3790.0,normal_user,normal
W0000442,44,2026-01-02 08:16:53,2026-06-30 12:03:15,359980.9767441861,641.0,normal_user,normal
W0000443,38,2026-01-01 04:19:52,2026-06-22 18:29:35,403021.1621621622,532.0,exchange,normal
W0000444,38,2026-01-01 05:54:51,2026-06-30 07:09:36,420445.54054054053,17342.0,normal_user,normal
W0000445,43,2026-01-10 13:21:18,2026-06-30 20:13:51,352360.78571428574,2390.0,normal_user,normal
W0000446,55,2026-01-03 11:46:28,2026-06-30 20:18:10,285368.55555555556,5144.0,normal_user,normal
W0000447,44,2026-01-02 12:43:24,2026-06-30 13:20:41,359717.1395348837,7341.0,merchant,normal
W0000448,42,2026-01-01 16:42:33,2026-06-27 20:08:27,373296.43902439025,9782.0,normal_user,normal
W0000449,31,2026-01-06 01:24:43,2026-06-06 14:47:09,436484.86666666664,2210.0,normal_user,normal
W0000450,47,2026-01-01 16:14:09,2026-06-30 23:45:55,338676.2173913043,7963.0,normal_user,normal
W0000451,38,2026-01-02 12:08:07,2026-06-30 06:30:05,417441.02702702704,16574.0,normal_user,normal
W0000452,49,2026-01-08 14:39:36,2026-06-22 22:44:36,297606.25,12189.0,normal_user,normal
W0000453,47,2026-01-01 03:08:11,2026-06-28 12:46:54,335085.2826086957,5382.0,normal_user,normal
W0000454,44,2026-01-01 13:26:56,2026-06-27 14:00:31,355693.37209302327,1141.0,normal_user,normal
W0000455,54,2026-01-11 05:39:50,2026-06-30 04:14:25,277035.37735849054,178.0,normal_user,normal
W0000456,39,2026-01-01 03:08:11,2026-06-26 05:24:44,400384.0263157895,6405.0,normal_user,normal
W0000457,46,2026-01-06 17:16:31,2026-06-30 22:21:17,336406.35555555555,5769.0,normal_user,normal
W0000458,38,2026-01-10 06:33:33,2026-06-21 12:48:01,378899.13513513515,39909.0,normal_user,normal
W0000459,31,2026-01-16 13:04:41,2026-06-28 02:45:43,468202.06666666665,13966.0,merchant,normal
W0000460,44,2026-01-01 02:29:51,2026-06-24 10:27:01,350284.4186046512,12141.0,merchant,normal
W0000461,53,2026-01-01 09:00:00,2026-06-30 23:24:16,300074.1538461539,2667.0,layering_behavior,suspicious
W0000462,47,2026-01-01 06:51:47,2026-06-27 10:17:24,332720.3695652174,2536.0,normal_user,normal
W0000463,44,2026-01-03 03:38:17,2026-06-28 02:37:02,353551.74418604653,11001.0,normal_user,normal
W0000464,32,2026-01-03 10:23:18,2026-06-27 07:34:55,487416.03225806454,12095.0,merchant,normal
W0000465,31,2026-01-07 23:18:33,2026-06-28 07:32:48,493468.5,12748.0,normal_user,normal
W0000466,40,2026-01-02 15:29:45,2026-06-27 10:17:24,389427.1538461539,4400.0,normal_user,normal
W0000467,27,2026-01-02 17:32:21,2026-06-28 16:17:44,588012.4230769231,31148.0,miner,normal
W0000468,28,2026-01-03 04:52:20,2026-06-28 15:17:40,564589.6296296297,33925.0,exchange,normal
W0000469,45,2026-01-14 10:00:18,2026-06-28 21:27:43,324937.38636363635,3715.0,normal_user,normal
W0000470,35,2026-01-03 17:18:27,2026-06-28 15:56:59,447103.29411764705,144.0,layering_behavior,suspicious
W0000471,50,2026-01-02 03:19:34,2026-06-30 20:18:10,316871.7551020408,12078.0,merchant,normal
W0000472,41,2026-01-05 11:05:53,2026-06-29 00:41:17,377063.1,7252.0,normal_user,normal
W0000473,38,2026-01-02 08:05:55,2026-06-25 00:29:38,405573.5945945946,324.0,normal_user,normal
W0000474,33,2026-01-09 10:59:22,2026-06-30 23:24:16,465796.6875,4596.0,normal_user,normal
W0000475,36,2026-01-01 00:25:58,2026-06-19 21:49:05,419388.2,18921.0,merchant,normal
W0000476,39,2026-01-03 08:02:19,2026-06-29 22:31:21,403814.2631578947,9732.0,normal_user,normal
W0000477,53,2026-01-05 10:26:41,2026-06-25 09:38:29,284067.46153846156,5546.0,merchant,normal
W0000478,53,2026-01-08 05:41:58,2026-06-23 14:18:17,276411.1346153846,5563.0,normal_user,normal
W0000479,52,2026-01-08 04:32:23,2026-06-29 23:17:36,292712.01960784313,2147.0,merchant,normal
W0000480,47,2026-01-07 15:06:31,2026-06-27 09:17:17,320727.0869565217,2057.0,payment_processor,normal
W0000481,33,2026-01-06 01:25:10,2026-06-30 20:34:34,474655.125,7739.0,normal_user,normal
W0000482,43,2026-01-05 16:54:49,2026-06-29 00:41:17,358609.2380952381,10248.0,normal_user,normal
W0000483,36,2026-01-07 10:16:51,2026-06-28 16:49:13,425266.9142857143,5015.0,normal_user,normal
W0000484,46,2026-01-02 21:30:50,2026-06-28 05:28:11,338556.4666666667,487.0,normal_user,normal
W0000485,48,2026-01-03 19:08:06,2026-06-26 02:12:31,318567.3404255319,833.0,normal_user,normal
W0000486,27,2026-01-02 12:37:13,2026-06-23 12:14:39,571517.1538461539,29797.0,normal_user,normal
W0000487,40,2026-01-04 05:11:12,2026-06-30 15:32:10,393078.41025641025,57149.0,ransomware_behavior,suspicious
W0000488,41,2026-01-10 04:24:30,2026-06-21 00:52:30,349602.0,9637.0,merchant,normal
W0000489,47,2026-01-09 22:22:31,2026-06-29 13:04:39,320454.95652173914,3445.0,normal_user,normal
W0000490,30,2026-01-01 18:32:15,2026-06-30 12:03:15,535471.0344827586,15888.0,merchant,normal
W0000491,48,2026-01-09 19:01:09,2026-06-30 19:14:33,316204.3404255319,530.0,normal_user,normal
W0000492,46,2026-01-05 08:49:12,2026-06-30 21:39:11,338946.64444444445,247.0,normal_user,normal
W0000493,40,2026-01-01 19:53:23,2026-06-28 23:21:37,394658.8205128205,4917.0,normal_user,normal
W0000494,51,2026-01-03 05:18:09,2026-06-29 23:50:55,307191.32,2170.0,normal_user,normal
W0000495,48,2026-01-03 03:16:54,2026-06-30 09:03:02,327658.89361702127,264.0,normal_user,normal
W0000496,56,2026-01-01 03:49:25,2026-06-27 12:20:49,278608.8,3473.0,normal_user,normal
W0000497,44,2026-01-05 17:30:37,2026-06-27 20:08:27,347829.5348837209,17939.0,normal_user,normal
W0000498,45,2026-01-01 11:27:07,2026-06-28 11:30:15,349531.54545454547,6817.0,normal_user,normal
W0000499,40,2026-01-05 20:13:02,2026-06-19 17:21:50,365275.07692307694,221.0,normal_user,normal
W0000500,50,2026-01-03 13:23:42,2026-06-30 08:37:27,313510.71428571426,1510.0,normal_user,normal
