wallet_id,deterministic_score,deterministic_feature_count,deterministic_evidence
W001,0.49402985074626865,67,"[{""feature"": ""asn_entropy"", ""value"": 2.6556390622295662, ""empirical_anomaly_score"": 0.96, ""median"": 1.8475177829378437, ""mad"": 0.34436093777043353}, {""feature"": ""observation_count"", ""value"": 8.0, ""empirical_anomaly_score"": 0.94, ""median"": 4.0, ""mad"": 2.0}, {""feature"": ""unique_src_ports"", ""value"": 8.0, ""empirical_anomaly_score"": 0.94, ""median"": 4.0, ""mad"": 2.0}, {""feature"": ""total_bytes_sent"", ""value"": 15190.0, ""empirical_anomaly_score"": 0.92, ""median"": 6831.0, ""mad"": 3561.0}, {""feature"": ""two_hop_neighbor_count"", ""value"": 24, ""empirical_anomaly_score"": 0.92, ""median"": 13.0, ""mad"": 4.0}]"
W002,0.37761194029850764,67,"[{""feature"": ""two_hop_neighbor_count"", ""value"": 23, ""empirical_anomaly_score"": 0.86, ""median"": 13.0, ""mad"": 4.0}, {""feature"": ""avg_sent_sats"", ""value"": 57827751.75, ""empirical_anomaly_score"": 0.84, ""median"": 37666348.75, ""mad"": 8384120.25}, {""feature"": ""median_latency_ms"", ""value"": 148.5, ""empirical_anomaly_score"": 0.84, ""median"": 99.5, ""mad"": 22.0}, {""feature"": ""median_sent_sats"", ""value"": 57449121.0, ""empirical_anomaly_score"": 0.84, ""median"": 35852353.5, ""mad"": 12191833.75}, {""feature"": ""out_degree"", ""value"": 7, ""empirical_anomaly_score"": 0.8, ""median"": 4.0, ""mad"": 1.5}]"
W003,0.3847761194029851,67,"[{""feature"": ""in_degree"", ""value"": 7, ""empirical_anomaly_score"": 0.86, ""median"": 4.0, ""mad"": 1.0}, {""feature"": ""outgoing_tx_count"", ""value"": 7.0, ""empirical_anomaly_score"": 0.84, ""median"": 4.0, ""mad"": 1.5}, {""feature"": ""total_bytes_received"", ""value"": 12664.0, ""empirical_anomaly_score"": 0.84, ""median"": 8151.0, ""mad"": 2871.0}, {""feature"": ""weighted_in_degree"", ""value"": 7.0, ""empirical_anomaly_score"": 0.84, ""median"": 4.0, ""mad"": 1.0}, {""feature"": ""mean_latency_ms"", ""value"": 126.0, ""empirical_anomaly_score"": 0.8, ""median"": 94.325, ""mad"": 15.825000000000003}]"
W004,0.43432835820895527,67,"[{""feature"": ""in_out_ratio"", ""value"": 11.041445633005274, ""empirical_anomaly_score"": 1.0, ""median"": 0.9094818048281472, ""mad"": 0.3508987758717949}, {""feature"": ""total_sent_sats"", ""value"": 22714866.0, ""empirical_anomaly_score"": 0.92, ""median"": 165012126.0, ""mad"": 46908281.0}, {""feature"": ""std_sent_sats"", ""value"": 0.0, ""empirical_anomaly_score"": 0.88, ""median"": 19500844.868566923, ""mad"": 6100790.725560604}, {""feature"": ""max_sent_sats"", ""value"": 22714866.0, ""empirical_anomaly_score"": 0.88, ""median"": 62899556.5, ""mad"": 9300306.5}, {""feature"": ""weighted_in_degree"", ""value"": 1.0, ""empirical_anomaly_score"": 0.88, ""median"": 4.0, ""mad"": 1.0}]"
W005,0.4295522388059701,67,"[{""feature"": ""std_inter_tx_seconds"", ""value"": 783856.789471138, ""empirical_anomaly_score"": 1.0, ""median"": 208711.7661998346, ""mad"": 55319.87898113897}, {""feature"": ""transaction_velocity"", ""value"": 1.929190974472945e-06, ""empirical_anomaly_score"": 0.92, ""median"": 4.5350240245721e-06, ""mad"": 1.0578468868360352e-06}, {""feature"": ""avg_inter_tx_seconds"", ""value"": 647940.0, ""empirical_anomaly_score"": 0.92, ""median"": 254946.25, ""mad"": 56130.83333333333}, {""feature"": ""active_duration_seconds"", ""value"": 2591760.0, ""empirical_anomaly_score"": 0.92, ""median"": 2044530.0, ""mad"": 322260.0}, {""feature"": ""first_seen"", ""value"": 1780272660000000, ""empirical_anomaly_score"": 0.9, ""median"": 1780638660000000.0, ""mad"": 263010000000.0}]"
W006,0.4301492537313434,67,"[{""feature"": ""avg_network_tx_time_difference"", ""value"": 3.0, ""empirical_anomaly_score"": 0.96, ""median"": 1.45, ""mad"": 0.44999999999999996}, {""feature"": ""min_network_tx_time_difference"", ""value"": 3.0, ""empirical_anomaly_score"": 0.96, ""median"": 0.0, ""mad"": 0.0}, {""feature"": ""community_id"", ""value"": 5, ""empirical_anomaly_score"": 0.94, ""median"": 2.0, ""mad"": 1.0}, {""feature"": ""inbound_ratio"", ""value"": 0.6839616445553658, ""empirical_anomaly_score"": 0.92, ""median"": 0.502189643625118, ""mad"": 0.07145777167387193}, {""feature"": ""community_size"", ""value"": 4, ""empirical_anomaly_score"": 0.9, ""median"": 9.0, ""mad"": 1.0}]"
W007,0.27611940298507454,67,"[{""feature"": ""mean_latency_ms"", ""value"": 130.0, ""empirical_anomaly_score"": 0.88, ""median"": 94.325, ""mad"": 15.825000000000003}, {""feature"": ""median_latency_ms"", ""value"": 149.0, ""empirical_anomaly_score"": 0.88, ""median"": 99.5, ""mad"": 22.0}, {""feature"": ""min_inter_tx_seconds"", ""value"": 122940.0, ""empirical_anomaly_score"": 0.84, ""median"": 26760.0, ""mad"": 23610.0}, {""feature"": ""std_latency_ms"", ""value"": 60.74537019394976, ""empirical_anomaly_score"": 0.84, ""median"": 39.69998923727354, ""mad"": 13.960731997414111}, {""feature"": ""burstiness"", ""value"": -0.24454273735900584, ""empirical_anomaly_score"": 0.84, ""median"": -0.04739998401335034, ""mad"": 0.06737058669786467}]"
W008,0.37014925373134333,67,"[{""feature"": ""rapid_hop_count"", ""value"": 5.0, ""empirical_anomaly_score"": 0.92, ""median"": 2.0, ""mad"": 1.0}, {""feature"": ""std_received_sats"", ""value"": 34559381.772705905, ""empirical_anomaly_score"": 0.88, ""median"": 17156001.96784305, ""mad"": 5632916.947494109}, {""feature"": ""median_received_sats"", ""value"": 68395297.0, ""empirical_anomaly_score"": 0.84, ""median"": 37893570.25, ""mad"": 7627151.0}, {""feature"": ""last_seen"", ""value"": 1782136380000000, ""empirical_anomaly_score"": 0.84, ""median"": 1782804360000000.0, ""mad"": 101940000000.0}, {""feature"": ""country_entropy"", ""value"": 1.7609640474436812, ""empirical_anomaly_score"": 0.8, ""median"": 1.2987949406953985, ""mad"": 0.31535424334024464}]"
W009,0.34835820895522396,67,"[{""feature"": ""country_entropy"", ""value"": 1.9709505944546686, ""empirical_anomaly_score"": 1.0, ""median"": 1.2987949406953985, ""mad"": 0.31535424334024464}, {""feature"": ""in_degree"", ""value"": 7, ""empirical_anomaly_score"": 0.86, ""median"": 4.0, ""mad"": 1.0}, {""feature"": ""total_sent_sats"", ""value"": 285565247.0, ""empirical_anomaly_score"": 0.84, ""median"": 165012126.0, ""mad"": 46908281.0}, {""feature"": ""weighted_in_degree"", ""value"": 7.0, ""empirical_anomaly_score"": 0.84, ""median"": 4.0, ""mad"": 1.0}, {""feature"": ""outgoing_tx_count"", ""value"": 7.0, ""empirical_anomaly_score"": 0.84, ""median"": 4.0, ""mad"": 1.5}]"
W010,0.2814925373134328,67,"[{""feature"": ""burstiness"", ""value"": 0.1461227618738961, ""empirical_anomaly_score"": 0.92, ""median"": -0.04739998401335034, ""mad"": 0.06737058669786467}, {""feature"": ""std_sent_sats"", ""value"": 25617517.40769975, ""empirical_anomaly_score"": 0.8, ""median"": 19500844.868566923, ""mad"": 6100790.725560604}, {""feature"": ""min_inter_tx_seconds"", ""value"": 600.0, ""empirical_anomaly_score"": 0.76, ""median"": 26760.0, ""mad"": 23610.0}, {""feature"": ""country_entropy"", ""value"": 0.5435644431995964, ""empirical_anomaly_score"": 0.76, ""median"": 1.2987949406953985, ""mad"": 0.31535424334024464}, {""feature"": ""pagerank"", ""value"": 0.027624798664283433, ""empirical_anomaly_score"": 0.68, ""median"": 0.019064112940442215, ""mad"": 0.005708444793555526}]"
W011,0.4089552238805972,67,"[{""feature"": ""unique_dst_ips"", ""value"": 8.0, ""empirical_anomaly_score"": 1.0, ""median"": 4.0, ""mad"": 1.0}, {""feature"": ""observation_count"", ""value"": 8.0, ""empirical_anomaly_score"": 0.94, ""median"": 4.0, ""mad"": 2.0}, {""feature"": ""unique_src_ports"", ""value"": 8.0, ""empirical_anomaly_score"": 0.94, ""median"": 4.0, ""mad"": 2.0}, {""feature"": ""unique_asns"", ""value"": 8.0, ""empirical_anomaly_score"": 0.92, ""median"": 5.0, ""mad"": 1.0}, {""feature"": ""std_received_sats"", ""value"": 27215176.81821391, ""empirical_anomaly_score"": 0.84, ""median"": 17156001.96784305, ""mad"": 5632916.947494109}]"
W012,0.4874626865671641,67,"[{""feature"": ""community_id"", ""value"": 5, ""empirical_anomaly_score"": 0.94, ""median"": 2.0, ""mad"": 1.0}, {""feature"": ""min_inter_tx_seconds"", ""value"": 136200.0, ""empirical_anomaly_score"": 0.92, ""median"": 26760.0, ""mad"": 23610.0}, {""feature"": ""community_size"", ""value"": 4, ""empirical_anomaly_score"": 0.9, ""median"": 9.0, ""mad"": 1.0}, {""feature"": ""asn_entropy"", ""value"": 0.9182958340544896, ""empirical_anomaly_score"": 0.88, ""median"": 1.8475177829378437, ""mad"": 0.34436093777043353}, {""feature"": ""inbound_ratio"", ""value"": 0.6680738786279683, ""empirical_anomaly_score"": 0.88, ""median"": 0.502189643625118, ""mad"": 0.07145777167387193}]"
W013,0.37074626865671645,67,"[{""feature"": ""unique_countries"", ""value"": 5.0, ""empirical_anomaly_score"": 1.0, ""median"": 3.0, ""mad"": 1.0}, {""feature"": ""country_entropy"", ""value"": 1.9508257945180885, ""empirical_anomaly_score"": 0.96, ""median"": 1.2987949406953985, ""mad"": 0.31535424334024464}, {""feature"": ""asn_entropy"", ""value"": 2.4508257945180882, ""empirical_anomaly_score"": 0.84, ""median"": 1.8475177829378437, ""mad"": 0.34436093777043353}, {""feature"": ""mean_latency_ms"", ""value"": 127.16666666666667, ""empirical_anomaly_score"": 0.84, ""median"": 94.325, ""mad"": 15.825000000000003}, {""feature"": ""unique_dst_ips"", ""value"": 6.0, ""empirical_anomaly_score"": 0.78, ""median"": 4.0, ""mad"": 1.0}]"
W014,0.5773134328358207,67,"[{""feature"": ""median_inter_tx_seconds"", ""value"": 669060.0, ""empirical_anomaly_score"": 0.96, ""median"": 188175.0, ""mad"": 63165.0}, {""feature"": ""avg_inter_tx_seconds"", ""value"": 657020.0, ""empirical_anomaly_score"": 0.96, ""median"": 254946.25, ""mad"": 56130.83333333333}, {""feature"": ""min_inter_tx_seconds"", ""value"": 174240.0, ""empirical_anomaly_score"": 0.96, ""median"": 26760.0, ""mad"": 23610.0}, {""feature"": ""avg_network_tx_time_difference"", ""value"": 3.0, ""empirical_anomaly_score"": 0.96, ""median"": 1.45, ""mad"": 0.44999999999999996}, {""feature"": ""min_network_tx_time_difference"", ""value"": 3.0, ""empirical_anomaly_score"": 0.96, ""median"": 0.0, ""mad"": 0.0}]"
W015,0.44597014925373135,67,"[{""feature"": ""total_bytes_received"", ""value"": 15232.0, ""empirical_anomaly_score"": 0.96, ""median"": 8151.0, ""mad"": 2871.0}, {""feature"": ""unique_dst_ips"", ""value"": 7.0, ""empirical_anomaly_score"": 0.94, ""median"": 4.0, ""mad"": 1.0}, {""feature"": ""unique_src_ports"", ""value"": 8.0, ""empirical_anomaly_score"": 0.94, ""median"": 4.0, ""mad"": 2.0}, {""feature"": ""observation_count"", ""value"": 8.0, ""empirical_anomaly_score"": 0.94, ""median"": 4.0, ""mad"": 2.0}, {""feature"": ""rapid_hop_count"", ""value"": 5.0, ""empirical_anomaly_score"": 0.92, ""median"": 2.0, ""mad"": 1.0}]"
W016,0.3797014925373135,67,"[{""feature"": ""avg_network_tx_time_difference"", ""value"": 2.5, ""empirical_anomaly_score"": 0.86, ""median"": 1.45, ""mad"": 0.44999999999999996}, {""feature"": ""first_seen"", ""value"": 1781349840000000, ""empirical_anomaly_score"": 0.84, ""median"": 1780638660000000.0, ""mad"": 263010000000.0}, {""feature"": ""min_network_tx_time_difference"", ""value"": 2.0, ""empirical_anomaly_score"": 0.8, ""median"": 0.0, ""mad"": 0.0}, {""feature"": ""rapid_hop_count"", ""value"": 0.0, ""empirical_anomaly_score"": 0.78, ""median"": 2.0, ""mad"": 1.0}, {""feature"": ""median_sent_sats"", ""value"": 56979663.0, ""empirical_anomaly_score"": 0.76, ""median"": 35852353.5, ""mad"": 12191833.75}]"
W017,0.4820895522388061,67,"[{""feature"": ""total_bytes_sent"", ""value"": 16670.0, ""empirical_anomaly_score"": 1.0, ""median"": 6831.0, ""mad"": 3561.0}, {""feature"": ""total_bytes_received"", ""value"": 16027.0, ""empirical_anomaly_score"": 1.0, ""median"": 8151.0, ""mad"": 2871.0}, {""feature"": ""tx_count"", ""value"": 9.0, ""empirical_anomaly_score"": 0.96, ""median"": 4.0, ""mad"": 2.0}, {""feature"": ""avg_outputs_per_tx"", ""value"": 1.8, ""empirical_anomaly_score"": 0.96, ""median"": 1.0, ""mad"": 0.0}, {""feature"": ""incoming_tx_count"", ""value"": 9.0, ""empirical_anomaly_score"": 0.96, ""median"": 4.0, ""mad"": 2.0}]"
W018,0.43194029850746285,67,"[{""feature"": ""out_degree"", ""value"": 10, ""empirical_anomaly_score"": 1.0, ""median"": 4.0, ""mad"": 1.5}, {""feature"": ""total_bytes_sent"", ""value"": 15206.0, ""empirical_anomaly_score"": 0.96, ""median"": 6831.0, ""mad"": 3561.0}, {""feature"": ""weighted_out_degree"", ""value"": 10.0, ""empirical_anomaly_score"": 0.96, ""median"": 4.0, ""mad"": 2.0}, {""feature"": ""rapid_hop_count"", ""value"": 5.0, ""empirical_anomaly_score"": 0.92, ""median"": 2.0, ""mad"": 1.0}, {""feature"": ""tx_count"", ""value"": 8.0, ""empirical_anomaly_score"": 0.88, ""median"": 4.0, ""mad"": 2.0}]"
W019,0.49402985074626865,67,"[{""feature"": ""outbound_ratio"", ""value"": 0.6502074688796681, ""empirical_anomaly_score"": 0.96, ""median"": 0.47999530378787236, ""mad"": 0.0771271241906204}, {""feature"": ""community_id"", ""value"": 5, ""empirical_anomaly_score"": 0.94, ""median"": 2.0, ""mad"": 1.0}, {""feature"": ""clustering_coefficient"", ""value"": 0.3, ""empirical_anomaly_score"": 0.92, ""median"": 0.1388888888888889, ""mad"": 0.052777777777777785}, {""feature"": ""community_size"", ""value"": 4, ""empirical_anomaly_score"": 0.9, ""median"": 9.0, ""mad"": 1.0}, {""feature"": ""avg_network_tx_time_difference"", ""value"": 0.0, ""empirical_anomaly_score"": 0.9, ""median"": 1.45, ""mad"": 0.44999999999999996}]"
W020,0.38447761194029867,67,"[{""feature"": ""unique_dst_ips"", ""value"": 7.0, ""empirical_anomaly_score"": 0.94, ""median"": 4.0, ""mad"": 1.0}, {""feature"": ""unique_asns"", ""value"": 8.0, ""empirical_anomaly_score"": 0.92, ""median"": 5.0, ""mad"": 1.0}, {""feature"": ""total_sent_sats"", ""value"": 298570453.0, ""empirical_anomaly_score"": 0.88, ""median"": 165012126.0, ""mad"": 46908281.0}, {""feature"": ""in_degree"", ""value"": 7, ""empirical_anomaly_score"": 0.86, ""median"": 4.0, ""mad"": 1.0}, {""feature"": ""max_sent_sats"", ""value"": 74255824.0, ""empirical_anomaly_score"": 0.84, ""median"": 62899556.5, ""mad"": 9300306.5}]"
W021,0.35850746268656714,67,"[{""feature"": ""last_seen"", ""value"": 1782944580000000, ""empirical_anomaly_score"": 0.98, ""median"": 1782804360000000.0, ""mad"": 101940000000.0}, {""feature"": ""asn_entropy"", ""value"": 2.584962500721156, ""empirical_anomaly_score"": 0.92, ""median"": 1.8475177829378437, ""mad"": 0.34436093777043353}, {""feature"": ""mean_latency_ms"", ""value"": 147.16666666666666, ""empirical_anomaly_score"": 0.92, ""median"": 94.325, ""mad"": 15.825000000000003}, {""feature"": ""median_latency_ms"", ""value"": 158.5, ""empirical_anomaly_score"": 0.92, ""median"": 99.5, ""mad"": 22.0}, {""feature"": ""outbound_ratio"", ""value"": 0.5973387617298048, ""empirical_anomaly_score"": 0.88, ""median"": 0.47999530378787236, ""mad"": 0.0771271241906204}]"
W022,0.6244776119402984,67,"[{""feature"": ""outbound_ratio"", ""value"": 0.7099105299380591, ""empirical_anomaly_score"": 1.0, ""median"": 0.47999530378787236, ""mad"": 0.0771271241906204}, {""feature"": ""incoming_tx_count"", ""value"": 0.0, ""empirical_anomaly_score"": 0.96, ""median"": 4.0, ""mad"": 2.0}, {""feature"": ""tx_count"", ""value"": 0.0, ""empirical_anomaly_score"": 0.96, ""median"": 4.0, ""mad"": 2.0}, {""feature"": ""total_received_sats"", ""value"": 0.0, ""empirical_anomaly_score"": 0.96, ""median"": 154378869.0, ""mad"": 54003631.0}, {""feature"": ""avg_received_sats"", ""value"": 0.0, ""empirical_anomaly_score"": 0.96, ""median"": 37866974.4, ""mad"": 6827420.924999999}]"
W023,0.3259701492537314,67,"[{""feature"": ""std_latency_ms"", ""value"": 61.96934726136786, ""empirical_anomaly_score"": 0.88, ""median"": 39.69998923727354, ""mad"": 13.960731997414111}, {""feature"": ""avg_sent_sats"", ""value"": 25062554.6, ""empirical_anomaly_score"": 0.84, ""median"": 37666348.75, ""mad"": 8384120.25}, {""feature"": ""max_outputs_per_tx"", ""value"": 3.0, ""empirical_anomaly_score"": 0.8, ""median"": 1.0, ""mad"": 0.0}, {""feature"": ""max_sent_sats"", ""value"": 32424042.0, ""empirical_anomaly_score"": 0.8, ""median"": 62899556.5, ""mad"": 9300306.5}, {""feature"": ""rapid_hop_count"", ""value"": 4.0, ""empirical_anomaly_score"": 0.72, ""median"": 2.0, ""mad"": 1.0}]"
W024,0.3149253731343284,67,"[{""feature"": ""min_inter_tx_seconds"", ""value"": 116400.0, ""empirical_anomaly_score"": 0.8, ""median"": 26760.0, ""mad"": 23610.0}, {""feature"": ""unique_src_ips"", ""value"": 2.0, ""empirical_anomaly_score"": 0.76, ""median"": 1.0, ""mad"": 0.0}, {""feature"": ""unique_network_types"", ""value"": 4.0, ""empirical_anomaly_score"": 0.76, ""median"": 3.0, ""mad"": 1.0}, {""feature"": ""country_entropy"", ""value"": 0.5435644431995964, ""empirical_anomaly_score"": 0.76, ""median"": 1.2987949406953985, ""mad"": 0.31535424334024464}, {""feature"": ""std_sent_sats"", ""value"": 25307220.128578812, ""empirical_anomaly_score"": 0.72, ""median"": 19500844.868566923, ""mad"": 6100790.725560604}]"
W025,0.3477611940298508,67,"[{""feature"": ""std_received_sats"", ""value"": 37170497.72298243, ""empirical_anomaly_score"": 0.92, ""median"": 17156001.96784305, ""mad"": 5632916.947494109}, {""feature"": ""std_inter_tx_seconds"", ""value"": 532840.0151077245, ""empirical_anomaly_score"": 0.92, ""median"": 208711.7661998346, ""mad"": 55319.87898113897}, {""feature"": ""two_hop_neighbor_count"", ""value"": 1, ""empirical_anomaly_score"": 0.88, ""median"": 13.0, ""mad"": 4.0}, {""feature"": ""median_inter_tx_seconds"", ""value"": 525540.0, ""empirical_anomaly_score"": 0.88, ""median"": 188175.0, ""mad"": 63165.0}, {""feature"": ""avg_inter_tx_seconds"", ""value"": 550035.0, ""empirical_anomaly_score"": 0.88, ""median"": 254946.25, ""mad"": 56130.83333333333}]"
W026,0.366268656716418,67,"[{""feature"": ""asn_entropy"", ""value"": 2.753434386188785, ""empirical_anomaly_score"": 1.0, ""median"": 1.8475177829378437, ""mad"": 0.34436093777043353}, {""feature"": ""last_seen"", ""value"": 1782944580000000, ""empirical_anomaly_score"": 0.98, ""median"": 1782804360000000.0, ""mad"": 101940000000.0}, {""feature"": ""unique_asns"", ""value"": 8.0, ""empirical_anomaly_score"": 0.92, ""median"": 5.0, ""mad"": 1.0}, {""feature"": ""rapid_hop_count"", ""value"": 5.0, ""empirical_anomaly_score"": 0.92, ""median"": 2.0, ""mad"": 1.0}, {""feature"": ""total_bytes_sent"", ""value"": 14871.0, ""empirical_anomaly_score"": 0.88, ""median"": 6831.0, ""mad"": 3561.0}]"
W027,0.31164179104477613,67,"[{""feature"": ""rapid_hop_count"", ""value"": 5.0, ""empirical_anomaly_score"": 0.92, ""median"": 2.0, ""mad"": 1.0}, {""feature"": ""max_outputs_per_tx"", ""value"": 3.0, ""empirical_anomaly_score"": 0.8, ""median"": 1.0, ""mad"": 0.0}, {""feature"": ""avg_network_tx_time_difference"", ""value"": 0.4, ""empirical_anomaly_score"": 0.8, ""median"": 1.45, ""mad"": 0.44999999999999996}, {""feature"": ""unique_network_types"", ""value"": 4.0, ""empirical_anomaly_score"": 0.76, ""median"": 3.0, ""mad"": 1.0}, {""feature"": ""unique_src_ips"", ""value"": 2.0, ""empirical_anomaly_score"": 0.76, ""median"": 1.0, ""mad"": 0.0}]"
W028,0.24835820895522384,67,"[{""feature"": ""burstiness"", ""value"": -0.18461428870742236, ""empirical_anomaly_score"": 0.76, ""median"": -0.04739998401335034, ""mad"": 0.06737058669786467}, {""feature"": ""country_entropy"", ""value"": 1.75, ""empirical_anomaly_score"": 0.72, ""median"": 1.2987949406953985, ""mad"": 0.31535424334024464}, {""feature"": ""unique_countries"", ""value"": 4.0, ""empirical_anomaly_score"": 0.66, ""median"": 3.0, ""mad"": 1.0}, {""feature"": ""shared_ip_wallet_count"", ""value"": 21.0, ""empirical_anomaly_score"": 0.6, ""median"": 20.0, ""mad"": 1.0}, {""feature"": ""shared_asn_wallet_count"", ""value"": 21.0, ""empirical_anomaly_score"": 0.6, ""median"": 20.0, ""mad"": 1.0}]"
W029,0.618208955223881,67,"[{""feature"": ""mean_latency_ms"", ""value"": 178.0, ""empirical_anomaly_score"": 1.0, ""median"": 94.325, ""mad"": 15.825000000000003}, {""feature"": ""median_latency_ms"", ""value"": 178.0, ""empirical_anomaly_score"": 1.0, ""median"": 99.5, ""mad"": 22.0}, {""feature"": ""min_inter_tx_seconds"", ""value"": 294540.0, ""empirical_anomaly_score"": 1.0, ""median"": 26760.0, ""mad"": 23610.0}, {""feature"": ""first_seen"", ""value"": 1782268380000000, ""empirical_anomaly_score"": 0.96, ""median"": 1780638660000000.0, ""mad"": 263010000000.0}, {""feature"": ""max_received_sats"", ""value"": 8740078.0, ""empirical_anomaly_score"": 0.92, ""median"": 62092127.0, ""mad"": 9806616.0}]"
W030,0.5262686567164176,67,"[{""feature"": ""inbound_ratio"", ""value"": 0.7099165894346617, ""empirical_anomaly_score"": 1.0, ""median"": 0.502189643625118, ""mad"": 0.07145777167387193}, {""feature"": ""std_latency_ms"", ""value"": 62.932503525602726, ""empirical_anomaly_score"": 0.92, ""median"": 39.69998923727354, ""mad"": 13.960731997414111}, {""feature"": ""first_seen"", ""value"": 1780272660000000, ""empirical_anomaly_score"": 0.9, ""median"": 1780638660000000.0, ""mad"": 263010000000.0}, {""feature"": ""outbound_ratio"", ""value"": 0.29008341056533826, ""empirical_anomaly_score"": 0.88, ""median"": 0.47999530378787236, ""mad"": 0.0771271241906204}, {""feature"": ""shared_asn_wallet_count"", ""value"": 17.0, ""empirical_anomaly_score"": 0.86, ""median"": 20.0, ""mad"": 1.0}]"
W031,0.5507462686567163,67,"[{""feature"": ""active_duration_seconds"", ""value"": 2663880.0, ""empirical_anomaly_score"": 1.0, ""median"": 2044530.0, ""mad"": 322260.0}, {""feature"": ""median_inter_tx_seconds"", ""value"": 670800.0, ""empirical_anomaly_score"": 1.0, ""median"": 188175.0, ""mad"": 63165.0}, {""feature"": ""observations_per_tx"", ""value"": 2.0, ""empirical_anomaly_score"": 0.96, ""median"": 1.0, ""mad"": 0.0}, {""feature"": ""avg_network_tx_time_difference"", ""value"": 3.0, ""empirical_anomaly_score"": 0.96, ""median"": 1.45, ""mad"": 0.44999999999999996}, {""feature"": ""min_network_tx_time_difference"", ""value"": 3.0, ""empirical_anomaly_score"": 0.96, ""median"": 0.0, ""mad"": 0.0}]"
W032,0.40716417910447766,67,"[{""feature"": ""avg_network_tx_time_difference"", ""value"": 2.5, ""empirical_anomaly_score"": 0.86, ""median"": 1.45, ""mad"": 0.44999999999999996}, {""feature"": ""outbound_ratio"", ""value"": 0.5950884543761639, ""empirical_anomaly_score"": 0.84, ""median"": 0.47999530378787236, ""mad"": 0.0771271241906204}, {""feature"": ""min_network_tx_time_difference"", ""value"": 2.0, ""empirical_anomaly_score"": 0.8, ""median"": 0.0, ""mad"": 0.0}, {""feature"": ""rapid_hop_count"", ""value"": 0.0, ""empirical_anomaly_score"": 0.78, ""median"": 2.0, ""mad"": 1.0}, {""feature"": ""transaction_velocity"", ""value"": 6.254122034977599e-06, ""empirical_anomaly_score"": 0.72, ""median"": 4.5350240245721e-06, ""mad"": 1.0578468868360352e-06}]"
W033,0.4764179104477614,67,"[{""feature"": ""weighted_degree"", ""value"": 16.0, ""empirical_anomaly_score"": 1.0, ""median"": 9.0, ""mad"": 2.0}, {""feature"": ""in_degree"", ""value"": 8, ""empirical_anomaly_score"": 1.0, ""median"": 4.0, ""mad"": 1.0}, {""feature"": ""degree"", ""value"": 16, ""empirical_anomaly_score"": 1.0, ""median"": 8.0, ""mad"": 2.0}, {""feature"": ""weighted_in_degree"", ""value"": 8.0, ""empirical_anomaly_score"": 0.98, ""median"": 4.0, ""mad"": 1.0}, {""feature"": ""outgoing_tx_count"", ""value"": 8.0, ""empirical_anomaly_score"": 0.98, ""median"": 4.0, ""mad"": 1.5}]"
W034,0.4489552238805971,67,"[{""feature"": ""country_entropy"", ""value"": 1.9056390622295665, ""empirical_anomaly_score"": 0.88, ""median"": 1.2987949406953985, ""mad"": 0.31535424334024464}, {""feature"": ""avg_outputs_per_tx"", ""value"": 1.5, ""empirical_anomaly_score"": 0.86, ""median"": 1.0, ""mad"": 0.0}, {""feature"": ""clustering_coefficient"", ""value"": 0.23809523809523808, ""empirical_anomaly_score"": 0.84, ""median"": 0.1388888888888889, ""mad"": 0.052777777777777785}, {""feature"": ""std_sent_sats"", ""value"": 30814062.42977567, ""empirical_anomaly_score"": 0.84, ""median"": 19500844.868566923, ""mad"": 6100790.725560604}, {""feature"": ""observations_per_tx"", ""value"": 1.3333333333333333, ""empirical_anomaly_score"": 0.82, ""median"": 1.0, ""mad"": 0.0}]"
W035,0.357910447761194,67,"[{""feature"": ""std_sent_sats"", ""value"": 33207233.963755775, ""empirical_anomaly_score"": 0.88, ""median"": 19500844.868566923, ""mad"": 6100790.725560604}, {""feature"": ""avg_received_sats"", ""value"": 61933307.0, ""empirical_anomaly_score"": 0.8, ""median"": 37866974.4, ""mad"": 6827420.924999999}, {""feature"": ""max_sent_sats"", ""value"": 74000000.0, ""empirical_anomaly_score"": 0.78, ""median"": 62899556.5, ""mad"": 9300306.5}, {""feature"": ""last_seen"", ""value"": 1782151260000000, ""empirical_anomaly_score"": 0.76, ""median"": 1782804360000000.0, ""mad"": 101940000000.0}, {""feature"": ""active_duration_seconds"", ""value"": 1307760.0, ""empirical_anomaly_score"": 0.76, ""median"": 2044530.0, ""mad"": 322260.0}]"
W036,0.5773134328358211,67,"[{""feature"": ""total_received_sats"", ""value"": 503001929.0, ""empirical_anomaly_score"": 1.0, ""median"": 154378869.0, ""mad"": 54003631.0}, {""feature"": ""total_sent_sats"", ""value"": 414852818.0, ""empirical_anomaly_score"": 1.0, ""median"": 165012126.0, ""mad"": 46908281.0}, {""feature"": ""std_received_sats"", ""value"": 46879409.68109358, ""empirical_anomaly_score"": 1.0, ""median"": 17156001.96784305, ""mad"": 5632916.947494109}, {""feature"": ""betweenness_centrality"", ""value"": 0.10239333873881443, ""empirical_anomaly_score"": 1.0, ""median"": 0.030941772452126586, ""mad"": 0.01653475964700455}, {""feature"": ""burstiness"", ""value"": 0.21259474885718876, ""empirical_anomaly_score"": 1.0, ""median"": -0.04739998401335034, ""mad"": 0.06737058669786467}]"
W037,0.4465671641791046,67,"[{""feature"": ""std_sent_sats"", ""value"": 57893825.07331678, ""empirical_anomaly_score"": 1.0, ""median"": 19500844.868566923, ""mad"": 6100790.725560604}, {""feature"": ""std_latency_ms"", ""value"": 65.23483220897661, ""empirical_anomaly_score"": 1.0, ""median"": 39.69998923727354, ""mad"": 13.960731997414111}, {""feature"": ""weighted_in_degree"", ""value"": 8.0, ""empirical_anomaly_score"": 0.98, ""median"": 4.0, ""mad"": 1.0}, {""feature"": ""outgoing_tx_count"", ""value"": 8.0, ""empirical_anomaly_score"": 0.98, ""median"": 4.0, ""mad"": 1.5}, {""feature"": ""pagerank"", ""value"": 0.040032202230937, ""empirical_anomaly_score"": 0.96, ""median"": 0.019064112940442215, ""mad"": 0.005708444793555526}]"
W038,0.38895522388059706,67,"[{""feature"": ""avg_inputs_per_tx"", ""value"": 1.5, ""empirical_anomaly_score"": 0.98, ""median"": 1.0, ""mad"": 0.0}, {""feature"": ""max_inputs_per_tx"", ""value"": 3.0, ""empirical_anomaly_score"": 0.96, ""median"": 1.0, ""mad"": 0.0}, {""feature"": ""country_entropy"", ""value"": -0.0, ""empirical_anomaly_score"": 0.9, ""median"": 1.2987949406953985, ""mad"": 0.31535424334024464}, {""feature"": ""total_bytes_sent"", ""value"": 1196.0, ""empirical_anomaly_score"": 0.88, ""median"": 6831.0, ""mad"": 3561.0}, {""feature"": ""clustering_coefficient"", ""value"": 0.25, ""empirical_anomaly_score"": 0.88, ""median"": 0.1388888888888889, ""mad"": 0.052777777777777785}]"
W039,0.3817910447761194,67,"[{""feature"": ""clustering_coefficient"", ""value"": 0.4, ""empirical_anomaly_score"": 1.0, ""median"": 0.1388888888888889, ""mad"": 0.052777777777777785}, {""feature"": ""avg_inputs_per_tx"", ""value"": 1.5, ""empirical_anomaly_score"": 0.98, ""median"": 1.0, ""mad"": 0.0}, {""feature"": ""max_inputs_per_tx"", ""value"": 3.0, ""empirical_anomaly_score"": 0.96, ""median"": 1.0, ""mad"": 0.0}, {""feature"": ""in_out_ratio"", ""value"": 3.6280841267008936, ""empirical_anomaly_score"": 0.92, ""median"": 0.9094818048281472, ""mad"": 0.3508987758717949}, {""feature"": ""max_sent_sats"", ""value"": 32088065.0, ""empirical_anomaly_score"": 0.84, ""median"": 62899556.5, ""mad"": 9300306.5}]"
W040,0.4811940298507463,67,"[{""feature"": ""max_inputs_per_tx"", ""value"": 3.0, ""empirical_anomaly_score"": 0.96, ""median"": 1.0, ""mad"": 0.0}, {""feature"": ""in_out_ratio"", ""value"": 6.378652696378663, ""empirical_anomaly_score"": 0.96, ""median"": 0.9094818048281472, ""mad"": 0.3508987758717949}, {""feature"": ""median_sent_sats"", ""value"": 12227474.0, ""empirical_anomaly_score"": 0.92, ""median"": 35852353.5, ""mad"": 12191833.75}, {""feature"": ""max_sent_sats"", ""value"": 19305326.0, ""empirical_anomaly_score"": 0.92, ""median"": 62899556.5, ""mad"": 9300306.5}, {""feature"": ""avg_sent_sats"", ""value"": 12227474.0, ""empirical_anomaly_score"": 0.92, ""median"": 37666348.75, ""mad"": 8384120.25}]"
W041,0.4438805970149253,67,"[{""feature"": ""tx_count"", ""value"": 11.0, ""empirical_anomaly_score"": 1.0, ""median"": 4.0, ""mad"": 2.0}, {""feature"": ""incoming_tx_count"", ""value"": 11.0, ""empirical_anomaly_score"": 1.0, ""median"": 4.0, ""mad"": 2.0}, {""feature"": ""weighted_out_degree"", ""value"": 11.0, ""empirical_anomaly_score"": 1.0, ""median"": 4.0, ""mad"": 2.0}, {""feature"": ""two_hop_neighbor_count"", ""value"": 25, ""empirical_anomaly_score"": 0.98, ""median"": 13.0, ""mad"": 4.0}, {""feature"": ""total_received_sats"", ""value"": 429201235.0, ""empirical_anomaly_score"": 0.96, ""median"": 154378869.0, ""mad"": 54003631.0}]"
W042,0.3143283582089552,67,"[{""feature"": ""pagerank"", ""value"": 0.04589571128549297, ""empirical_anomaly_score"": 1.0, ""median"": 0.019064112940442215, ""mad"": 0.005708444793555526}, {""feature"": ""std_latency_ms"", ""value"": 64.00520812142295, ""empirical_anomaly_score"": 0.96, ""median"": 39.69998923727354, ""mad"": 13.960731997414111}, {""feature"": ""in_degree"", ""value"": 7, ""empirical_anomaly_score"": 0.86, ""median"": 4.0, ""mad"": 1.0}, {""feature"": ""weighted_in_degree"", ""value"": 7.0, ""empirical_anomaly_score"": 0.84, ""median"": 4.0, ""mad"": 1.0}, {""feature"": ""outgoing_tx_count"", ""value"": 7.0, ""empirical_anomaly_score"": 0.84, ""median"": 4.0, ""mad"": 1.5}]"
W043,0.38149253731343286,67,"[{""feature"": ""avg_outputs_per_tx"", ""value"": 1.5, ""empirical_anomaly_score"": 0.86, ""median"": 1.0, ""mad"": 0.0}, {""feature"": ""inbound_ratio"", ""value"": 0.6552930883639545, ""empirical_anomaly_score"": 0.84, ""median"": 0.502189643625118, ""mad"": 0.07145777167387193}, {""feature"": ""max_outputs_per_tx"", ""value"": 3.0, ""empirical_anomaly_score"": 0.8, ""median"": 1.0, ""mad"": 0.0}, {""feature"": ""observations_per_tx"", ""value"": 1.2, ""empirical_anomaly_score"": 0.76, ""median"": 1.0, ""mad"": 0.0}, {""feature"": ""community_size"", ""value"": 13, ""empirical_anomaly_score"": 0.76, ""median"": 9.0, ""mad"": 1.0}]"
W044,0.3758208955223881,67,"[{""feature"": ""active_duration_seconds"", ""value"": 2594220.0, ""empirical_anomaly_score"": 0.96, ""median"": 2044530.0, ""mad"": 322260.0}, {""feature"": ""community_id"", ""value"": 5, ""empirical_anomaly_score"": 0.94, ""median"": 2.0, ""mad"": 1.0}, {""feature"": ""community_size"", ""value"": 4, ""empirical_anomaly_score"": 0.9, ""median"": 9.0, ""mad"": 1.0}, {""feature"": ""min_inter_tx_seconds"", ""value"": 132360.0, ""empirical_anomaly_score"": 0.88, ""median"": 26760.0, ""mad"": 23610.0}, {""feature"": ""avg_inter_tx_seconds"", ""value"": 432370.0, ""empirical_anomaly_score"": 0.8, ""median"": 254946.25, ""mad"": 56130.83333333333}]"
W045,0.4280597014925374,67,"[{""feature"": ""avg_inter_tx_seconds"", ""value"": 672520.0, ""empirical_anomaly_score"": 1.0, ""median"": 254946.25, ""mad"": 56130.83333333333}, {""feature"": ""std_received_sats"", ""value"": 40212819.69929008, ""empirical_anomaly_score"": 0.96, ""median"": 17156001.96784305, ""mad"": 5632916.947494109}, {""feature"": ""std_inter_tx_seconds"", ""value"": 690757.3174422403, ""empirical_anomaly_score"": 0.96, ""median"": 208711.7661998346, ""mad"": 55319.87898113897}, {""feature"": ""mean_latency_ms"", ""value"": 169.5, ""empirical_anomaly_score"": 0.96, ""median"": 94.325, ""mad"": 15.825000000000003}, {""feature"": ""median_latency_ms"", ""value"": 169.5, ""empirical_anomaly_score"": 0.96, ""median"": 99.5, ""mad"": 22.0}]"
W046,0.41432835820895525,67,"[{""feature"": ""avg_outputs_per_tx"", ""value"": 2.0, ""empirical_anomaly_score"": 1.0, ""median"": 1.0, ""mad"": 0.0}, {""feature"": ""two_hop_neighbor_count"", ""value"": 25, ""empirical_anomaly_score"": 0.98, ""median"": 13.0, ""mad"": 4.0}, {""feature"": ""std_sent_sats"", ""value"": 47075303.031520806, ""empirical_anomaly_score"": 0.92, ""median"": 19500844.868566923, ""mad"": 6100790.725560604}, {""feature"": ""out_degree"", ""value"": 8, ""empirical_anomaly_score"": 0.9, ""median"": 4.0, ""mad"": 1.5}, {""feature"": ""in_out_ratio"", ""value"": 3.5970914466248893, ""empirical_anomaly_score"": 0.88, ""median"": 0.9094818048281472, ""mad"": 0.3508987758717949}]"
W047,0.5005970149253731,67,"[{""feature"": ""observations_per_tx"", ""value"": 2.0, ""empirical_anomaly_score"": 0.96, ""median"": 1.0, ""mad"": 0.0}, {""feature"": ""burstiness"", ""value"": -0.3956610414960755, ""empirical_anomaly_score"": 0.96, ""median"": -0.04739998401335034, ""mad"": 0.06737058669786467}, {""feature"": ""last_seen"", ""value"": 1781349840000000, ""empirical_anomaly_score"": 0.96, ""median"": 1782804360000000.0, ""mad"": 101940000000.0}, {""feature"": ""transaction_velocity"", ""value"": 0.002777777777777778, ""empirical_anomaly_score"": 0.92, ""median"": 4.5350240245721e-06, ""mad"": 1.0578468868360352e-06}, {""feature"": ""median_received_sats"", ""value"": 150000000.0, ""empirical_anomaly_score"": 0.92, ""median"": 37893570.25, ""mad"": 7627151.0}]"
W048,0.7041791044776123,67,"[{""feature"": ""max_received_sats"", ""value"": 180000000.0, ""empirical_anomaly_score"": 1.0, ""median"": 62092127.0, ""mad"": 9806616.0}, {""feature"": ""median_received_sats"", ""value"": 180000000.0, ""empirical_anomaly_score"": 1.0, ""median"": 37893570.25, ""mad"": 7627151.0}, {""feature"": ""avg_received_sats"", ""value"": 180000000.0, ""empirical_anomaly_score"": 1.0, ""median"": 37866974.4, ""mad"": 6827420.924999999}, {""feature"": ""transaction_velocity"", ""value"": 0.0, ""empirical_anomaly_score"": 0.96, ""median"": 4.5350240245721e-06, ""mad"": 1.0578468868360352e-06}, {""feature"": ""weighted_in_degree"", ""value"": 0.0, ""empirical_anomaly_score"": 0.96, ""median"": 4.0, ""mad"": 1.0}]"
W049,0.7343283582089555,67,"[{""feature"": ""max_sent_sats"", ""value"": 179500000.0, ""empirical_anomaly_score"": 1.0, ""median"": 62899556.5, ""mad"": 9300306.5}, {""feature"": ""median_sent_sats"", ""value"": 179500000.0, ""empirical_anomaly_score"": 1.0, ""median"": 35852353.5, ""mad"": 12191833.75}, {""feature"": ""avg_sent_sats"", ""value"": 179500000.0, ""empirical_anomaly_score"": 1.0, ""median"": 37666348.75, ""mad"": 8384120.25}, {""feature"": ""transaction_velocity"", ""value"": 0.044444444444444446, ""empirical_anomaly_score"": 1.0, ""median"": 4.5350240245721e-06, ""mad"": 1.0578468868360352e-06}, {""feature"": ""max_received_sats"", ""value"": 179500000.0, ""empirical_anomaly_score"": 0.96, ""median"": 62092127.0, ""mad"": 9806616.0}]"
W050,0.6722388059701494,67,"[{""feature"": ""first_seen"", ""value"": 1782331200000000, ""empirical_anomaly_score"": 1.0, ""median"": 1780638660000000.0, ""mad"": 263010000000.0}, {""feature"": ""avg_sent_sats"", ""value"": 115000000.0, ""empirical_anomaly_score"": 0.96, ""median"": 37666348.75, ""mad"": 8384120.25}, {""feature"": ""transaction_velocity"", ""value"": 0.016666666666666666, ""empirical_anomaly_score"": 0.96, ""median"": 4.5350240245721e-06, ""mad"": 1.0578468868360352e-06}, {""feature"": ""clustering_coefficient"", ""value"": 0.3333333333333333, ""empirical_anomaly_score"": 0.96, ""median"": 0.1388888888888889, ""mad"": 0.052777777777777785}, {""feature"": ""median_sent_sats"", ""value"": 115000000.0, ""empirical_anomaly_score"": 0.96, ""median"": 35852353.5, ""mad"": 12191833.75}]"
