wallet_id,severity,risk_probability,risk_prediction,deterministic_score,isolation_forest_score,autoencoder_score
W000001,HIGH,0.9862,1,0.5144,0.151,0.1606
W000190,HIGH,0.9844,1,0.5183,0.319,0.4613
W000231,HIGH,0.984,1,0.5381,0.1847,0.1488
W000049,HIGH,0.9816,1,0.4685,0.292,0.056
W000201,HIGH,0.9794,1,0.3622,0.2379,0.0235
W000115,HIGH,0.9767,1,0.4807,0.3574,0.1186
W000050,HIGH,0.9729,1,0.336,0.1965,0.1172
W000055,HIGH,0.9719,1,0.3395,0.57,0.0825
W000212,HIGH,0.9717,1,0.4928,0.1057,0.0743
W000288,HIGH,0.969,1,0.3542,0.1177,0.0981
W000096,HIGH,0.9681,1,0.4421,0.2478,0.1672
W000037,HIGH,0.9677,1,0.4427,0.1791,0.0132
W000281,HIGH,0.9661,1,0.4123,0.2406,0.0568
W000219,HIGH,0.9643,1,0.3815,0.1902,0.0919
W000280,HIGH,0.9639,1,0.4995,0.386,0.1198
W000202,HIGH,0.963,1,0.5609,0.5349,0.1244
W000257,HIGH,0.9621,1,0.4556,0.2479,0.0588
W000102,HIGH,0.9604,1,0.4165,0.2564,0.0142
W000006,HIGH,0.958,1,0.4124,0.2708,0.0776
W000112,HIGH,0.9565,1,0.4603,0.3213,0.103
W000124,HIGH,0.9556,1,0.4213,0.3469,0.1016
W000185,HIGH,0.9547,1,0.4893,0.3587,0.1072
W000070,HIGH,0.9505,1,0.4154,0.3297,0.065
W000183,HIGH,0.949,1,0.5218,0.3157,0.0523
W000181,HIGH,0.9487,1,0.3875,0.2662,0.0783
W000162,HIGH,0.9485,1,0.4227,0.1341,0.0667
W000265,HIGH,0.9482,1,0.3963,0.0756,0.0294
W000043,HIGH,0.9477,1,0.2809,0.1757,0.0754
W000157,HIGH,0.9452,1,0.3227,0.256,0.0852
W000040,HIGH,0.9451,1,0.3612,0.1335,0.0635
W000114,HIGH,0.9447,1,0.3118,0.3285,0.0943
W000292,HIGH,0.9429,1,0.8117,0.8865,0.0931
W000182,HIGH,0.9423,1,0.5735,0.3242,0.4553
W000176,HIGH,0.9417,1,0.3423,0.22,0.208
W000021,HIGH,0.941,1,0.4294,0.2313,0.1153
W000101,HIGH,0.9384,1,0.6033,0.3444,0.1278
W000226,HIGH,0.9384,1,0.3908,0.1085,0.02
W000193,HIGH,0.9381,1,0.3537,0.2478,0.0267
W000083,HIGH,0.9374,1,0.2999,0.0623,0.0722
W000152,HIGH,0.9369,1,0.4061,0.2964,0.1409
W000235,HIGH,0.9352,1,0.328,0.2804,0.0737
W000295,HIGH,0.9344,1,0.8091,0.9257,0.092
W000178,HIGH,0.934,1,0.4151,0.1723,0.023
W000135,HIGH,0.9328,1,0.4819,0.3309,0.0778
W000045,HIGH,0.9293,1,0.4136,0.1395,0.148
W000121,HIGH,0.9283,1,0.4293,0.4908,0.063
W000194,HIGH,0.9254,1,0.345,0.3392,0.0497
W000110,HIGH,0.9238,1,0.4378,0.4491,0.3416
W000085,HIGH,0.9229,1,0.4854,0.2378,0.0358
W000109,HIGH,0.9227,1,0.445,0.2385,0.126
W000247,HIGH,0.9223,1,0.3158,0.0755,0.0415
W000300,HIGH,0.9196,1,0.5049,0.2772,0.1033
W000105,HIGH,0.9195,1,0.5295,0.1102,0.0941
W000015,HIGH,0.9152,1,0.4325,0.2153,0.0654
W000014,HIGH,0.9139,1,0.4539,0.0654,0.0134
W000132,HIGH,0.9125,1,0.5047,0.1795,0.0736
W000147,HIGH,0.909,1,0.5502,0.3302,0.0454
W000276,HIGH,0.9088,1,0.5308,0.2384,0.0218
W000169,HIGH,0.9079,1,0.4473,0.3606,0.308
W000207,HIGH,0.9074,1,0.2951,0.2095,0.0657
W000076,HIGH,0.9064,1,0.3814,0.198,0.1238
W000056,HIGH,0.9061,1,0.4643,0.2762,0.1017
W000210,HIGH,0.9024,1,0.4566,0.2485,0.0662
W000153,HIGH,0.9018,1,0.4125,0.0016,0.0328
W000222,HIGH,0.9012,1,0.4877,0.2819,0.0178
W000038,HIGH,0.9005,1,0.3746,0.0663,0.036
W000106,HIGH,0.9,1,0.4886,0.1606,0.1808
W000171,HIGH,0.9,1,0.3828,0.4212,0.1086
W000165,HIGH,0.8992,1,0.4695,0.3882,0.0559
W000273,HIGH,0.8989,1,0.4805,0.402,0.0854
W000240,HIGH,0.8985,1,0.4376,0.2395,0.1031
W000062,HIGH,0.8984,1,0.405,0.2987,0.0747
W000269,HIGH,0.898,1,0.2974,0.2498,0.0435
W000270,HIGH,0.8964,1,0.5026,0.3036,0.0427
W000249,HIGH,0.894,1,0.4224,0.287,0.0819
W000022,HIGH,0.8922,1,0.5911,0.2367,0.0322
W000024,HIGH,0.8874,1,0.413,0.0928,0.0394
W000117,HIGH,0.8872,1,0.4184,0.2336,0.2505
W000138,HIGH,0.8861,1,0.508,0.4532,0.1544
W000067,HIGH,0.8845,1,0.5125,0.3572,0.0656
W000093,HIGH,0.8845,1,0.3734,0.2311,0.0503
W000108,HIGH,0.881,1,0.4346,0.2036,0.1167
W000012,HIGH,0.8792,1,0.4849,0.2297,0.144
W000137,HIGH,0.8781,1,0.367,0.1941,0.0398
W000188,HIGH,0.8749,1,0.3941,0.1496,0.097
W000234,HIGH,0.8741,1,0.3187,0.2697,0.0437
W000268,HIGH,0.8725,1,0.4608,0.2532,0.1218
W000229,HIGH,0.8721,1,0.4418,0.2458,0.2349
W000078,HIGH,0.8719,1,0.4896,0.2047,0.0147
W000237,HIGH,0.8677,1,0.4638,0.3358,0.0734
W000160,HIGH,0.8666,1,0.3674,0.2802,0.0575
W000048,HIGH,0.8649,1,0.5571,0.1841,0.1925
W000016,HIGH,0.863,1,0.4983,0.5224,1.0
W000290,HIGH,0.8616,1,0.3925,0.2645,0.0576
W000209,HIGH,0.8605,1,0.559,0.3537,0.0848
W000119,HIGH,0.8604,1,0.4101,0.2482,0.0767
W000255,HIGH,0.8602,1,0.5513,0.1782,0.0074
W000069,HIGH,0.859,1,0.3368,0.1018,0.0569
W000211,HIGH,0.8571,1,0.5223,0.2364,0.0746
W000120,HIGH,0.8568,1,0.4669,0.1899,0.0258
W000142,HIGH,0.8566,1,0.486,0.2898,0.1985
W000019,HIGH,0.8558,1,0.3402,0.4332,0.0264
W000090,HIGH,0.8544,1,0.3946,0.3934,0.0882
W000174,HIGH,0.8542,1,0.2865,0.3802,0.0489
W000010,HIGH,0.853,1,0.3136,0.1139,0.0504
W000072,HIGH,0.8517,1,0.553,0.1351,0.0344
W000079,HIGH,0.8517,1,0.4058,0.3626,0.0186
W000221,HIGH,0.8511,1,0.3438,0.2695,0.0597
W000195,HIGH,0.848,1,0.3375,0.2243,0.0293
W000133,HIGH,0.8403,1,0.3843,0.3713,0.0598
W000289,HIGH,0.8396,1,0.4851,0.1679,0.0279
W000136,HIGH,0.8363,1,0.472,0.4676,0.0282
W000146,HIGH,0.8362,1,0.4288,0.0,0.0167
W000166,HIGH,0.8361,1,0.4677,0.3263,0.0939
W000233,HIGH,0.835,1,0.4591,0.1163,0.1545
W000263,HIGH,0.8321,1,0.3756,0.2147,0.1033
W000002,HIGH,0.8259,1,0.3905,0.2434,0.0514
W000143,HIGH,0.8222,1,0.457,0.1275,0.0572
W000261,HIGH,0.8211,1,0.4745,0.4079,0.0282
W000086,HIGH,0.821,1,0.3162,0.1759,0.0654
W000215,HIGH,0.8207,1,0.3849,0.3903,0.0629
W000230,HIGH,0.8207,1,0.408,0.1344,0.0884
W000287,HIGH,0.8169,1,0.4919,0.4101,0.0568
W000200,HIGH,0.8138,1,0.4328,0.1963,0.1801
W000283,HIGH,0.8122,1,0.4482,0.226,0.0819
W000116,HIGH,0.812,1,0.3666,0.2554,0.0973
W000051,HIGH,0.8106,1,0.4722,0.2824,0.0255
W000299,HIGH,0.8077,1,0.4694,0.5411,0.0502
W000057,HIGH,0.8068,1,0.3107,0.3097,0.0432
W000008,HIGH,0.8048,1,0.3392,0.3503,0.0648
W000044,HIGH,0.8022,1,0.5388,0.1274,0.2518
W000279,MEDIUM,0.7986,1,0.464,0.1853,0.1996
W000036,MEDIUM,0.7978,1,0.3402,0.3131,0.1971
W000071,MEDIUM,0.7971,1,0.4012,0.0711,0.0595
W000192,MEDIUM,0.7942,1,0.4909,0.2159,0.0631
W000205,MEDIUM,0.7937,1,0.4579,0.4331,0.4512
W000065,MEDIUM,0.7925,1,0.4679,0.3509,0.0613
W000245,MEDIUM,0.7924,1,0.4373,0.1348,0.0456
W000220,MEDIUM,0.7921,1,0.4903,0.341,0.0789
W000064,MEDIUM,0.7912,1,0.4861,0.4574,0.0086
W000123,MEDIUM,0.7878,1,0.427,0.1943,0.0372
W000047,MEDIUM,0.7858,1,0.4391,0.3345,0.1331
W000028,MEDIUM,0.784,1,0.383,0.384,0.5686
W000275,MEDIUM,0.7837,1,0.4644,0.2016,0.013
W000298,MEDIUM,0.7763,1,0.4696,0.2732,0.072
W000058,MEDIUM,0.7761,1,0.3445,0.041,0.0758
W000134,MEDIUM,0.7749,1,0.4008,0.4477,0.5522
W000150,MEDIUM,0.7744,1,0.4268,0.2035,0.1055
W000187,MEDIUM,0.7725,1,0.5078,0.4232,0.047
W000227,MEDIUM,0.7712,1,0.4131,0.511,0.0455
W000033,MEDIUM,0.771,1,0.3626,0.2246,0.0672
W000018,MEDIUM,0.7706,1,0.2791,0.1387,0.1044
W000004,MEDIUM,0.7679,1,0.4577,0.2202,0.1209
W000156,MEDIUM,0.7642,1,0.3006,0.2422,0.0406
W000118,MEDIUM,0.7641,1,0.3623,0.1786,0.0544
W000158,MEDIUM,0.764,1,0.5828,0.1937,0.0174
W000277,MEDIUM,0.7633,1,0.4085,0.1901,0.2318
W000175,MEDIUM,0.7566,1,0.423,0.5353,0.1488
W000278,MEDIUM,0.7565,1,0.3564,0.3797,0.12
W000100,MEDIUM,0.7536,1,0.4506,0.0531,0.0168
W000107,MEDIUM,0.7534,1,0.4255,0.5736,0.5867
W000253,MEDIUM,0.7512,1,0.3341,0.1511,0.0796
W000129,MEDIUM,0.7492,1,0.4443,0.3643,0.0495
W000034,MEDIUM,0.7489,1,0.4985,0.275,0.0662
W000242,MEDIUM,0.7462,1,0.3756,0.0473,0.0388
W000196,MEDIUM,0.7445,1,0.4401,0.5403,0.0147
W000248,MEDIUM,0.7441,1,0.4912,0.2217,0.2149
W000198,MEDIUM,0.741,1,0.4749,0.1285,0.052
W000139,MEDIUM,0.7402,1,0.3843,0.2451,0.0284
W000238,MEDIUM,0.7394,1,0.4521,0.1508,0.0472
W000167,MEDIUM,0.7377,1,0.3623,0.3688,0.092
W000170,MEDIUM,0.735,1,0.3981,0.1118,0.0611
W000092,MEDIUM,0.7345,1,0.3617,0.1802,0.0181
W000145,MEDIUM,0.734,1,0.4128,0.0283,0.0917
W000082,MEDIUM,0.7337,1,0.3736,0.2878,0.0577
W000031,MEDIUM,0.7304,1,0.4025,0.2196,0.0421
W000241,MEDIUM,0.7289,1,0.348,0.2896,0.0856
W000228,MEDIUM,0.7288,1,0.5756,0.1832,0.0193
W000250,MEDIUM,0.7265,1,0.3911,0.4727,0.16
W000013,MEDIUM,0.7258,1,0.5224,0.2937,0.0168
W000122,MEDIUM,0.7224,1,0.3322,0.3305,0.0299
W000066,MEDIUM,0.7209,1,0.4357,0.2609,0.1722
W000052,MEDIUM,0.72,1,0.4752,0.4146,0.107
W000128,MEDIUM,0.7187,1,0.3821,0.1468,0.0488
W000206,MEDIUM,0.7173,1,0.4122,0.2091,0.021
W000199,MEDIUM,0.7167,1,0.3905,0.1804,0.1499
W000258,MEDIUM,0.7122,1,0.5116,0.2282,0.3424
W000259,MEDIUM,0.7119,1,0.4342,0.1734,0.0146
W000081,MEDIUM,0.7118,1,0.4223,0.3856,0.0502
W000103,MEDIUM,0.7096,1,0.4278,0.3211,0.0815
W000266,MEDIUM,0.7065,1,0.3768,0.1262,0.0979
W000063,MEDIUM,0.7053,1,0.5453,0.2528,0.0571
W000041,MEDIUM,0.7024,1,0.5085,0.156,0.0481
W000239,MEDIUM,0.7019,1,0.6447,0.5373,0.0704
W000148,MEDIUM,0.7015,1,0.5241,0.2579,0.0124
W000159,MEDIUM,0.7011,1,0.4575,0.1815,0.075
W000243,MEDIUM,0.6973,1,0.3463,0.1873,0.0551
W000197,MEDIUM,0.6971,1,0.373,0.4406,0.0798
W000246,MEDIUM,0.6966,1,0.3575,0.2063,0.1234
W000020,MEDIUM,0.6955,1,0.446,0.4754,0.0516
W000254,MEDIUM,0.695,1,0.4291,0.0886,0.0982
W000267,MEDIUM,0.6933,1,0.3747,0.297,0.1872
W000274,MEDIUM,0.6927,1,0.5176,0.3945,0.0272
W000125,MEDIUM,0.6917,1,0.433,0.3666,0.0748
W000252,MEDIUM,0.6853,1,0.4385,0.25,0.1527
W000232,MEDIUM,0.6852,1,0.4976,0.3181,0.2057
W000282,MEDIUM,0.6782,1,0.4628,0.0881,0.239
W000216,MEDIUM,0.6768,1,0.4271,0.1471,0.1517
W000154,MEDIUM,0.6686,1,0.4886,0.2226,0.1509
W000244,MEDIUM,0.6677,1,0.4036,0.3292,0.0228
W000111,MEDIUM,0.6636,1,0.3529,0.2144,0.0811
W000005,MEDIUM,0.6623,1,0.3609,0.1594,0.0416
W000080,MEDIUM,0.6592,1,0.3819,0.2691,0.2701
W000284,MEDIUM,0.6591,1,0.351,0.183,0.087
W000291,MEDIUM,0.6565,1,0.6504,0.405,0.0385
W000026,MEDIUM,0.6536,1,0.4554,0.4515,0.0262
W000218,MEDIUM,0.6519,1,0.3787,0.2384,0.0596
W000155,MEDIUM,0.6508,1,0.4607,0.2362,0.0099
W000032,MEDIUM,0.6498,1,0.4118,0.2293,0.0325
W000140,MEDIUM,0.6498,1,0.3341,0.1016,0.0659
W000017,MEDIUM,0.6488,1,0.5171,0.2949,0.0139
W000294,MEDIUM,0.6461,1,0.7009,0.9397,0.0924
W000161,MEDIUM,0.6423,1,0.4798,0.1502,0.045
W000151,MEDIUM,0.6417,1,0.4862,0.2247,0.2928
W000099,MEDIUM,0.6309,1,0.3452,0.1209,0.0535
W000054,MEDIUM,0.6285,1,0.4911,0.2439,0.02
W000097,MEDIUM,0.627,1,0.4091,0.387,0.1712
W000059,MEDIUM,0.6269,1,0.3503,0.1825,0.0775
W000236,MEDIUM,0.623,1,0.4808,0.2807,0.0672
W000003,MEDIUM,0.6185,1,0.4238,0.1832,0.0388
W000060,MEDIUM,0.618,1,0.3566,0.487,0.0723
W000164,MEDIUM,0.616,1,0.4548,0.3714,0.0138
W000184,MEDIUM,0.6157,1,0.4525,0.4504,0.067
W000141,MEDIUM,0.6143,1,0.3534,0.5026,0.0243
W000264,MEDIUM,0.6106,1,0.4599,0.2331,0.0568
W000189,MEDIUM,0.6048,1,0.5212,0.5059,0.129
W000285,MEDIUM,0.6031,1,0.5661,0.1333,0.1423
W000084,MEDIUM,0.6025,1,0.5145,0.2258,0.0097
W000113,MEDIUM,0.6008,1,0.3641,0.1919,0.0533
W000098,MEDIUM,0.5935,1,0.4057,0.1915,0.0686
W000095,MEDIUM,0.5928,1,0.3808,0.1475,0.0247
W000213,MEDIUM,0.5918,1,0.536,0.2006,0.1901
W000089,MEDIUM,0.5917,1,0.4324,0.3505,0.0207
W000131,MEDIUM,0.5912,1,0.3843,0.15,0.0449
W000007,MEDIUM,0.5879,1,0.4266,0.3217,0.0584
W000214,MEDIUM,0.5839,1,0.3079,0.2662,0.1066
W000177,MEDIUM,0.5837,1,0.5797,0.3127,0.0119
W000204,MEDIUM,0.5825,1,0.3302,0.2638,0.0597
W000191,MEDIUM,0.5627,1,0.3761,0.3262,0.0458
W000217,MEDIUM,0.5571,1,0.3072,0.4349,0.0593
W000144,MEDIUM,0.5542,1,0.4691,0.3274,0.0268
W000173,MEDIUM,0.5381,1,0.3423,0.4091,0.0357
W000053,MEDIUM,0.5295,1,0.35,0.3024,0.0465
W000271,MEDIUM,0.5294,1,0.5064,0.3012,0.1888
W000011,MEDIUM,0.5292,1,0.4841,0.1965,0.3769
W000094,MEDIUM,0.5241,1,0.4637,0.0413,0.1108
W000223,MEDIUM,0.5227,1,0.3654,0.2023,0.0304
W000087,MEDIUM,0.5211,1,0.4609,0.2609,0.0282
W000039,MEDIUM,0.5163,1,0.3577,0.2572,0.0533
W000091,MEDIUM,0.5114,1,0.5349,0.2373,0.0172
W000208,MEDIUM,0.5113,1,0.2832,0.1514,0.097
W000104,MEDIUM,0.5038,1,0.3439,0.1804,0.0228
W000088,MEDIUM,0.5035,1,0.3986,0.3894,0.0455
W000172,MEDIUM,0.5003,1,0.338,0.2101,0.1227
W000296,LOW,0.4999,0,0.7427,0.9193,0.0917
W000186,LOW,0.4987,0,0.3682,0.4746,0.052
W000163,LOW,0.4795,0,0.5004,0.3296,0.1045
W000046,LOW,0.4713,0,0.6913,0.477,0.0114
W000260,LOW,0.4657,0,0.423,0.375,0.0779
W000168,LOW,0.4579,0,0.4333,0.3075,0.1503
W000272,LOW,0.4563,0,0.4529,0.3342,0.0994
W000149,LOW,0.4554,0,0.4831,0.3041,0.2062
W000203,LOW,0.4539,0,0.4431,0.1594,0.0249
W000286,LOW,0.4333,0,0.424,0.2165,0.0123
W000293,LOW,0.4285,0,0.7336,1.0,0.0928
W000025,LOW,0.4238,0,0.37,0.1997,0.0629
W000225,LOW,0.4211,0,0.3583,0.2281,0.2123
W000023,LOW,0.4205,0,0.3523,0.2712,0.0439
W000029,LOW,0.4199,0,0.474,0.2949,0.0108
W000179,LOW,0.4184,0,0.414,0.1993,0.1441
W000224,LOW,0.3994,0,0.4728,0.0532,0.0701
W000077,LOW,0.3981,0,0.3685,0.2827,0.0266
W000009,LOW,0.3966,0,0.3944,0.2279,0.0198
W000251,LOW,0.3944,0,0.3766,0.3524,0.0617
W000256,LOW,0.3936,0,0.4265,0.2424,0.0357
W000061,LOW,0.3908,0,0.3289,0.2158,0.0299
W000042,LOW,0.3796,0,0.365,0.1484,0.1366
W000126,LOW,0.3721,0,0.3257,0.3517,0.0699
W000035,LOW,0.371,0,0.4283,0.2577,0.0914
W000262,LOW,0.3586,0,0.4648,0.3116,0.0562
W000068,LOW,0.3461,0,0.4608,0.4383,0.0512
W000074,LOW,0.3351,0,0.4591,0.0711,0.025
W000130,LOW,0.3222,0,0.374,0.3317,0.0227
W000027,LOW,0.289,0,0.3797,0.1084,0.0854
W000075,LOW,0.2816,0,0.3818,0.1853,0.1271
W000073,LOW,0.2795,0,0.3161,0.2468,0.0281
W000030,LOW,0.237,0,0.468,0.1787,0.0449
W000127,LOW,0.1948,0,0.4826,0.2124,0.1167
W000180,LOW,0.1456,0,0.3868,0.2632,0.178
W000297,LOW,0.026,0,0.965,0.8186,0.0
