wallet_id,autoencoder_reconstruction_error
W0000001,0.7542581
W0000002,0.54821175
W0000003,0.4471695
W0000004,1.1007756
W0000005,0.76719624
W0000006,0.6557414
W0000007,0.34234416
W0000008,0.6860693
W0000009,0.97105503
W0000010,0.5037828
W0000011,1.9739512
W0000012,1.171697
W0000013,0.32053334
W0000014,2.2805433
W0000015,0.43636692
W0000016,1.0722097
W0000017,1.0128846
W0000018,0.42661867
W0000019,3.1440356
W0000020,0.456706
W0000021,0.8278121
W0000022,0.48917374
W0000023,0.9266287
W0000024,1.2825927
W0000025,0.42525145
W0000026,0.7256203
W0000027,0.5124071
W0000028,0.6628564
W0000029,0.68478006
W0000030,0.4343598
W0000031,1.064712
W0000032,0.40742826
W0000033,0.5847584
W0000034,0.6023579
W0000035,0.37810504
W0000036,0.5143978
W0000037,2.9562821
W0000038,0.3020538
W0000039,0.9846256
W0000040,1.0641725
W0000041,1.158921
W0000042,0.7288857
W0000043,0.7260657
W0000044,1.8140502
W0000045,0.9373391
W0000046,0.46502233
W0000047,0.62979156
W0000048,0.7159028
W0000049,0.3923816
W0000050,0.48543134
W0000051,0.43018964
W0000052,0.3820634
W0000053,0.5061076
W0000054,1.0184866
W0000055,0.387597
W0000056,1.2608927
W0000057,0.42211348
W0000058,1.280102
W0000059,0.38994947
W0000060,0.6527563
W0000061,0.44012362
W0000062,0.9171979
W0000063,0.25066754
W0000064,0.8228806
W0000065,0.80753446
W0000066,0.47478855
W0000067,0.66629183
W0000068,0.682355
W0000069,0.6058909
W0000070,0.56355643
W0000071,0.5582233
W0000072,0.79953194
W0000073,0.8936335
W0000074,1.1899936
W0000075,0.702828
W0000076,1.560222
W0000077,0.4455612
W0000078,0.6743531
W0000079,1.1269671
W0000080,0.77429515
W0000081,1.5308063
W0000082,0.6223879
W0000083,0.7192844
W0000084,0.22819784
W0000085,0.27187923
W0000086,1.0464408
W0000087,1.252602
W0000088,0.58699733
W0000089,1.0881824
W0000090,0.6029504
W0000091,0.74144703
W0000092,0.8216458
W0000093,0.64385986
W0000094,1.4855448
W0000095,0.5457294
W0000096,0.27952936
W0000097,0.15372899
W0000098,0.9759875
W0000099,0.6207763
W0000100,0.49847597
W0000101,1.3801794
W0000102,0.75537604
W0000103,0.4719679
W0000104,0.723162
W0000105,0.53839356
W0000106,0.7728769
W0000107,0.566988
W0000108,0.4107298
W0000109,0.65569526
W0000110,0.56564116
W0000111,0.5310746
W0000112,1.3384397
W0000113,1.1882616
W0000114,0.97982335
W0000115,0.48877737
W0000116,0.60531753
W0000117,0.6667787
W0000118,0.4504389
W0000119,0.42363825
W0000120,0.77286273
W0000121,0.60670644
W0000122,0.78096306
W0000123,0.57640284
W0000124,1.0454572
W0000125,0.67078984
W0000126,0.94095063
W0000127,0.95628625
W0000128,0.51224524
W0000129,0.5350307
W0000130,0.4817042
W0000131,1.0917841
W0000132,0.5708725
W0000133,1.124185
W0000134,1.0106207
W0000135,0.68502325
W0000136,0.4916423
W0000137,0.45542285
W0000138,0.5018301
W0000139,0.54609245
W0000140,1.3973578
W0000141,1.229408
W0000142,0.6076391
W0000143,0.75935477
W0000144,0.8201655
W0000145,0.748795
W0000146,2.1461177
W0000147,0.9384127
W0000148,0.52766067
W0000149,0.63409173
W0000150,2.3128965
W0000151,0.8534754
W0000152,1.5022734
W0000153,0.48680663
W0000154,1.3840867
W0000155,0.46343708
W0000156,1.2261213
W0000157,0.7512989
W0000158,0.88958216
W0000159,0.2943184
W0000160,1.1420716
W0000161,0.40922192
W0000162,0.45240483
W0000163,0.59011334
W0000164,0.4080234
W0000165,0.409265
W0000166,2.2541757
W0000167,0.555234
W0000168,0.58783245
W0000169,2.165286
W0000170,0.44738
W0000171,1.4760988
W0000172,0.986103
W0000173,0.75146556
W0000174,1.5308142
W0000175,0.33381832
W0000176,0.5337354
W0000177,1.1214737
W0000178,0.5036782
W0000179,0.36904082
W0000180,0.6384003
W0000181,0.4604651
W0000182,1.2676967
W0000183,0.6120874
W0000184,0.5360543
W0000185,0.33180943
W0000186,1.2421983
W0000187,0.49678415
W0000188,1.9097903
W0000189,0.42053676
W0000190,0.5004265
W0000191,1.78513
W0000192,1.5019897
W0000193,0.9230523
W0000194,0.45269394
W0000195,1.8552991
W0000196,0.66785985
W0000197,0.3766104
W0000198,0.69062465
W0000199,0.47059342
W0000200,0.87233365
W0000201,0.72368443
W0000202,0.45805836
W0000203,0.6778338
W0000204,0.5182392
W0000205,0.46072173
W0000206,0.55971646
W0000207,0.89117134
W0000208,0.7960625
W0000209,0.3902502
W0000210,0.40464976
W0000211,0.9585885
W0000212,0.6403112
W0000213,1.7221113
W0000214,0.79693365
W0000215,0.59488684
W0000216,0.80707204
W0000217,0.85719633
W0000218,0.49749222
W0000219,0.6105832
W0000220,1.2334107
W0000221,0.39810032
W0000222,2.4856398
W0000223,0.8501239
W0000224,0.32824484
W0000225,0.28513595
W0000226,0.49664915
W0000227,0.5991961
W0000228,0.55217403
W0000229,0.6545209
W0000230,1.7771368
W0000231,0.7669943
W0000232,1.1658709
W0000233,0.3577533
W0000234,0.71843225
W0000235,0.424559
W0000236,1.3604652
W0000237,0.3159857
W0000238,1.442741
W0000239,1.007312
W0000240,0.5136911
W0000241,0.6607763
W0000242,1.5846834
W0000243,0.41515544
W0000244,0.46786684
W0000245,1.3528463
W0000246,0.7619697
W0000247,0.32878023
W0000248,0.3159741
W0000249,0.53447527
W0000250,0.7259198
W0000251,0.25010997
W0000252,0.536516
W0000253,0.3984081
W0000254,1.1544303
W0000255,0.95174754
W0000256,0.21124762
W0000257,0.5852746
W0000258,0.6153114
W0000259,2.3118732
W0000260,0.57261133
W0000261,0.403949
W0000262,0.4414468
W0000263,0.62882805
W0000264,0.68303955
W0000265,0.76083416
W0000266,0.80442035
W0000267,0.44225985
W0000268,0.27585885
W0000269,0.58337545
W0000270,0.7063418
W0000271,1.3712636
W0000272,0.52450013
W0000273,0.4954134
W0000274,0.54074264
W0000275,0.48862123
W0000276,0.34109482
W0000277,0.37021714
W0000278,0.7559228
W0000279,0.5297102
W0000280,0.8125854
W0000281,1.0490105
W0000282,0.7458398
W0000283,0.39530703
W0000284,0.68486047
W0000285,0.5103055
W0000286,0.6151843
W0000287,0.62693274
W0000288,0.61420876
W0000289,1.4621602
W0000290,0.3404784
W0000291,0.90767354
W0000292,0.64812857
W0000293,0.89285636
W0000294,0.48753154
W0000295,0.48473307
W0000296,0.4560753
W0000297,1.0897516
W0000298,0.5581215
W0000299,1.0376959
W0000300,0.9610692
W0000301,1.6983824
W0000302,0.4714349
W0000303,0.4399985
W0000304,0.66402996
W0000305,0.7629035
W0000306,0.4918044
W0000307,0.8778928
W0000308,0.67141914
W0000309,0.42369464
W0000310,0.5042705
W0000311,0.8618241
W0000312,0.60058117
W0000313,0.9302564
W0000314,0.5153342
W0000315,1.1627032
W0000316,1.3013813
W0000317,0.6558488
W0000318,0.6639091
W0000319,0.5004559
W0000320,1.5587599
W0000321,0.75803596
W0000322,0.4940062
W0000323,1.1534754
W0000324,0.89234763
W0000325,0.56731194
W0000326,0.42021468
W0000327,0.38517338
W0000328,0.47478968
W0000329,0.7042463
W0000330,1.6253982
W0000331,1.1606073
W0000332,0.36542892
W0000333,1.2781584
W0000334,0.50722355
W0000335,0.7582126
W0000336,0.62506956
W0000337,0.40941265
W0000338,0.48405796
W0000339,3.2367375
W0000340,0.37064892
W0000341,0.7084101
W0000342,1.3694731
W0000343,0.48790616
W0000344,0.31095287
W0000345,1.7097645
W0000346,0.27100825
W0000347,0.5361149
W0000348,1.0358484
W0000349,0.6121499
W0000350,0.8709908
W0000351,0.7191088
W0000352,1.2070816
W0000353,0.29660732
W0000354,0.47564727
W0000355,0.5555364
W0000356,0.3355717
W0000357,0.5477447
W0000358,0.9281104
W0000359,0.32863948
W0000360,0.6909154
W0000361,0.48425734
W0000362,0.3988614
W0000363,0.35407454
W0000364,0.4166226
W0000365,0.42660904
W0000366,0.5111121
W0000367,1.9294727
W0000368,0.5185238
W0000369,0.8096113
W0000370,0.3595255
W0000371,0.47291294
W0000372,0.5080112
W0000373,0.30436343
W0000374,0.80394524
W0000375,0.42917708
W0000376,0.88839287
W0000377,0.65055776
W0000378,0.7272341
W0000379,0.46741298
W0000380,0.62244964
W0000381,0.5212995
W0000382,0.99260217
W0000383,1.5868833
W0000384,0.37505153
W0000385,1.0912187
W0000386,0.24289726
W0000387,0.7671157
W0000388,0.470182
W0000389,0.42247725
W0000390,0.46047306
W0000391,0.4419516
W0000392,0.73291737
W0000393,0.9500693
W0000394,0.47432688
W0000395,0.5672141
W0000396,0.8204862
W0000397,0.5010807
W0000398,5.2765455
W0000399,0.7567353
W0000400,0.50905925
W0000401,0.8918241
W0000402,0.8007964
W0000403,1.0971595
W0000404,0.24951574
W0000405,0.9626606
W0000406,2.4087656
W0000407,0.5275101
W0000408,3.4158022
W0000409,0.7274831
W0000410,0.8709396
W0000411,0.34335452
W0000412,0.3659463
W0000413,0.48582074
W0000414,1.5367243
W0000415,0.3461513
W0000416,1.1122334
W0000417,0.84162164
W0000418,0.4406423
W0000419,1.2729921
W0000420,0.54085046
W0000421,0.32798234
W0000422,0.8350382
W0000423,0.52768743
W0000424,0.6784023
W0000425,0.41819483
W0000426,0.31416622
W0000427,0.6798901
W0000428,0.8944988
W0000429,0.8867806
W0000430,0.5206497
W0000431,1.1449668
W0000432,0.5569074
W0000433,1.3583406
W0000434,0.6551492
W0000435,0.3968706
W0000436,1.5676681
W0000437,0.8100713
W0000438,0.6645455
W0000439,2.151069
W0000440,1.387198
W0000441,0.677504
W0000442,0.434876
W0000443,1.8148285
W0000444,0.45470485
W0000445,0.48299363
W0000446,0.56845504
W0000447,0.3956331
W0000448,0.4197206
W0000449,1.1006675
W0000450,0.44292971
W0000451,0.33798015
W0000452,0.44230282
W0000453,0.7253643
W0000454,0.5749968
W0000455,0.31613573
W0000456,0.5670294
W0000457,0.43097982
W0000458,0.5674613
W0000459,2.094002
W0000460,0.35687962
W0000461,1.85709
W0000462,0.28321177
W0000463,0.8540142
W0000464,0.55885804
W0000465,0.688308
W0000466,0.30477175
W0000467,2.2067943
W0000468,1.0075761
W0000469,0.47664607
W0000470,0.9524253
W0000471,1.0339321
W0000472,0.3681557
W0000473,0.6795056
W0000474,0.7938083
W0000475,0.72935027
W0000476,0.58471024
W0000477,0.8135938
W0000478,0.7002673
W0000479,0.935704
W0000480,1.0667322
W0000481,0.57873553
W0000482,0.6581192
W0000483,0.8763349
W0000484,0.30804667
W0000485,0.6077586
W0000486,1.5777718
W0000487,0.9028799
W0000488,0.73694366
W0000489,0.3519707
W0000490,1.8324623
W0000491,0.5370142
W0000492,1.3384124
W0000493,0.3883087
W0000494,0.29906783
W0000495,0.39138585
W0000496,0.4345183
W0000497,0.31252828
W0000498,0.40371644
W0000499,0.858321
W0000500,0.4794511
