wallet_id,isolation_forest_raw_score,isolation_forest_anomaly_score,isolation_forest_flag
W0000001,-0.08567250268193222,0.17437485946510362,0
W0000002,-0.07560872431551974,0.20902674587463815,0
W0000003,-0.09698830938242747,0.13541195367154213,0
W0000004,-0.032201544150076866,0.3584875767561235,0
W0000005,-0.0704703285802209,0.22671941545300098,0
W0000006,-0.07813080673125283,0.2003426403425504,0
W0000007,-0.11392022254068912,0.07711151122396667,0
W0000008,-0.0792305688822364,0.1965559081882956,0
W0000009,-0.04508952822339529,0.3141113053502459,0
W0000010,-0.10325972867442984,0.11381802532567195,0
W0000011,0.061331997085036116,0.6805449123168665,1
W0000012,-0.037023551132285226,0.34188430588410895,0
W0000013,-0.11719732700499608,0.06582769241210386,0
W0000014,0.002498044969865054,0.47796618378255984,1
W0000015,-0.10631856855873784,0.10328574129110421,0
W0000016,0.0002870954349912802,0.47035337978884767,1
W0000017,-0.05788216969462845,0.27006332028943264,0
W0000018,-0.10791871433477668,0.09777607408151516,0
W0000019,0.016347412725424393,0.525652718683923,1
W0000020,-0.10863706424940789,0.09530263133091005,0
W0000021,-0.051036666251343676,0.2936339514277793,0
W0000022,-0.1094772933398876,0.09240953075364959,0
W0000023,-0.062361463312244514,0.2546400897709017,0
W0000024,-0.04115996095820751,0.32764170253847935,0
W0000025,-0.0974981382878069,0.13365649635975685,0
W0000026,-0.05902356646037743,0.26613323065163363,0
W0000027,-0.10025332375878976,0.12416976379255985,0
W0000028,-0.09258241163526632,0.15058246545230555,0
W0000029,-0.08029851066278315,0.19287874083383466,0
W0000030,-0.0986182148783421,0.12979981695247372,0
W0000031,-0.00826423440319668,0.44090919894397634,0
W0000032,-0.11469982090226194,0.07442717608792664,0
W0000033,-0.09729968138010336,0.13433982879937834,0
W0000034,-0.08384304415885346,0.1806741028133331,0
W0000035,-0.10992430603717362,0.09087036398685433,0
W0000036,-0.09736486018554535,0.13411540329235178,0
W0000037,0.02228565871090138,0.5460994552741661,1
W0000038,-0.12343108514777468,0.04436344000080215,0
W0000039,-0.05077986341234719,0.29451818222883225,0
W0000040,-0.03221144624369987,0.3584534815871971,0
W0000041,-0.06471250755402613,0.24654490771861165,0
W0000042,-0.04665116818686754,0.3087342224439457,0
W0000043,-0.08049059367072953,0.1922173551861962,0
W0000044,0.029622146010443107,0.5713606559179695,1
W0000045,-0.07355645796372329,0.21609316744269494,0
W0000046,-0.10652644440468806,0.10256997729681815,0
W0000047,-0.0818180942536329,0.1876464676196652,0
W0000048,-0.07851951227003345,0.19900423843362752,0
W0000049,-0.1147022482746658,0.0744188180905871,0
W0000050,-0.09178436071904278,0.15333033694660406,0
W0000051,-0.1024276270983765,0.11668314101530472,0
W0000052,-0.11704062223469969,0.06636726271089596,0
W0000053,-0.09845868734556029,0.13034910666692112,0
W0000054,-0.017389176140656715,0.4094899413781122,0
W0000055,-0.09074070742118173,0.1569238735102783,0
W0000056,-0.006080403366957088,0.44842862775591735,0
W0000057,-0.0979681112993599,0.1320382719892527,0
W0000058,-0.018990265923870542,0.40397702373630906,0
W0000059,-0.11607441787709577,0.06969412489218457,0
W0000060,-0.08286917844919306,0.18402734477878815,0
W0000061,-0.10957621976089266,0.09206890450188215,0
W0000062,0.05981736976675267,0.675329704680627,1
W0000063,-0.126247574625788,0.03466562374210028,0
W0000064,-0.05278213210968152,0.28762391399922205,0
W0000065,-0.026232092977334698,0.37904175993005834,0
W0000066,-0.09971605735789263,0.12601969466521115,0
W0000067,-0.08801937961991285,0.16629402639116825,0
W0000068,-0.08697858042566087,0.16987773562454353,0
W0000069,-0.07900710745876077,0.1973253368840858,0
W0000070,-0.07868502787574289,0.19843433041705294,0
W0000071,-0.09985161744382426,0.1255529303418784,0
W0000072,-0.04934516477995449,0.29945817715236006,0
W0000073,-0.06662104962082582,0.23997336167510147,0
W0000074,-0.036316979068004906,0.34431719480715073,0
W0000075,-0.02938664096476923,0.36817993104689956,0
W0000076,-2.4964820434014712e-05,0.469278885088128,0
W0000077,-0.10273897362131773,0.11561110385846805,0
W0000078,-0.07874828203799489,0.1982165318959128,0
W0000079,-0.024058465403551665,0.38652605589137845,0
W0000080,-0.0492364815020116,0.29983239848999027,0
W0000081,0.049088309643365635,0.6383871013024083,1
W0000082,-0.0712816693577632,0.2239257839321946,0
W0000083,-0.07661053986825767,0.20557726621870304,0
W0000084,-0.12073109890478145,0.053660109024412525,0
W0000085,-0.11824473004106961,0.062221244643723604,0
W0000086,-0.058628201161532,0.26749456363483876,0
W0000087,-0.02411272285489241,0.38633923509979534,0
W0000088,-0.07129113190883557,0.22389320220861467,0
W0000089,-0.029069056770343216,0.36927344593067746,0
W0000090,-0.08989032715639783,0.159851926898114,0
W0000091,-0.0639477344652753,0.24917819605581396,0
W0000092,-0.08149840416923093,0.18874723356339101,0
W0000093,-0.09369871045151346,0.14673879378433707,0
W0000094,0.022334221384676778,0.5462666676465118,1
W0000095,-0.07271173352037175,0.21900174654615243,0
W0000096,-0.126784459215662,0.03281700753196654,0
W0000097,-0.1363153426586981,0.0,0
W0000098,-0.050762209933509106,0.2945789671866441,0
W0000099,-0.07955202327183802,0.19544906733898815,0
W0000100,-0.07495910885037427,0.21126352022404407,0
W0000101,-0.026381932070808356,0.37852582972395543,0
W0000102,-0.08464482300153048,0.17791339521719435,0
W0000103,-0.10042981313026006,0.12356207059523251,0
W0000104,-0.05919596665771587,0.26553961741437365,0
W0000105,-0.09749652170132689,0.13366206263606353,0
W0000106,-0.07035432653057411,0.22711883699243485,0
W0000107,-0.09779897496127932,0.1326206470139704,0
W0000108,-0.1093272460480631,0.0929261778342047,0
W0000109,-0.0565957130997401,0.2744928840351572,0
W0000110,-0.09481297825788287,0.1429021153470437,0
W0000111,-0.07814437126051804,0.20029593457159803,0
W0000112,-0.04935528073336448,0.29942334561536427,0
W0000113,0.01581558173770392,0.5238215031797078,1
W0000114,-0.06617714566512689,0.24150182433490724,0
W0000115,-0.10164711389255743,0.11937062616893747,0
W0000116,-0.08281248320774481,0.18422255943824276,0
W0000117,-0.09005699185007293,0.15927806230934444,0
W0000118,-0.09780211785725629,0.13260982530561932,0
W0000119,-0.10595154331519718,0.10454949299404798,0
W0000120,-0.07186353153996816,0.2219222996035788,0
W0000121,-0.09130453778851061,0.1549824768368248,0
W0000122,-0.07824319932065377,0.19995564699875887,0
W0000123,-0.10142722322451936,0.12012775993857633,0
W0000124,-0.008777790744272485,0.43914090722013954,0
W0000125,-0.07810757249917771,0.2004226411078064,0
W0000126,-0.046003012736701654,0.3109659696284652,0
W0000127,-0.06970173734432811,0.22936585054247074,0
W0000128,-0.1032780093761394,0.11375508069632276,0
W0000129,-0.07666846096996932,0.20537783064250573,0
W0000130,-0.09374329852618984,0.146585266864064,0
W0000131,-0.034190666413280446,0.3516385747004694,0
W0000132,-0.09326369653917643,0.14823664599530972,0
W0000133,-0.037936273418058275,0.33874159468573695,0
W0000134,-0.04433838982066024,0.3166976463507873,0
W0000135,-0.09395012225875293,0.14587312553636037,0
W0000136,-0.11314071545771776,0.07979553206694359,0
W0000137,-0.10694787135096712,0.10111890811179747,0
W0000138,-0.08856353467254363,0.16442037631796438,0
W0000139,-0.10968737051588673,0.09168618707745606,0
W0000140,0.101971915619961,0.8204774296569681,1
W0000141,-0.03222432974516237,0.3584091207504436,0
W0000142,-0.09179033060356367,0.1533097812713135,0
W0000143,-0.06956658316979347,0.22983121722019678,0
W0000144,-0.061186961742185964,0.2586841668075462,0
W0000145,-0.0705387991831461,0.22648365553574418,0
W0000146,-0.0016291207495919835,0.46375541000585835,0
W0000147,-0.05444862664527356,0.28188579286350884,0
W0000148,-0.10212733204549035,0.11771712543776426,0
W0000149,-0.08725399333377881,0.16892942610694983,0
W0000150,0.025678531941991878,0.5577818923793078,1
W0000151,-0.059566778368992546,0.26426282803858925,0
W0000152,-0.020401193423122077,0.39911887825097864,0
W0000153,-0.10442449138631599,0.10980748140103185,0
W0000154,-0.024011354814704622,0.3866882684038144,0
W0000155,-0.09855759743420417,0.13000853665120182,0
W0000156,-0.017522332724810297,0.4090314528601047,0
W0000157,-0.040976006490830774,0.32827509976524455,0
W0000158,-0.07375534914079318,0.21540833971450427,0
W0000159,-0.12097519029484705,0.05281964664396828,0
W0000160,-0.03862521009655856,0.3363694284219777,0
W0000161,-0.10278102490707358,0.1154663116815805,0
W0000162,-0.09213992823843886,0.15210603680361262,0
W0000163,-0.08418743995392147,0.17948826946763394,0
W0000164,-0.11301469251573992,0.08022945782637662,0
W0000165,-0.11784226219729738,0.06360703331057571,0
W0000166,0.01903946171279025,0.5349220579243855,1
W0000167,-0.09125849505885258,0.15514101246628778,0
W0000168,-0.09085506959050577,0.1565300984531695,0
W0000169,0.01842393206768711,0.5328026488349523,1
W0000170,-0.07332095601243444,0.21690405442451885,0
W0000171,-0.003966129132202345,0.4557085566209887,0
W0000172,-0.06670214105437733,0.2396941453567462,0
W0000173,-0.06895544339099613,0.23193551099776163,0
W0000174,0.011115644703944327,0.5076385470079634,1
W0000175,-0.11417124914779947,0.07624716930797319,0
W0000176,-0.09910528119938761,0.12812273641509744,0
W0000177,-0.03275755885524889,0.35657309119174,0
W0000178,-0.11138381470713421,0.08584494244001299,0
W0000179,-0.09030623602438342,0.15841985771639847,0
W0000180,-0.07709916884141144,0.20389480511337488,0
W0000181,-0.08061077149941626,0.19180355548622513,0
W0000182,-0.027927979614115916,0.3732024350799286,0
W0000183,-0.04837816888929575,0.3027877647626582,0
W0000184,-0.0419730818812879,0.32484194157018986,0
W0000185,-0.1132649064620081,0.07936791408718785,0
W0000186,-0.048520275317389006,0.30229845988877635,0
W0000187,-0.10569672005975,0.10542690763701484,0
W0000188,-0.04821603004862279,0.3033460458063191,0
W0000189,-0.10162868447862866,0.1194340828484074,0
W0000190,-0.10758327649459004,0.09893106314351599,0
W0000191,-0.022213139793970216,0.3928799332407875,0
W0000192,0.11352135298814914,0.860244779175731,1
W0000193,-0.05296630408704972,0.2869897678359002,0
W0000194,-0.09673247377306232,0.13629285408016228,0
W0000195,0.05850226460147545,0.6708014973667746,1
W0000196,-0.07475165232500641,0.21197784040183693,0
W0000197,-0.11304619558215695,0.0801209855767613,0
W0000198,-0.08086842190975163,0.19091640630355747,0
W0000199,-0.09863650162209547,0.12973685151898834,0
W0000200,-0.015715755707454315,0.41525190996043443,0
W0000201,-0.08771179838618293,0.16735309879765978,0
W0000202,-0.1011258285743798,0.12116553052541017,0
W0000203,-0.08468904423883422,0.17776113140174182,0
W0000204,-0.09110423016791191,0.15567218170344982,0
W0000205,-0.09126351556705264,0.15512372571040617,0
W0000206,-0.09078256651405031,0.15677974309737802,0
W0000207,-0.06383769664900135,0.2495570813781501,0
W0000208,-0.07170142476351288,0.2224804702428182,0
W0000209,-0.11011866718308677,0.09020113419011247,0
W0000210,-0.10382032497185811,0.11188776429320299,0
W0000211,-0.048100892976904897,0.30374248902927503,0
W0000212,-0.08508536256727844,0.1763965169200577,0
W0000213,-0.020848267212289384,0.39757950113088925,0
W0000214,-0.06507501719351344,0.24529670427130604,0
W0000215,-0.09454738698978837,0.14381660671582128,0
W0000216,-0.052399343367092566,0.2889419430280916,0
W0000217,-0.06639327556200764,0.2407576397589222,0
W0000218,-0.10073353201096485,0.12251629715195612,0
W0000219,-0.07352059077260537,0.2162166663699562,0
W0000220,-0.04083981592318714,0.32874403498104654,0
W0000221,-0.11359443189864121,0.07823328278038438,0
W0000222,-0.011023772149474365,0.43140748049934363,0
W0000223,-0.07617070193147485,0.2070917286471354,0
W0000224,-0.10741518973806569,0.09950982421932308,0
W0000225,-0.1239990551284535,0.04240778969353849,0
W0000226,-0.103076626014593,0.11444848958461526,0
W0000227,-0.09729389114800341,0.13435976589037013,0
W0000228,-0.09788387027038764,0.1323283330836734,0
W0000229,-0.08909113395704715,0.16260373153399496,0
W0000230,0.008805255513232302,0.49968334957778504,1
W0000231,-0.08256957784335517,0.1850589380615229,0
W0000232,-0.04140573629849953,0.32679544193297083,0
W0000233,-0.1188140070425674,0.060261093965396056,0
W0000234,-0.06182873416978257,0.25647439782693454,0
W0000235,-0.08871784493500129,0.16388905085631134,0
W0000236,-0.027615948713973826,0.3742768287037066,0
W0000237,-0.12005186375324939,0.055998870716025814,0
W0000238,0.002731343219494531,0.47876948291648,1
W0000239,-0.05305812180868569,0.2866736184589296,0
W0000240,-0.06550302314624779,0.24382298206511618,0
W0000241,-0.09187426084791617,0.15302079027928872,0
W0000242,-0.007812429105762075,0.44246486772720206,0
W0000243,-0.10752315246001065,0.09913808392049188,0
W0000244,-0.09277402142621394,0.1499227091988261,0
W0000245,0.01741845009612808,0.529340544861997,1
W0000246,-0.06875236395587586,0.23263475985457133,0
W0000247,-0.10483352685971509,0.10839907888602808,0
W0000248,-0.09886858776675395,0.12893772593919886,0
W0000249,-0.09667463138723065,0.1364920186196145,0
W0000250,-0.043794751909885854,0.3185695157865195,0
W0000251,-0.12420229512940772,0.041707987971906356,0
W0000252,-0.08915101459550145,0.16239754882544347,0
W0000253,-0.11605818964505171,0.06975000239991021,0
W0000254,-0.008340528810372616,0.44064649988256155,0
W0000255,-0.06922129947554823,0.2310201078054647,0
W0000256,-0.130588936338716,0.019717324260351055,0
W0000257,-0.09605781590519841,0.13861585513914257,0
W0000258,-0.08641809527637173,0.17180761394859506,0
W0000259,0.011537542120195088,0.5090912361285019,1
W0000260,-0.06325258045212256,0.2515717700221579,0
W0000261,-0.1135475471015186,0.07839471784036635,0
W0000262,-0.10840022105869601,0.09611813650626352,0
W0000263,-0.09041691490434134,0.15803876506544778,0
W0000264,-0.06587195470584234,0.2425526664807995,0
W0000265,-0.06602409369244505,0.24202881721760292,0
W0000266,-0.05183545248220911,0.29088354807730127,0
W0000267,-0.08628248776533598,0.17227454156738817,0
W0000268,-0.1182126226604539,0.06233179768508593,0
W0000269,-0.09492195536080417,0.14252688230293453,0
W0000270,-0.05493710401673396,0.2802038537574206,0
W0000271,-0.03940153916504063,0.3336963502084071,0
W0000272,-0.10118607409237662,0.12095809145329417,0
W0000273,-0.10555632633598444,0.10591031527889737,0
W0000274,-0.08336532235787142,0.18231900803483883,0
W0000275,-0.06106409585579131,0.25910722210387144,0
W0000276,-0.11822312879576341,0.062295622662734154,0
W0000277,-0.10709495667601876,0.1006124597590387,0
W0000278,-0.06757570829201132,0.23668625392795525,0
W0000279,-0.09400656870026164,0.145678767551897,0
W0000280,-0.033065212397141774,0.35551376981173594,0
W0000281,-0.044813617958557095,0.31506132738057063,0
W0000282,-0.08112000666158536,0.19005014256786062,0
W0000283,-0.10758667588259319,0.09891935827456338,0
W0000284,-0.07002221024586602,0.22826238918063388,0
W0000285,-0.10474387185694334,0.10870778152821481,0
W0000286,-0.08840127574526291,0.16497907084723082,0
W0000287,-0.07650555572952916,0.20593875057552913,0
W0000288,-0.055463847532672306,0.27839015557998736,0
W0000289,-0.02153269386621609,0.3952228639113456,0
W0000290,-0.10785292115444878,0.09800261502153162,0
W0000291,-0.05830969303520872,0.26859125982706644,0
W0000292,-0.08432484180672939,0.1790151635204829,0
W0000293,-0.061144700765630444,0.258829680997728,0
W0000294,-0.10322376626665469,0.1139418521056214,0
W0000295,-0.1095212102008089,0.09225831497556891,0
W0000296,-0.09958358123054306,0.12647584021509858,0
W0000297,0.005038845810676373,0.48671474112548446,1
W0000298,-0.04453132181213221,0.3160333374590529,0
W0000299,-0.06790598642809642,0.2355490309051023,0
W0000300,-0.04627533584641347,0.3100282989921643,0
W0000301,0.0022392806810934696,0.47707519926214526,1
W0000302,-0.10421747998691139,0.1105202689085139,0
W0000303,-0.09551390359494366,0.14048866939492927,0
W0000304,-0.08642741308077795,0.1717755306208314,0
W0000305,-0.078216765341795,0.20004666522267198,0
W0000306,-0.10200873976855962,0.11812546572106848,0
W0000307,-0.04493585478779183,0.3146404380716566,0
W0000308,-0.08032654051239829,0.19278222766258063,0
W0000309,-0.11290314845334704,0.08061352949796634,0
W0000310,-0.10964822657793888,0.09182096859211239,0
W0000311,-0.0830476632772188,0.18341278076899092,0
W0000312,-0.09041324491470926,0.15805140167758538,0
W0000313,-0.051832523214494164,0.29089363421477626,0
W0000314,-0.10115442947240827,0.12106705110410244,0
W0000315,-0.06324588591436736,0.2515948208439677,0
W0000316,-0.02513818837480336,0.38280832320775254,0
W0000317,-0.07937429453528566,0.19606102795323188,0
W0000318,-0.052758840782441696,0.2877041113561646,0
W0000319,-0.09228483982630559,0.15160707312423133,0
W0000320,0.03785740787078562,0.599716542558892,1
W0000321,-0.0765833777218285,0.20567079168979688,0
W0000322,-0.09034371056174739,0.15829082432906555,0
W0000323,-0.05850622870119193,0.26791454266129483,0
W0000324,-0.04297551788141424,0.32139032557225244,0
W0000325,-0.0992372882433496,0.1276682060264021,0
W0000326,-0.09523322488929742,0.1414551102555596,0
W0000327,-0.11022389181803866,0.08983882174988558,0
W0000328,-0.08641342722491185,0.17182368711545665,0
W0000329,-0.001762765895874041,0.46329523925690713,0
W0000330,-0.03160134146372873,0.36055421162752,0
W0000331,0.017296207545847264,0.5289196358542152,1
W0000332,-0.10704670168522873,0.1007786127086237,0
W0000333,0.021862623591313413,0.5446428487813075,1
W0000334,-0.10061947856199499,0.12290900921440671,0
W0000335,-0.08764469915539447,0.1675841367675746,0
W0000336,-0.05432428450578658,0.28231393123624976,0
W0000337,-0.10961202352091504,0.09194562398236372,0
W0000338,-0.09113748845854241,0.15555766581616143,0
W0000339,0.031178761484754736,0.576720438361032,1
W0000340,-0.11272336613077893,0.08123256107768234,0
W0000341,-0.0420007182289332,0.3247467833160519,0
W0000342,-0.03402524817866387,0.3522081474461421,0
W0000343,-0.09363109097259859,0.14697162308732034,0
W0000344,-0.1116057400960831,0.08508080266176488,0
W0000345,-0.0018296774120620252,0.4630648476312157,0
W0000346,-0.11484921734272968,0.07391277003717789,0
W0000347,-0.09734585390822464,0.13418084624417426,0
W0000348,-0.05139280680428848,0.29240767819945984,0
W0000349,-0.0870492597228919,0.16963437066856143,0
W0000350,-0.0113788088803215,0.4301850079825017,0
W0000351,-0.07789468549911677,0.20115565964970897,0
W0000352,-0.024728341747064675,0.3842195187123287,0
W0000353,-0.11518419470399727,0.07275936650921964,0
W0000354,-0.10759112593457965,0.0989040357296566,0
W0000355,-0.08645988342311761,0.17166372781939174,0
W0000356,-0.11393231590747566,0.07706987100128505,0
W0000357,-0.0875030371523226,0.1680719113846485,0
W0000358,-0.05245750573390473,0.28874167672107404,0
W0000359,-0.12054889716017297,0.05428747122655159,0
W0000360,-0.04528076068838133,0.3134528483161932,0
W0000361,-0.10801875925128412,0.09743159659438791,0
W0000362,-0.10605562030957133,0.10419113214232899,0
W0000363,-0.11426693618240275,0.07591769700311758,0
W0000364,-0.10452318513891762,0.10946765627969408,0
W0000365,-0.10844255447191753,0.09597237290010385,0
W0000366,-0.09236894904055831,0.1513174658979824,0
W0000367,-0.023863162893119183,0.38719852702106766,0
W0000368,-0.08898189860800865,0.16297985377844154,0
W0000369,-0.0639558670317219,0.24915019377292721,0
W0000370,-0.11971732395806445,0.05715076760406807,0
W0000371,-0.10266027848620857,0.11588206917422726,0
W0000372,-0.07377672011403641,0.21533475457477613,0
W0000373,-0.11778439022097681,0.06380629973683649,0
W0000374,-0.055122708274915944,0.27956477592427664,0
W0000375,-0.09955235975660165,0.12658334287753467,0
W0000376,-0.044584107169949594,0.3158515854215399,0
W0000377,-0.005217958461518346,0.45139822245580524,0
W0000378,-0.0778826014751805,0.2011972677028242,0
W0000379,-0.08742799533555046,0.16833029749134498,0
W0000380,-0.07862618594827614,0.19863693660654344,0
W0000381,-0.004245528025019596,0.4547465224481014,0
W0000382,-0.059810098047667515,0.2634250228366395,0
W0000383,-0.02741044769252282,0.3749844156350851,0
W0000384,-0.09664131971381079,0.13660671831603355,0
W0000385,-0.03965633098667487,0.3328190437992343,0
W0000386,-0.1261036763775904,0.035161098261662055,0
W0000387,-0.01683114174238526,0.41141138120691956,0
W0000388,-0.11188530489837267,0.08411819722468829,0
W0000389,-0.10604347622116339,0.10423294701113252,0
W0000390,-0.1031583432594802,0.1141671184549626,0
W0000391,-0.08137234223102358,0.18918129359574487,0
W0000392,-0.075420095294707,0.20967623865605306,0
W0000393,-0.03530666156940088,0.34779594860364077,0
W0000394,-0.10899623575053607,0.0940659218560498,0
W0000395,-0.07892963173153256,0.19759210350012815,0
W0000396,-0.04383292191617999,0.31843808774088905,0
W0000397,-0.07594578495950349,0.20786616912868847,0
W0000398,0.15410978016068788,1.0,1
W0000399,-0.034067068195369477,0.35206415158139176,0
W0000400,-0.09048935196534486,0.15778934772751121,0
W0000401,0.006783202174929337,0.4927209583126173,1
W0000402,-0.07243248622804194,0.21996325872395212,0
W0000403,-0.06440195771040214,0.24761420172668244,0
W0000404,-0.12792649822063917,0.02888470651788589,0
W0000405,-0.03493794941503059,0.34906550872568154,0
W0000406,0.005884172270249954,0.4896253931082307,1
W0000407,-0.10808672197957042,0.09719758540545725,0
W0000408,0.0481327434390153,0.6350968687113917,1
W0000409,-0.04241600824229286,0.3233168449920939,0
W0000410,-0.028334795134649704,0.37180167636944067,0
W0000411,-0.1199486355338108,0.056354309041871976,0
W0000412,-0.10766929228021394,0.09863489115677851,0
W0000413,-0.08139444356275094,0.18910519366501985,0
W0000414,0.0070362574247568865,0.4935922853086118,1
W0000415,-0.11440667028962709,0.07543656057157257,0
W0000416,-0.046611961511781985,0.30886921997688965,0
W0000417,-0.08444184681056788,0.17861228858079922,0
W0000418,-0.1051752750020784,0.10722236201303273,0
W0000419,-0.03576190395823142,0.34622844513007367,0
W0000420,-0.08655231993323653,0.17134544781240899,0
W0000421,-0.11857186676522635,0.061094838219303546,0
W0000422,-0.06097004896537345,0.2594310470178626,0
W0000423,-0.09934469374466587,0.12729838436540528,0
W0000424,-0.08015413372804492,0.1933758635804368,0
W0000425,-0.10617240290278046,0.10378902301321706,0
W0000426,-0.1105993035387754,0.08854619349137846,0
W0000427,-0.08527261439504835,0.17575176612869328,0
W0000428,-0.04901676670145705,0.30058892670773396,0
W0000429,-0.06866334785326544,0.23294126261764592,0
W0000430,-0.10654217143072153,0.10251582555580897,0
W0000431,0.00246696287359216,0.47785916102925546,1
W0000432,-0.09544871257437654,0.14071313696142027,0
W0000433,-0.03495382730072932,0.34901083754040463,0
W0000434,-0.08049717154224684,0.19219470607287759,0
W0000435,-0.07882314305186289,0.1979587683348914,0
W0000436,0.0042370479610543965,0.483953968084095,1
W0000437,-0.07013060914023289,0.2278891470405788,0
W0000438,-0.06794078178796881,0.23542922253751136,0
W0000439,0.01601198975995599,0.5244977808389729,1
W0000440,-0.040924164671898966,0.32845360298297077,0
W0000441,-0.05972999729426337,0.26370082801708167,0
W0000442,-0.10627861602606342,0.10342330698200093,0
W0000443,-0.008600542303226766,0.43975121406730566,0
W0000444,-0.09388563546063922,0.146095168304175,0
W0000445,-0.09676047932360715,0.13619642457615463,0
W0000446,-0.07565933432299443,0.20885248406497312,0
W0000447,-0.10239544051202853,0.11679396678008533,0
W0000448,-0.10268094597933519,0.11581090627714044,0
W0000449,-0.026277691666103442,0.37888475323474874,0
W0000450,-0.10941398799599428,0.09262750550486519,0
W0000451,-0.12187308114518947,0.04972800346370245,0
W0000452,-0.0994519869661929,0.12692894930935555,0
W0000453,-0.0836969553516223,0.18117711992773752,0
W0000454,-0.09896098389737873,0.12861958496803277,0
W0000455,-0.0945179401261747,0.14391799898976718,0
W0000456,-0.08655213093458974,0.171346098577897,0
W0000457,-0.10711790181026787,0.10053345442359676,0
W0000458,-0.08538153893041972,0.17537671408665936,0
W0000459,0.03606826393403184,0.5935561115349325,1
W0000460,-0.10815672644664986,0.09695654404374635,0
W0000461,0.01430633814464477,0.5186248329384844,1
W0000462,-0.11848727464136216,0.061386108213589814,0
W0000463,-0.0757612907108261,0.20850142494570031,0
W0000464,-0.06908917641472961,0.2314750376666833,0
W0000465,-0.01423805403828271,0.4203399741569006,0
W0000466,-0.11819414534071565,0.0623954193151945,0
W0000467,0.04785368416283331,0.6341360039161118,1
W0000468,-0.032516982650467596,0.3574014499867569,0
W0000469,-0.11074862998479518,0.0880320284474933,0
W0000470,-0.04556499209259296,0.31247417470334465,0
W0000471,-0.04240520868199793,0.32335403034365745,0
W0000472,-0.10824313167101673,0.09665903113051051,0
W0000473,-0.09065860390606428,0.15720657465651663,0
W0000474,-0.07185577268610144,0.22194901510873688,0
W0000475,-0.0862321584453023,0.1724478369061147,0
W0000476,-0.09649845398033136,0.1370986376517044,0
W0000477,-0.052583554250506204,0.2883076629023733,0
W0000478,-0.060862249914927946,0.25980222375835604,0
W0000479,-0.05305006148253505,0.2867013720019853,0
W0000480,-0.03346675472441252,0.3541311679094878,0
W0000481,-0.06936812714717894,0.23051454661225476,0
W0000482,-0.09514340677399558,0.14176437453142496,0
W0000483,-0.04022842875858612,0.33084918056441,0
W0000484,-0.1257219154618825,0.03647558824793408,0
W0000485,-0.08962722790038269,0.1607578377003925,0
W0000486,0.0332976591002242,0.5840162865813914,1
W0000487,-0.07819647307601263,0.20011653612635064,0
W0000488,-0.05714613666000096,0.2725976500591242,0
W0000489,-0.10920487361018127,0.09334753407464925,0
W0000490,0.07997903091934755,0.7447509068027772,1
W0000491,-0.09256803261377222,0.15063197570594514,0
W0000492,-0.047993404288354524,0.30411259712291,0
W0000493,-0.1167162485069646,0.06748415550786246,0
W0000494,-0.10373481047449096,0.11218221023003173,0
W0000495,-0.09775349802787875,0.13277723447775136,0
W0000496,-0.06271640506660037,0.25341794427980174,0
W0000497,-0.12297505876593162,0.04593364294129176,0
W0000498,-0.11192381298683712,0.08398560508496353,0
W0000499,-0.0885598457896623,0.16443307798387233,0
W0000500,-0.10558105089142739,0.10582518299005499,0
