wallet_id,routing_action
W0000001,CLEAR
W0000002,REVIEW
W0000003,REVIEW
W0000004,REVIEW
W0000005,CLEAR
W0000006,REVIEW
W0000007,CLEAR
W0000008,REVIEW
W0000009,REVIEW
W0000010,CLEAR
W0000011,REVIEW
W0000012,HOLD
W0000013,CLEAR
W0000014,REVIEW
W0000015,REVIEW
W0000016,REVIEW
W0000017,CLEAR
W0000018,REVIEW
W0000019,HOLD
W0000020,REVIEW
W0000021,CLEAR
W0000022,CLEAR
W0000023,REVIEW
W0000024,REVIEW
W0000025,CLEAR
W0000026,REVIEW
W0000027,CLEAR
W0000028,CLEAR
W0000029,REVIEW
W0000030,CLEAR
W0000031,REVIEW
W0000032,CLEAR
W0000033,CLEAR
W0000034,CLEAR
W0000035,CLEAR
W0000036,CLEAR
W0000037,REVIEW
W0000038,CLEAR
W0000039,REVIEW
W0000040,REVIEW
W0000041,CLEAR
W0000042,CLEAR
W0000043,CLEAR
W0000044,CLEAR
W0000045,CLEAR
W0000046,CLEAR
W0000047,CLEAR
W0000048,CLEAR
W0000049,CLEAR
W0000050,REVIEW
W0000051,REVIEW
W0000052,CLEAR
W0000053,CLEAR
W0000054,REVIEW
W0000055,CLEAR
W0000056,HOLD
W0000057,CLEAR
W0000058,REVIEW
W0000059,CLEAR
W0000060,CLEAR
W0000061,CLEAR
W0000062,HOLD
W0000063,CLEAR
W0000064,REVIEW
W0000065,REVIEW
W0000066,CLEAR
W0000067,REVIEW
W0000068,REVIEW
W0000069,CLEAR
W0000070,CLEAR
W0000071,CLEAR
W0000072,REVIEW
W0000073,REVIEW
W0000074,REVIEW
W0000075,REVIEW
W0000076,HOLD
W0000077,CLEAR
W0000078,CLEAR
W0000079,REVIEW
W0000080,CLEAR
W0000081,REVIEW
W0000082,REVIEW
W0000083,CLEAR
W0000084,CLEAR
W0000085,CLEAR
W0000086,REVIEW
W0000087,HOLD
W0000088,CLEAR
W0000089,CLEAR
W0000090,REVIEW
W0000091,REVIEW
W0000092,REVIEW
W0000093,CLEAR
W0000094,REVIEW
W0000095,CLEAR
W0000096,CLEAR
W0000097,CLEAR
W0000098,REVIEW
W0000099,REVIEW
W0000100,CLEAR
W0000101,REVIEW
W0000102,CLEAR
W0000103,REVIEW
W0000104,REVIEW
W0000105,CLEAR
W0000106,REVIEW
W0000107,REVIEW
W0000108,REVIEW
W0000109,REVIEW
W0000110,REVIEW
W0000111,CLEAR
W0000112,REVIEW
W0000113,REVIEW
W0000114,REVIEW
W0000115,CLEAR
W0000116,CLEAR
W0000117,CLEAR
W0000118,CLEAR
W0000119,CLEAR
W0000120,CLEAR
W0000121,REVIEW
W0000122,CLEAR
W0000123,CLEAR
W0000124,REVIEW
W0000125,REVIEW
W0000126,REVIEW
W0000127,CLEAR
W0000128,CLEAR
W0000129,REVIEW
W0000130,CLEAR
W0000131,REVIEW
W0000132,CLEAR
W0000133,HOLD
W0000134,REVIEW
W0000135,CLEAR
W0000136,CLEAR
W0000137,CLEAR
W0000138,CLEAR
W0000139,CLEAR
W0000140,REVIEW
W0000141,REVIEW
W0000142,CLEAR
W0000143,REVIEW
W0000144,REVIEW
W0000145,CLEAR
W0000146,REVIEW
W0000147,CLEAR
W0000148,CLEAR
W0000149,CLEAR
W0000150,HOLD
W0000151,REVIEW
W0000152,CLEAR
W0000153,CLEAR
W0000154,HOLD
W0000155,REVIEW
W0000156,REVIEW
W0000157,REVIEW
W0000158,CLEAR
W0000159,CLEAR
W0000160,REVIEW
W0000161,CLEAR
W0000162,CLEAR
W0000163,REVIEW
W0000164,CLEAR
W0000165,CLEAR
W0000166,REVIEW
W0000167,CLEAR
W0000168,CLEAR
W0000169,REVIEW
W0000170,CLEAR
W0000171,CLEAR
W0000172,REVIEW
W0000173,CLEAR
W0000174,REVIEW
W0000175,CLEAR
W0000176,REVIEW
W0000177,CLEAR
W0000178,CLEAR
W0000179,CLEAR
W0000180,REVIEW
W0000181,REVIEW
W0000182,REVIEW
W0000183,REVIEW
W0000184,REVIEW
W0000185,CLEAR
W0000186,REVIEW
W0000187,REVIEW
W0000188,CLEAR
W0000189,CLEAR
W0000190,CLEAR
W0000191,HOLD
W0000192,HOLD
W0000193,REVIEW
W0000194,CLEAR
W0000195,REVIEW
W0000196,REVIEW
W0000197,CLEAR
W0000198,REVIEW
W0000199,REVIEW
W0000200,HOLD
W0000201,CLEAR
W0000202,REVIEW
W0000203,CLEAR
W0000204,CLEAR
W0000205,CLEAR
W0000206,CLEAR
W0000207,CLEAR
W0000208,REVIEW
W0000209,CLEAR
W0000210,REVIEW
W0000211,REVIEW
W0000212,CLEAR
W0000213,HOLD
W0000214,HOLD
W0000215,CLEAR
W0000216,REVIEW
W0000217,CLEAR
W0000218,CLEAR
W0000219,REVIEW
W0000220,REVIEW
W0000221,CLEAR
W0000222,REVIEW
W0000223,REVIEW
W0000224,CLEAR
W0000225,CLEAR
W0000226,CLEAR
W0000227,CLEAR
W0000228,CLEAR
W0000229,CLEAR
W0000230,HOLD
W0000231,REVIEW
W0000232,REVIEW
W0000233,CLEAR
W0000234,CLEAR
W0000235,REVIEW
W0000236,CLEAR
W0000237,CLEAR
W0000238,REVIEW
W0000239,CLEAR
W0000240,REVIEW
W0000241,REVIEW
W0000242,HOLD
W0000243,CLEAR
W0000244,REVIEW
W0000245,REVIEW
W0000246,CLEAR
W0000247,CLEAR
W0000248,CLEAR
W0000249,REVIEW
W0000250,REVIEW
W0000251,CLEAR
W0000252,CLEAR
W0000253,CLEAR
W0000254,HOLD
W0000255,CLEAR
W0000256,CLEAR
W0000257,REVIEW
W0000258,REVIEW
W0000259,REVIEW
W0000260,REVIEW
W0000261,CLEAR
W0000262,CLEAR
W0000263,CLEAR
W0000264,CLEAR
W0000265,REVIEW
W0000266,REVIEW
W0000267,REVIEW
W0000268,REVIEW
W0000269,CLEAR
W0000270,HOLD
W0000271,REVIEW
W0000272,CLEAR
W0000273,CLEAR
W0000274,CLEAR
W0000275,REVIEW
W0000276,CLEAR
W0000277,CLEAR
W0000278,REVIEW
W0000279,REVIEW
W0000280,REVIEW
W0000281,CLEAR
W0000282,REVIEW
W0000283,CLEAR
W0000284,CLEAR
W0000285,CLEAR
W0000286,CLEAR
W0000287,REVIEW
W0000288,REVIEW
W0000289,REVIEW
W0000290,CLEAR
W0000291,REVIEW
W0000292,CLEAR
W0000293,REVIEW
W0000294,REVIEW
W0000295,CLEAR
W0000296,CLEAR
W0000297,REVIEW
W0000298,HOLD
W0000299,REVIEW
W0000300,REVIEW
W0000301,CLEAR
W0000302,REVIEW
W0000303,REVIEW
W0000304,CLEAR
W0000305,CLEAR
W0000306,CLEAR
W0000307,REVIEW
W0000308,CLEAR
W0000309,CLEAR
W0000310,CLEAR
W0000311,REVIEW
W0000312,CLEAR
W0000313,CLEAR
W0000314,CLEAR
W0000315,REVIEW
W0000316,REVIEW
W0000317,REVIEW
W0000318,REVIEW
W0000319,REVIEW
W0000320,REVIEW
W0000321,REVIEW
W0000322,REVIEW
W0000323,REVIEW
W0000324,HOLD
W0000325,REVIEW
W0000326,REVIEW
W0000327,CLEAR
W0000328,REVIEW
W0000329,HOLD
W0000330,HOLD
W0000331,REVIEW
W0000332,CLEAR
W0000333,CLEAR
W0000334,CLEAR
W0000335,CLEAR
W0000336,CLEAR
W0000337,CLEAR
W0000338,CLEAR
W0000339,REVIEW
W0000340,CLEAR
W0000341,HOLD
W0000342,CLEAR
W0000343,CLEAR
W0000344,CLEAR
W0000345,REVIEW
W0000346,CLEAR
W0000347,CLEAR
W0000348,HOLD
W0000349,REVIEW
W0000350,REVIEW
W0000351,CLEAR
W0000352,REVIEW
W0000353,CLEAR
W0000354,CLEAR
W0000355,REVIEW
W0000356,CLEAR
W0000357,CLEAR
W0000358,REVIEW
W0000359,CLEAR
W0000360,CLEAR
W0000361,CLEAR
W0000362,REVIEW
W0000363,CLEAR
W0000364,CLEAR
W0000365,CLEAR
W0000366,REVIEW
W0000367,CLEAR
W0000368,CLEAR
W0000369,REVIEW
W0000370,CLEAR
W0000371,CLEAR
W0000372,REVIEW
W0000373,CLEAR
W0000374,CLEAR
W0000375,CLEAR
W0000376,REVIEW
W0000377,HOLD
W0000378,REVIEW
W0000379,CLEAR
W0000380,CLEAR
W0000381,HOLD
W0000382,REVIEW
W0000383,REVIEW
W0000384,CLEAR
W0000385,REVIEW
W0000386,CLEAR
W0000387,HOLD
W0000388,CLEAR
W0000389,CLEAR
W0000390,CLEAR
W0000391,CLEAR
W0000392,REVIEW
W0000393,REVIEW
W0000394,CLEAR
W0000395,HOLD
W0000396,REVIEW
W0000397,CLEAR
W0000398,HOLD
W0000399,CLEAR
W0000400,CLEAR
W0000401,CLEAR
W0000402,REVIEW
W0000403,REVIEW
W0000404,CLEAR
W0000405,REVIEW
W0000406,REVIEW
W0000407,CLEAR
W0000408,HOLD
W0000409,HOLD
W0000410,REVIEW
W0000411,CLEAR
W0000412,REVIEW
W0000413,CLEAR
W0000414,HOLD
W0000415,REVIEW
W0000416,CLEAR
W0000417,REVIEW
W0000418,CLEAR
W0000419,REVIEW
W0000420,CLEAR
W0000421,CLEAR
W0000422,REVIEW
W0000423,CLEAR
W0000424,REVIEW
W0000425,CLEAR
W0000426,REVIEW
W0000427,REVIEW
W0000428,CLEAR
W0000429,CLEAR
W0000430,CLEAR
W0000431,REVIEW
W0000432,CLEAR
W0000433,CLEAR
W0000434,CLEAR
W0000435,REVIEW
W0000436,REVIEW
W0000437,REVIEW
W0000438,CLEAR
W0000439,REVIEW
W0000440,REVIEW
W0000441,REVIEW
W0000442,CLEAR
W0000443,REVIEW
W0000444,CLEAR
W0000445,CLEAR
W0000446,HOLD
W0000447,CLEAR
W0000448,CLEAR
W0000449,REVIEW
W0000450,CLEAR
W0000451,CLEAR
W0000452,CLEAR
W0000453,CLEAR
W0000454,CLEAR
W0000455,REVIEW
W0000456,CLEAR
W0000457,CLEAR
W0000458,REVIEW
W0000459,REVIEW
W0000460,CLEAR
W0000461,HOLD
W0000462,CLEAR
W0000463,CLEAR
W0000464,REVIEW
W0000465,REVIEW
W0000466,CLEAR
W0000467,HOLD
W0000468,REVIEW
W0000469,CLEAR
W0000470,REVIEW
W0000471,REVIEW
W0000472,CLEAR
W0000473,CLEAR
W0000474,REVIEW
W0000475,CLEAR
W0000476,REVIEW
W0000477,CLEAR
W0000478,HOLD
W0000479,REVIEW
W0000480,REVIEW
W0000481,REVIEW
W0000482,CLEAR
W0000483,REVIEW
W0000484,CLEAR
W0000485,CLEAR
W0000486,REVIEW
W0000487,REVIEW
W0000488,CLEAR
W0000489,CLEAR
W0000490,REVIEW
W0000491,REVIEW
W0000492,REVIEW
W0000493,REVIEW
W0000494,CLEAR
W0000495,REVIEW
W0000496,HOLD
W0000497,CLEAR
W0000498,CLEAR
W0000499,CLEAR
W0000500,REVIEW
