txid,wallet_id,amount_sats
07960020f2d54270074e94c37db724e24a9f92e6a4308188b54fda103e84bacf,W007,53792137
ab3213b224e8189ab81405862a8dc4b64b93728143905a3556d062a4e03482c4,W009,70493284
4dd355c8b7eac6a453f877e15f3ce2171dc34ef86a3a5925a4cdf2b4cfd59c54,W015,53542883
b8de550485356f6bb29d0f1c8096b53492934be542b84cf66e3f7957a4d3e407,W036,72456358
d61347af7b1a76b4ec5074ba579ffa1639bbbe89b7182d337344ec7595328a28,W003,42494421
03b1d4ce8bc38e08c71cf5ce5e787d5ecadcaacd1d3ceda5e35069b882b6dd49,W023,32424042
0e11bf30d20dac64e953a586e8a4ae398feec9b35a942786c3b56e7f0a8c2817,W023,22259865
0e11bf30d20dac64e953a586e8a4ae398feec9b35a942786c3b56e7f0a8c2817,W006,5337624
0e11bf30d20dac64e953a586e8a4ae398feec9b35a942786c3b56e7f0a8c2817,W027,39553434
84c07772221cd72a9ce986130533cf67bc67db40bb2062b9e349e9b4199720a2,W010,22575355
c26e55097a1ca665f34eb657c3e54e3017bcf842ba7920dab855aba5f0888a85,W016,48743794
d28c5f08af97c238fc7e93890b794c7f2da5c0486761517b3ad9233c91d1999e,W036,25374059
a552ebc5d51f8aa020d8618cb63c6fae6fd28ce21011afbb23f547e9573095e8,W008,13283654
d6cab21852d1f3c4a41536f58bf77ccda96ce7387966bed2d9791b6f6d37e231,W037,8735078
c9c94f428ddf73eb09a034423356b139a1059be46d9fdd951f19726fa718531c,W037,32184533
ee2e01d8f3f0ea099b6c5c314e0f2192fedd725bb1f632e056117628a7c5b321,W020,21416523
d8138c1695dd5da9f672150847a96908cab3c651b98579b285a2a053a029ffed,W015,26666273
20dafddcbb543d4eefd9993c77ca74c5c8d5c15fbe2bdeb5aaaba12f004d9cdb,W030,64104462
bfcc761b7ddab7507b4d81a791875b70c0124db6273c42b1931caebdaaefbc90,W019,10308436
20c63a99b7a065bc5a08d428c366db078435634a6a716ea9fc1b33ecbed62352,W019,12716077
7dbf5c13c77c2bced32d0fb90807d569e5eaaf4966891d617de2a3ecffc854a8,W008,65891271
dca6886b57ae5bb29571ea5cd558c0b3c66e845e9ff14ee1c4f7ed2fea899918,W013,32074459
8a198ddef711e7d134f64b9e1fe1bb31294e4b8ab822e151847ecc8b637c55af,W034,30422335
d2bccd5b0fcab7fcceb911c0ce0114a4e47d89bdf0c0ba92caa84b91a0a560dc,W023,31652595
2f63fc6ae10a774ac83de7cf802737b2b6ff8f605134ef16581a094028525af8,W044,56109863
689311ce86df7f9c90e8fbc3da4818adecf9aff1218087aabef0d0595e973115,W022,48414300
c6a6714a4fe63ef109c8f69266ff62bee3df46f3cc7f415d044eef2c089b3687,W043,31968691
c5282ce4d6e0a3a0b7c81993cfe42e547a10617da37fa334d57d7ffa5ef8a1e9,W021,36239922
ba4b4b29d0d3f74330076a5a553b302a529b769c8e7929970af43e9f207cea35,W033,62599726
bc22982d38139314212fdfb2de0a3b64189f82940ba31a80c309e437b145a5b5,W037,11810618
2fce7f1cc9ceb42cbdf9bfb2169766c754f5680c3672c2067b9529ffb001d8dd,W005,68586481
b03ed5ad7ebf1119c52390b3714cbbb093cb75e111dc3893ecaab5f1cc0dcf97,W019,11269341
ff652f3a66dc17859496947f958f6187d168b59f58be1d4f2918ebd7f95eeb45,W033,41065855
379b3bbb740dc5fffbb7fdf479fd66fe0e7addda2d7cebdb4d32ecb5f0ac9bc2,W032,7344408
04e101fa7c92a0fb7679d05e555d680c76822f43c1e8d2a761459919a44f8886,W017,53247813
bd70a5abbf3bf416887020317ded6440b82b9634bf4e01f9ca062864efa24d14,W033,65486923
c14762e1ba20c745f6713b796bd19713baafe935368ab0f295ea0650e90b17b8,W008,31265676
31a74550d7ab6229310b0df2f6f78f38e4a4158ed004be89ab716b07af84c6e8,W019,18646266
baf2c983b2a9ff1964aecf0e3dd202d6b66082cecb7219ba803d00beadd8cac6,W026,32298232
727e27becfe6fbcecda38762035d93a23cd98cdc8032f2814db150fa4d229f41,W027,51115422
3396bab2cbdfc9bb9b42d324747dbabee425d1f6f5268db12931a9dab1f7aef5,W011,15084226
1b1f416c6fffccbad7a07aaf049644c21861c33a033c3cda34f4ffd3b3fbbb03,W013,50886275
aea5c843e73f6c088b5cde71c8263647e79fb33397be9ab00ee956ea15f6b19a,W035,33179748
b513f8e964877cd2a8cdf07472ae99db9579d61c60143dff75941b937d55a037,W026,58642764
5c570bf1f720b52679113805129b11dff6fd6a001e244b9d8ea21596341c0e70,W031,8150141
5c570bf1f720b52679113805129b11dff6fd6a001e244b9d8ea21596341c0e70,W030,5779820
5c570bf1f720b52679113805129b11dff6fd6a001e244b9d8ea21596341c0e70,W017,5700945
6a61a4b7d6a62bff19570dbdfbf5cdd0ab4b1a9fe64b0f12684a248963b0a29c,W020,22170419
33ea3ce6d530b99853a75889ffeb9dde0b94f4f7dcf6b94bab916aecc940fe17,W040,5149622
18403e2454fc6b50fdd2e6d57b0c93d2fab93b0ddc7e496ec03d14d3ce982cfd,W002,60260168
61d2114b6705a67dbe293eea0399aaac2ca28bb3c667417fc87b496c4b194cd2,W024,35431624
a1a8f5a1b5d0a401d5e5b98e1c78089cd88c53b2c3bd59b9916ba0801d91f09b,W013,46828411
e74b8afae32d515635c4d45f5ece4f45b7b27d6f3c3ffede208676cefa6ef6fe,W027,12567171
1c767c19e7bce54fdd2f9488f686e496ebf569faf261de5680ddddadfaac1694,W030,47161771
66456e4cbb73c595f3af79a5fbe4f753f3cc8b678ba0011a15810b8876990dd1,W022,64369764
2b62d81cd0fc581ed0ec70d742de2791b3f308918fbb00089ad99721c670e477,W020,63029759
44643e20672025e79cfec4749c78b9197ca57c7c3a65dce56c9f9b269b47f0b4,W016,59315795
c0e4f1e4f196e212866d87891a3df1873fb23f7e5ea7cef354b5596c87be0717,W003,22189479
c0e4f1e4f196e212866d87891a3df1873fb23f7e5ea7cef354b5596c87be0717,W017,23852597
c0e4f1e4f196e212866d87891a3df1873fb23f7e5ea7cef354b5596c87be0717,W046,1426142
fc50ba0d66b52d886ff99b9d5fd79d7a05921afb81bee5f7775c772075a41b81,W009,71630224
2ab0cbb04e98b67469893f4c22f60391428b2199a1b1523bc6747eb19a94351a,W027,26461139
55657d4b1da375a7cecbabef59a00610503684c4927ddaa5d464c9a709c0963a,W015,17936619
9b520c2f1f93b5a38a91395385f670f9f8db76ab3da46c3f4d5669e761e06240,W018,40917321
219be6388e56d373fb7dedf9acb818f03404205ce8ba23d7531cacb84a810ca4,W022,13692858
8e7f3c95388a50a22e68fe7311b2fefa89d8182fa713909bd9ad1a95d87ce5f1,W030,55169790
ceba4ebf4dc4c137eb180cfbd14beac8d0c4058086356babc5eed48b9ecdbe3f,W044,9910053
ceba4ebf4dc4c137eb180cfbd14beac8d0c4058086356babc5eed48b9ecdbe3f,W001,9282506
d7df0957a462e6f3d2a2c1c21523a8bdd42bed1fe7e3716fc879cdfb8554a827,W043,32299033
260794a69fb443cb048dcc989eba2ef4dbf8678511f50b51052051b81c858c97,W007,58044215
e5228e33b6172be66b5fc88bd68d8d36dab4a874db7700eb161cb15cac6bbac4,W021,52929530
5a613bbec46d636d79d4a9b09f37321eddba96a7c4ad3e6fa559aa02724ecc6a,W008,17140096
b9a70cd2e214cee37951fe0f799cc0a068f7087cd2153fface5e1b3bb05a3915,W006,54762834
41d7e1904b41ec88f9f827b2be6425411f6cd33d6f9090fade582f8d95c8d3a5,W021,21993722
90e9b73bfbfb0ba7e1f4646bf5c4b63a6cd234cfe11119435d676b79327b2367,W032,29551308
228c9c2d3d4d0e0cf37b408c9f393ff2213a1ec1a8e8132d8a4a756dd4a4c9d0,W037,10112547
2b68f25dc9cfc44469be44118dfebdf5e7db691d71a2eb678c872a97ef2521b2,W029,57227710
7de3130bda673a788bbab7dc9ff355a5fa64d06debbf7128afe0ce0d137d5bf6,W030,29095527
0d3e0617cfd81d7077d1ec8ce5023c6d041330cb0575d2fb898c750ca562b5fe,W009,16033203
2433b396e2324aa8a646208f77a77178021d65dfefbc6d18097edd5e23311b99,W033,43630086
4b82ce5496d7b82e4f302afa3486d9f375553bf07ed34825645483370a451e66,W031,32954093
fd46642642a720a1d774434508942603dc45042869fcc40818b3edb416faf32d,W026,27642644
0e8751c499b1f6406f068d42640bf19d39a11f41713eef8e8a7b306400e44e3f,W026,54846381
1a094b481d920c3840cff447c833ce0f8ebc3989f02eef1a24d6ec7563894310,W020,74255824
ce0e3e39ad0201d20d174fba823c672e55717b8da973b1d4ab59c1fc08b1391b,W004,22714866
42a73308d0ca92e164ade477f8999198b247b6aac88a40704e1c78d8146e2d40,W028,45411253
3b313843cf76eaf9d6a51d2f6228e797d4f139fc18a2e834edaec525a22d5bd7,W005,24415181
2adc6cca9a883e9567d09a10e3cf30d85a47f592576a7702053c76f3eefedca1,W032,38345035
7c33e2aa988ef0479fd5025742ea14239764c3b8a359fbec42d5d964ec627bad,W041,31469248
79e266d2ba5ac9b5113c30877c4ec26f6d38627757fa78adf93867cec972355a,W035,5847202
1bfccfc0337b86b0fe971eccbbb61ed4a2ca2b36e043b3f16fd4cf060436a6d8,W009,50022196
8eb4aefd253f2592d81f079d9f9f58ec753df7981228a11e5e897481bce2806a,W001,27780530
083e87c730d782cbc8c0cf3c7ab38e29088da3f17cc5b9253b8d27c389343427,W046,68000674
516c705773a58d2aba236fb4aa96faae4d97f79648f05abd56e4690da6677561,W010,9412590
7555945a0625c6a8e56d376d37243b306259cc566b58402869de2aa329edd002,W003,14098678
7026904fb1efc2485930e416cf0863a17ff04b944e61dd71beda31fb3ed124a5,W003,9615689
acbd669eef61b304e2f9cd8b61e0ff90318146cde7ee951f705f7fed7acf520c,W002,52086689
7184002bd683b297dfb2ae639aac05c25d82850de3b5521d3060e50ad3823629,W028,9189076
b437111ed9c31a828c73368e10740450a2fc8ab3cff8f921ba15164206682bad,W001,32110278
e63c23c40ef744b3044e2dcf9a8b5588fd3f3688cc0b666382b3f88059ddb94c,W038,26321309
548ac8108d7fd5e8fac5b2bbb5ad7c90e91836b803050292f103802942a5f4b1,W024,17765611
344771ff5dae0c071bd6712dadce305225e26a1840d6377a10be1dd9c1177a22,W011,55898293
349e88efbef1e1d72bc8230dd444938631879712974d03aec3426590270ab9ac,W036,48387464
d9ac0628d48d7a17baaf35fbb0975cc4dac80f8f3a1970b17143b878eeafe4b6,W041,25744151
18ff9c6e0ad0d366e14b61b70a325ddac8db16d636679dd3beabe9216d718620,W044,18636620
bdc65dca0f77e070889dde752e38539e51cfa57d1e9bc4a6fa4b3933fa230bc3,W007,42680392
404b1f517651dd84111d1737bbcbc7c86b995ca2181818f4356de202f58a7eec,W011,39514715
42b58a771f32466810a7bcbbd4a8e193337370e08801b96ae28979a14f85f948,W043,35675862
f5f5f2fbfeebc3e401d263b8b8117f214fa628f25cfcaba949f6ee03c45f9d4b,W041,25994291
3abc849e834e68862a90d0f04c7c8101f0ea389575a20b878d32b05c2ed84b81,W003,38710851
3db2943c8b971304723cd510060ded25538694720ef11d575bfb581e0019374b,W002,54638074
360f067fcae1aa848fa2fc0a17851612df4065a11e1cba15429c2486a14d94f0,W001,15086154
5066abe219f34e84d9011069bd9b1c5c52823798469782b37c6c7dddb3674fcc,W011,22349242
721f9215c449e654cfa8e2511ed689d1b552fa08868cf197dd480f33daeb971b,W015,40884928
b441ff22ecdebbfb00aa7a8b9310773396946e7ac5ec43a4b3accaf3bae14dcd,W022,69350247
6613d54e12f4775406ac9a60da0cc83bbe8d7626f2166a65aebba7a6aed3f69e,W023,7006365
5a9a48f3b2e6f25531d1e0aefd0b50f752484df624b44529709f34ffdb9d1165,W024,25486178
0d3a3073929d84755265f9271b209cf2230b8e5304c52c1a7d12a16634acd60c,W008,20889409
bb53e950ce2d9788e36696ef32f8c9b95a622cda4ba44ffc14212350736701bf,W033,27089019
0a778c3a63fd7701b127da3e73364b3bfdc2bfd092c82ff4bee74f2584269985,W027,15114524
7081d0fc794074904bae8311495e8c81e846a3c70a4f66b792ace8d17100b93d,W003,33630211
13a1089bbdc03aef7ed11ac4991c37d7627484205aa7b3f50906f0723ad78070,W022,61679700
f4b8879ea43dab9b19a4b28c2946d070491ea0cc0716ef456bf77932c5d82888,W014,71046810
1dfa837a0d4d4beb7bd5a4e79bfaf1c3633e4a63991359ac79970305118933e6,W036,11665565
830d4a3616a6ad6919fd22955e3fea973692897697cc2aa31345ce4f6c261187,W042,16135502
4ba76ca9ce933e1d7334358177413f545687a301b776a50eca0a28842ef6e284,W021,39620612
71ad440d392469f1e4f60f45507add7f468d48ae3e3c67693688716da16ddd0e,W003,20946364
1bbba75b73265cf911cfb4cced1eec14e5510b6118ea695a814ce6a8373924c6,W037,18691006
d671cbe2783f87d7c20db1932c0dc7a5a12c321d5edb1e1bda1eb627afa3b465,W010,68381618
8db0e8fc54fd57a8fee3b6bb8ad4b815b8449ba30e55c6a3b2fc72e8082700db,W032,66804600
886a3e75417bf364edf214659a922e836248b9a6f0692d56201f8460face2ae0,W011,70259848
29edf29120bc6bd735b3c9850b6414864687bc21cfe1812130f75b35bfed0cbe,W042,61086057
44401e1c206d7aac8b3e91b8c03f598d252c1ff72419a9f72cfcbcd515657d5a,W011,46410004
ae413298c698bed97cb3667ee69412ebdbe47c85228fcd2a52c777327ffba15b,W019,61694651
582070885e9b494bfe7bd81aa3db93de5f36e9516bb53517c48a3edd691ff044,W006,70049705
d5ebc33e8d48b4257f78a7640fc411c2a83acfaa01e6480a91bd0a6d73f141dd,W026,66688892
25885e6ae5294a22c0f3ced86a382f778016720bac793ec8eda3b9f398c8306f,W039,32088065
9ca67e6ff3a2a1e8cbc4d158887c701744b127142960aaf4d8cc28ee7b5a936c,W017,10980366
0c4727c39484860f5bebbaea373915db8e2f1bc42770f460b90d620b840f1970,W007,9501907
574897cc3f5912bd741a0c8a391bd95bb6be82d2eae0ee34153000179fd17cc5,W023,31969906
1af9e24c1ed0c43f8f163fb43ad1dc14249fbf77937ab211d91c77c28548699e,W026,21089857
161206982e48f7fc77485ed3353bd0049cccd62678e38734379b2d13d7624a29,W025,36551116
3fee3d6dbcb290a6195084f7d5e7c9406a979dff2fa0a094e115feee42a6dc5e,W042,69870230
2c47234378efe3d894104a26cf727689f6cd751a43f4b274b02f20493d490289,W032,48465898
8e3b69b95b9c4b48300c23992e4f527d7a78f46da8a9a9d732718b4582e36f68,W031,31180145
f994e4940ad12a7f0bf3916b54a41345c949faa4ac71993d4f1eecd2d677e6be,W005,65698078
9e2cc8d97a12567b26a474fc406d4dbc8cc9ad2eb471dbcce310fc53f1c71462,W010,63904910
159f487d1e2f6efb560f01ed384230047b076d8833e60914c10399e1b1108427,W033,19656654
317b649b905c3ee13394d8ad49fa9a2d35f78ee5091ded97aeea8e819a9f007a,W013,53882049
b320c9b09d8793a2abe24f1f5c51f35e1a515483620e181156f73076387e06c5,W002,64326076
2d12e07798da30909c1ab939db79781aa8ea1d09d2d4200f69761d0b678e229f,W009,29170787
f5cd0e80a3925d3b099dea93315a2d7eebd474bab9cf74ad45c8e89878f436ca,W009,30787790
1fe43302434599ea834ceb2315ead5cd61d1d8639422f9af941ae2c0063d7b68,W032,17118886
ec960dab8f49e586d8eb39d9410f4dd68e6cb004be87b8f299436d1e738be6f9,W024,5617701
9efe569b44eadf5315b71402de539e066f6431f39071cf20e4abc1950c533874,W033,64907026
8bee86767cd48df68d61201c97bdce90d6d61deef9af40f684a89ca61974fff4,W037,9031404
4b1b90a7f46ed6e6048a79d9d82750245ed47197ef453bb0d1175794f3580b44,W012,11057698
298b0fe45a72ae29105ca1d190bc0aac2e896c65c6d16d416431aa5363f2efd8,W015,35464785
7f14a63e124f769929126a05571d0b56aad4ec6c1faa677ccad1deb0e507ea63,W025,50429131
551c3eed80acd5ecd3465baadd3cc90da9592945beae94d924504b272aab8af6,W045,52424721
161ded5fcaf1045ee0731c5356fa4a9c0715f4c6a1b261d8aea345e6013ee81b,W028,58279710
c51921db1691f7449f920436de298963008e3f3d10224fb6d89627a6de279451,W018,21329243
b4f23408138c4024102fdb2bf98a9b7842a57b60cb821bf699bb8c18c3b6c216,W033,41017380
2ab6bfd7eebe8eb2fcf02d961a65b3ede89460bcda944f4e6850c4b67b788f79,W006,43534250
f8fe1aecee5e4fb0a9dfe7cfde1a600dde9e9b352e29d1e665b523eccea1ac42,W017,49773994
d872246f69097a2226b012547c9cee52f13752674378bf37460025979a575ed3,W020,12633000
03a8351841f7ea1a128f9283dcd79f6723c574dcad4378d749264ef7e6fd4469,W045,25734392
ecd1342b9e2b68a8c1d013d8d9c40d4d5e8f2e5779efa53369557e610b3605fa,W042,22077244
e98ff0c848f14d081c3166ec2b67465192904e36e680797c3742ed2759760b5f,W039,19896667
509ebbe7e4f3f70ff8c00f4e84df93e425a26cb65ec0de1b92e473b3d20a4f9c,W001,72034031
7e8d40e1e530bd2d383194a60a22c384bcf50e3028aee49d92574f0c45547754,W006,49292860
7f9d9a43d8be0cbfa59f8b7b6645200300ae8d4bcd1916f19967e4ba45cd60b9,W020,46922730
e8dd414e6cc1bf5e9698c93e3124fcde57a8b1d96ec5fbdbed3638289544f760,W005,35765179
8b012e5ccffe5977a9a5bfba24b20f4c1563542187c21591398f9078b660a82b,W038,51064004
4ea07271d8d99f86628a6c86ab857ed7a32092fc283f206c2c19bccd698cf56e,W019,51074125
e6a2f990c66516969979c03e18274acd4489b7b8f7ab054e70deced866a6438b,W040,19305326
5ae747db650a793cbb7658b0c0be62e05296b4aea2c080150433578184172ed6,W001,8958730
33a25470caf95b19f96e019ee7c396bb64ab5365e59cade59c51502ad5d5d824,W035,73367657
4ba8c2ba26932ca264561c88968d0ce5e5c575f32b0cb87fadd933648551a150,W010,36971713
948bbddedc097ccc2d88b704d202284cbfc464afcb602404459416bec612715b,W025,7618734
edd17ff651d49bc4e4b02df87c5cb15c2650501ab73ef61c443802be59e947e9,W012,47241418
81cbc1a217136585d446bac3d34abca07c982d746b74988a142a606ac49f1a7e,W038,34708637
c33f9a358ec28fabd7a45026cd2e36746941b9147b1ba805307537411ad6cc3d,W020,58142198
8b89199a4461b398a98718e08dc8b7a637c261c1a6c70579f00f82f256ed9857,W016,56979663
db0b00445a6652ed6772312c5d2b74e7137b3ef4b1edd8e806437590af69f5fb,W009,17427763
59d3313584637dd76e484e61f9eb0dcaba97c9ee5c91c1d99e31dda09ca911f6,W038,32918614
6cfdeb88a15a626d6a4389fbc3fb428b461e416decc0bd1e98cde217864aa36e,W036,38043591
d85535c9cb709d6834bd97c1ff219de029fb38c86712f0a956efa1c3aa0d51e7,W044,24465941
0ff4b7fa55008de3cc83f4498c2d43114adb30012304aff159148c4cc1df6476,W024,72143496
349fb2c193a3904b466daab1d08c157d51e0446c4e835572495737df315b0841,W042,22734269
d19beddca83a24b53ddd49ee2259de240e946fcf3352a73b0fbd64af332d3e09,W042,18107790
86e899d3a059d1846e75d806f609fa7fb26f8d41807423618af77824fc5b277a,W021,25958162
4fb4fe98f5b0d569b70cdc88c9ceb7ce972aff5b1f179f14b3216c382638b09a,W037,51836868
c237bfb6531cbc1024a59437c73ccc9971bfa3b75b82390a14627a3fc4e1bd48,W028,57821293
7404392c9e6e66ef9fc429249f2c6a67e55fa30a91df47131f1f0d7c5dcc2bab,W014,62479718
8e309e9ee6bceca986f2553997431783db82c3978a54806e694417ee7ae5144a,W036,39925781
a14befb6e8b0b225a5a0a12c232fb71063beb3a2069b78d06fe207ca00eb9812,W031,36919339
02520d6606da4763795d50422277df94f12f164cd9bf5aa492b3a8e73781a1b0,W047,44995000
803b6ce4f0e82187bc9e6e83c453fbbe33d9549c0683961b8da3b9b95f7b5e04,W047,54995000
39a41a785a7e404d6259d78d267cb1ce4031b1e4530aa2d733fea49f033bcd84,W047,64995000
389b70bfae477ad62e865cf1206ab15485c0e981a4f0458719006c4b007a31c8,W034,74000000
389b70bfae477ad62e865cf1206ab15485c0e981a4f0458719006c4b007a31c8,W035,74000000
629adb872554123c3b3bc8694d4d15d4ef5328003e72f255ab3807eb4ab6a5a4,W049,179500000
4ba02cc1916eadf1c6fd352cfe5ebccb9980ee72e1cea2f562778f3d42d2f0b5,W036,179000000
418a72abfef7e3538c363a56ad83ba0c772b54f30f41b960425f0164895e5820,W037,178500000
d11172b7fd70137588fe6e4c29e93aeffe422e93ef65afaaefdfe0e1e02f8b5d,W050,115000000
267027124f31d6ccf90f84612bbbd3a06a4760bb39ba46da65166e54cf7d32c0,W041,38000000
267027124f31d6ccf90f84612bbbd3a06a4760bb39ba46da65166e54cf7d32c0,W042,38000000
267027124f31d6ccf90f84612bbbd3a06a4760bb39ba46da65166e54cf7d32c0,W043,38000000
