txid,timestamp,input_addresses,output_addresses,input_amounts_sats,output_amounts_sats,total_input_sats,total_output_sats,fee_sats,script_type
07960020f2d54270074e94c37db724e24a9f92e6a4308188b54fda103e84bacf,2026-06-07 21:13:00,['W035'],['W007'],[53802897],[53792137],53802897,53792137,10760,P2PKH
ab3213b224e8189ab81405862a8dc4b64b93728143905a3556d062a4e03482c4,2026-06-22 13:53:00,['W008'],['W009'],[70507385],[70493284],70507385,70493284,14101,P2WSH
4dd355c8b7eac6a453f877e15f3ce2171dc34ef86a3a5925a4cdf2b4cfd59c54,2026-06-24 11:58:00,['W002'],['W015'],[53553593],[53542883],53553593,53542883,10710,P2TR
b8de550485356f6bb29d0f1c8096b53492934be542b84cf66e3f7957a4d3e407,2026-06-17 04:30:00,['W015'],['W036'],[72470852],[72456358],72470852,72456358,14494,P2SH
d61347af7b1a76b4ec5074ba579ffa1639bbbe89b7182d337344ec7595328a28,2026-06-17 04:22:00,['W002'],['W003'],[42502921],[42494421],42502921,42494421,8500,P2WPKH
03b1d4ce8bc38e08c71cf5ce5e787d5ecadcaacd1d3ceda5e35069b882b6dd49,2026-06-22 09:27:00,['W013'],['W023'],[32430528],[32424042],32430528,32424042,6486,P2TR
0e11bf30d20dac64e953a586e8a4ae398feec9b35a942786c3b56e7f0a8c2817,2026-06-22 18:08:00,['W012'],"['W023', 'W006', 'W027']",[67164355],"[22259865, 5337624, 39553434]",67164355,67150923,13432,P2SH
84c07772221cd72a9ce986130533cf67bc67db40bb2062b9e349e9b4199720a2,2026-06-30 21:54:00,['W023'],['W010'],[22580355],[22575355],22580355,22575355,5000,P2PKH
c26e55097a1ca665f34eb657c3e54e3017bcf842ba7920dab855aba5f0888a85,2026-06-14 07:59:00,['W033'],['W016'],[48753544],[48743794],48753544,48743794,9750,P2TR
d28c5f08af97c238fc7e93890b794c7f2da5c0486761517b3ad9233c91d1999e,2026-06-23 19:56:00,['W009'],['W036'],[25379134],[25374059],25379134,25374059,5075,P2TR
a552ebc5d51f8aa020d8618cb63c6fae6fd28ce21011afbb23f547e9573095e8,2026-06-22 13:10:00,['W040'],['W008'],[13288654],[13283654],13288654,13283654,5000,P2TR
d6cab21852d1f3c4a41536f58bf77ccda96ce7387966bed2d9791b6f6d37e231,2026-06-24 02:33:00,['W029'],['W037'],[8740078],[8735078],8740078,8735078,5000,P2WSH
c9c94f428ddf73eb09a034423356b139a1059be46d9fdd951f19726fa718531c,2026-06-24 19:29:00,['W017'],['W037'],[32190971],[32184533],32190971,32184533,6438,P2SH
ee2e01d8f3f0ea099b6c5c314e0f2192fedd725bb1f632e056117628a7c5b321,2026-06-10 16:18:00,['W043'],['W020'],[21421523],[21416523],21421523,21416523,5000,P2WPKH
d8138c1695dd5da9f672150847a96908cab3c651b98579b285a2a053a029ffed,2026-06-08 09:48:00,['W043'],['W015'],[26671607],[26666273],26671607,26666273,5334,P2WSH
20dafddcbb543d4eefd9993c77ca74c5c8d5c15fbe2bdeb5aaaba12f004d9cdb,2026-06-16 09:09:00,['W036'],['W030'],[64117285],[64104462],64117285,64104462,12823,P2PKH
bfcc761b7ddab7507b4d81a791875b70c0124db6273c42b1931caebdaaefbc90,2026-06-04 19:49:00,['W017'],['W019'],[10313436],[10308436],10313436,10308436,5000,P2WPKH
20c63a99b7a065bc5a08d428c366db078435634a6a716ea9fc1b33ecbed62352,2026-06-15 21:13:00,['W006'],['W019'],[12721077],[12716077],12721077,12716077,5000,P2SH
7dbf5c13c77c2bced32d0fb90807d569e5eaaf4966891d617de2a3ecffc854a8,2026-06-04 00:46:00,['W017'],['W008'],[65904451],[65891271],65904451,65891271,13180,P2WPKH
dca6886b57ae5bb29571ea5cd558c0b3c66e845e9ff14ee1c4f7ed2fea899918,2026-06-12 22:03:00,['W004'],['W013'],[32080875],[32074459],32080875,32074459,6416,P2WPKH
8a198ddef711e7d134f64b9e1fe1bb31294e4b8ab822e151847ecc8b637c55af,2026-06-01 16:45:00,['W002'],['W034'],[30428420],[30422335],30428420,30422335,6085,P2WSH
d2bccd5b0fcab7fcceb911c0ce0114a4e47d89bdf0c0ba92caa84b91a0a560dc,2026-06-10 19:02:00,['W015'],['W023'],[31658926],[31652595],31658926,31652595,6331,P2SH
2f63fc6ae10a774ac83de7cf802737b2b6ff8f605134ef16581a094028525af8,2026-06-03 12:30:00,['W006'],['W044'],[56121087],[56109863],56121087,56109863,11224,P2WPKH
689311ce86df7f9c90e8fbc3da4818adecf9aff1218087aabef0d0595e973115,2026-06-12 23:31:00,['W024'],['W022'],[48423984],[48414300],48423984,48414300,9684,P2PKH
c6a6714a4fe63ef109c8f69266ff62bee3df46f3cc7f415d044eef2c089b3687,2026-06-13 16:39:00,['W033'],['W043'],[31975086],[31968691],31975086,31968691,6395,P2TR
c5282ce4d6e0a3a0b7c81993cfe42e547a10617da37fa334d57d7ffa5ef8a1e9,2026-06-02 00:34:00,['W020'],['W021'],[36247171],[36239922],36247171,36239922,7249,P2TR
ba4b4b29d0d3f74330076a5a553b302a529b769c8e7929970af43e9f207cea35,2026-06-02 23:49:00,['W046'],['W033'],[62612248],[62599726],62612248,62599726,12522,P2TR
bc22982d38139314212fdfb2de0a3b64189f82940ba31a80c309e437b145a5b5,2026-06-05 18:35:00,['W025'],['W037'],[11815618],[11810618],11815618,11810618,5000,P2PKH
2fce7f1cc9ceb42cbdf9bfb2169766c754f5680c3672c2067b9529ffb001d8dd,2026-07-01 00:07:00,['W034'],['W005'],[68600201],[68586481],68600201,68586481,13720,P2PKH
b03ed5ad7ebf1119c52390b3714cbbb093cb75e111dc3893ecaab5f1cc0dcf97,2026-06-22 19:12:00,['W044'],['W019'],[11274341],[11269341],11274341,11269341,5000,P2SH
ff652f3a66dc17859496947f958f6187d168b59f58be1d4f2918ebd7f95eeb45,2026-06-22 22:55:00,['W004'],['W033'],[41074069],[41065855],41074069,41065855,8214,P2PKH
379b3bbb740dc5fffbb7fdf479fd66fe0e7addda2d7cebdb4d32ecb5f0ac9bc2,2026-06-15 04:25:00,['W006'],['W032'],[7349408],[7344408],7349408,7344408,5000,P2WSH
04e101fa7c92a0fb7679d05e555d680c76822f43c1e8d2a761459919a44f8886,2026-06-07 10:49:00,['W034'],['W017'],[53258464],[53247813],53258464,53247813,10651,P2TR
bd70a5abbf3bf416887020317ded6440b82b9634bf4e01f9ca062864efa24d14,2026-06-08 05:44:00,['W001'],['W033'],[65500023],[65486923],65500023,65486923,13100,P2WPKH
c14762e1ba20c745f6713b796bd19713baafe935368ab0f295ea0650e90b17b8,2026-06-16 09:29:00,['W026'],['W008'],[31271930],[31265676],31271930,31265676,6254,P2PKH
31a74550d7ab6229310b0df2f6f78f38e4a4158ed004be89ab716b07af84c6e8,2026-06-20 11:32:00,['W018'],['W019'],[18651266],[18646266],18651266,18646266,5000,P2WPKH
baf2c983b2a9ff1964aecf0e3dd202d6b66082cecb7219ba803d00beadd8cac6,2026-06-02 07:41:00,['W041'],['W026'],[32304692],[32298232],32304692,32298232,6460,P2PKH
727e27becfe6fbcecda38762035d93a23cd98cdc8032f2814db150fa4d229f41,2026-06-08 18:31:00,['W031'],['W027'],[51125647],[51115422],51125647,51115422,10225,P2WPKH
3396bab2cbdfc9bb9b42d324747dbabee425d1f6f5268db12931a9dab1f7aef5,2026-06-08 14:46:00,['W042'],['W011'],[15089226],[15084226],15089226,15084226,5000,P2TR
1b1f416c6fffccbad7a07aaf049644c21861c33a033c3cda34f4ffd3b3fbbb03,2026-06-12 02:36:00,['W006'],['W013'],[50896454],[50886275],50896454,50886275,10179,P2PKH
aea5c843e73f6c088b5cde71c8263647e79fb33397be9ab00ee956ea15f6b19a,2026-06-18 10:09:00,['W027'],['W035'],[33186385],[33179748],33186385,33179748,6637,P2WPKH
b513f8e964877cd2a8cdf07472ae99db9579d61c60143dff75941b937d55a037,2026-06-05 05:08:00,['W018'],['W026'],[58654494],[58642764],58654494,58642764,11730,P2WSH
5c570bf1f720b52679113805129b11dff6fd6a001e244b9d8ea21596341c0e70,2026-06-01 00:11:00,['W005'],"['W031', 'W030', 'W017']",[19635906],"[8150141, 5779820, 5700945]",19635906,19630906,5000,P2TR
6a61a4b7d6a62bff19570dbdfbf5cdd0ab4b1a9fe64b0f12684a248963b0a29c,2026-06-30 09:03:00,['W046'],['W020'],[22175419],[22170419],22175419,22170419,5000,P2WPKH
33ea3ce6d530b99853a75889ffeb9dde0b94f4f7dcf6b94bab916aecc940fe17,2026-06-12 20:57:00,['W015'],['W040'],[5154622],[5149622],5154622,5149622,5000,P2TR
18403e2454fc6b50fdd2e6d57b0c93d2fab93b0ddc7e496ec03d14d3ce982cfd,2026-06-25 21:28:00,['W016'],['W002'],[60272222],[60260168],60272222,60260168,12054,P2WPKH
61d2114b6705a67dbe293eea0399aaac2ca28bb3c667417fc87b496c4b194cd2,2026-07-01 08:55:00,['W028'],['W024'],[35438711],[35431624],35438711,35431624,7087,P2PKH
a1a8f5a1b5d0a401d5e5b98e1c78089cd88c53b2c3bd59b9916ba0801d91f09b,2026-06-10 08:09:00,['W032'],['W013'],[46837778],[46828411],46837778,46828411,9367,P2SH
e74b8afae32d515635c4d45f5ece4f45b7b27d6f3c3ffede208676cefa6ef6fe,2026-06-11 03:55:00,['W032'],['W027'],[12572171],[12567171],12572171,12567171,5000,P2SH
1c767c19e7bce54fdd2f9488f686e496ebf569faf261de5680ddddadfaac1694,2026-06-09 09:05:00,['W026'],['W030'],[47171205],[47161771],47171205,47161771,9434,P2PKH
66456e4cbb73c595f3af79a5fbe4f753f3cc8b678ba0011a15810b8876990dd1,2026-07-01 05:44:00,['W025'],['W022'],[64382640],[64369764],64382640,64369764,12876,P2PKH
2b62d81cd0fc581ed0ec70d742de2791b3f308918fbb00089ad99721c670e477,2026-06-18 07:12:00,['W023'],['W020'],[63042367],[63029759],63042367,63029759,12608,P2PKH
44643e20672025e79cfec4749c78b9197ca57c7c3a65dce56c9f9b269b47f0b4,2026-06-29 17:56:00,['W027'],['W016'],[59327660],[59315795],59327660,59315795,11865,P2WSH
c0e4f1e4f196e212866d87891a3df1873fb23f7e5ea7cef354b5596c87be0717,2026-06-17 12:27:00,['W018'],"['W003', 'W017', 'W046']",[47477713],"[22189479, 23852597, 1426142]",47477713,47468218,9495,P2TR
fc50ba0d66b52d886ff99b9d5fd79d7a05921afb81bee5f7775c772075a41b81,2026-06-20 13:36:00,['W032'],['W009'],[71644552],[71630224],71644552,71630224,14328,P2PKH
2ab0cbb04e98b67469893f4c22f60391428b2199a1b1523bc6747eb19a94351a,2026-06-24 07:06:00,['W013'],['W027'],[26466432],[26461139],26466432,26461139,5293,P2WSH
55657d4b1da375a7cecbabef59a00610503684c4927ddaa5d464c9a709c0963a,2026-06-29 10:13:00,['W006'],['W015'],[17941619],[17936619],17941619,17936619,5000,P2WSH
9b520c2f1f93b5a38a91395385f670f9f8db76ab3da46c3f4d5669e761e06240,2026-06-14 09:02:00,['W019'],['W018'],[40925506],[40917321],40925506,40917321,8185,P2WPKH
219be6388e56d373fb7dedf9acb818f03404205ce8ba23d7531cacb84a810ca4,2026-06-27 07:38:00,['W013'],['W022'],[13697858],[13692858],13697858,13692858,5000,P2WPKH
8e7f3c95388a50a22e68fe7311b2fefa89d8182fa713909bd9ad1a95d87ce5f1,2026-06-22 14:34:00,['W015'],['W030'],[55180826],[55169790],55180826,55169790,11036,P2WPKH
ceba4ebf4dc4c137eb180cfbd14beac8d0c4058086356babc5eed48b9ecdbe3f,2026-06-24 07:58:00,['W012'],"['W044', 'W001']",[19197559],"[9910053, 9282506]",19197559,19192559,5000,P2TR
d7df0957a462e6f3d2a2c1c21523a8bdd42bed1fe7e3716fc879cdfb8554a827,2026-06-02 17:45:00,['W039'],['W043'],[32305494],[32299033],32305494,32299033,6461,P2WPKH
260794a69fb443cb048dcc989eba2ef4dbf8678511f50b51052051b81c858c97,2026-06-03 21:06:00,['W027'],['W007'],[58055826],[58044215],58055826,58044215,11611,P2TR
e5228e33b6172be66b5fc88bd68d8d36dab4a874db7700eb161cb15cac6bbac4,2026-06-20 00:23:00,['W004'],['W021'],[52940118],[52929530],52940118,52929530,10588,P2WSH
5a613bbec46d636d79d4a9b09f37321eddba96a7c4ad3e6fa559aa02724ecc6a,2026-06-08 03:00:00,['W028'],['W008'],[17145096],[17140096],17145096,17140096,5000,P2TR
b9a70cd2e214cee37951fe0f799cc0a068f7087cd2153fface5e1b3bb05a3915,2026-06-30 03:46:00,['W026'],['W006'],[54773788],[54762834],54773788,54762834,10954,P2SH
41d7e1904b41ec88f9f827b2be6425411f6cd33d6f9090fade582f8d95c8d3a5,2026-06-23 07:46:00,['W013'],['W021'],[21998722],[21993722],21998722,21993722,5000,P2WSH
90e9b73bfbfb0ba7e1f4646bf5c4b63a6cd234cfe11119435d676b79327b2367,2026-06-28 23:26:00,['W013'],['W032'],[29557219],[29551308],29557219,29551308,5911,P2SH
228c9c2d3d4d0e0cf37b408c9f393ff2213a1ec1a8e8132d8a4a756dd4a4c9d0,2026-06-09 18:21:00,['W003'],['W037'],[10117547],[10112547],10117547,10112547,5000,P2WPKH
2b68f25dc9cfc44469be44118dfebdf5e7db691d71a2eb678c872a97ef2521b2,2026-06-27 12:22:00,['W016'],['W029'],[57239157],[57227710],57239157,57227710,11447,P2WPKH
7de3130bda673a788bbab7dc9ff355a5fa64d06debbf7128afe0ce0d137d5bf6,2026-06-21 08:02:00,['W040'],['W030'],[29101347],[29095527],29101347,29095527,5820,P2WSH
0d3e0617cfd81d7077d1ec8ce5023c6d041330cb0575d2fb898c750ca562b5fe,2026-06-02 20:24:00,['W041'],['W009'],[16038203],[16033203],16038203,16033203,5000,P2TR
2433b396e2324aa8a646208f77a77178021d65dfefbc6d18097edd5e23311b99,2026-06-09 19:34:00,['W009'],['W033'],[43638813],[43630086],43638813,43630086,8727,P2SH
4b82ce5496d7b82e4f302afa3486d9f375553bf07ed34825645483370a451e66,2026-06-12 13:36:00,['W033'],['W031'],[32960685],[32954093],32960685,32954093,6592,P2WPKH
fd46642642a720a1d774434508942603dc45042869fcc40818b3edb416faf32d,2026-07-01 22:23:00,['W021'],['W026'],[27648173],[27642644],27648173,27642644,5529,P2PKH
0e8751c499b1f6406f068d42640bf19d39a11f41713eef8e8a7b306400e44e3f,2026-06-25 09:07:00,['W041'],['W026'],[54857352],[54846381],54857352,54846381,10971,P2WSH
1a094b481d920c3840cff447c833ce0f8ebc3989f02eef1a24d6ec7563894310,2026-06-29 00:09:00,['W004'],['W020'],[74270678],[74255824],74270678,74255824,14854,P2WPKH
ce0e3e39ad0201d20d174fba823c672e55717b8da973b1d4ab59c1fc08b1391b,2026-06-24 07:58:00,['W024'],['W004'],[22719866],[22714866],22719866,22714866,5000,P2SH
42a73308d0ca92e164ade477f8999198b247b6aac88a40704e1c78d8146e2d40,2026-06-25 07:23:00,['W015'],['W028'],[45420337],[45411253],45420337,45411253,9084,P2SH
3b313843cf76eaf9d6a51d2f6228e797d4f139fc18a2e834edaec525a22d5bd7,2026-06-21 12:27:00,['W007'],['W005'],[24420181],[24415181],24420181,24415181,5000,P2WPKH
2adc6cca9a883e9567d09a10e3cf30d85a47f592576a7702053c76f3eefedca1,2026-06-28 09:24:00,['W034'],['W032'],[38352705],[38345035],38352705,38345035,7670,P2PKH
7c33e2aa988ef0479fd5025742ea14239764c3b8a359fbec42d5d964ec627bad,2026-06-05 18:35:00,['W001'],['W041'],[31475543],[31469248],31475543,31469248,6295,P2WSH
79e266d2ba5ac9b5113c30877c4ec26f6d38627757fa78adf93867cec972355a,2026-06-22 18:01:00,['W046'],['W035'],[5852202],[5847202],5852202,5847202,5000,P2WSH
1bfccfc0337b86b0fe971eccbbb61ed4a2ca2b36e043b3f16fd4cf060436a6d8,2026-06-30 07:26:00,['W003'],['W009'],[50032202],[50022196],50032202,50022196,10006,P2WPKH
8eb4aefd253f2592d81f079d9f9f58ec753df7981228a11e5e897481bce2806a,2026-06-04 21:18:00,['W033'],['W001'],[27786087],[27780530],27786087,27780530,5557,P2SH
083e87c730d782cbc8c0cf3c7ab38e29088da3f17cc5b9253b8d27c389343427,2026-06-18 06:27:00,['W041'],['W046'],[68014276],[68000674],68014276,68000674,13602,P2TR
516c705773a58d2aba236fb4aa96faae4d97f79648f05abd56e4690da6677561,2026-06-26 17:21:00,['W011'],['W010'],[9417590],[9412590],9417590,9412590,5000,P2PKH
7555945a0625c6a8e56d376d37243b306259cc566b58402869de2aa329edd002,2026-06-30 06:55:00,['W041'],['W003'],[14103678],[14098678],14103678,14098678,5000,P2PKH
7026904fb1efc2485930e416cf0863a17ff04b944e61dd71beda31fb3ed124a5,2026-06-10 05:54:00,['W008'],['W003'],[9620689],[9615689],9620689,9615689,5000,P2PKH
acbd669eef61b304e2f9cd8b61e0ff90318146cde7ee951f705f7fed7acf520c,2026-06-20 06:51:00,['W017'],['W002'],[52097108],[52086689],52097108,52086689,10419,P2WPKH
7184002bd683b297dfb2ae639aac05c25d82850de3b5521d3060e50ad3823629,2026-06-29 03:19:00,['W002'],['W028'],[9194076],[9189076],9194076,9189076,5000,P2TR
b437111ed9c31a828c73368e10740450a2fc8ab3cff8f921ba15164206682bad,2026-06-08 18:05:00,['W028'],['W001'],[32116701],[32110278],32116701,32110278,6423,P2PKH
e63c23c40ef744b3044e2dcf9a8b5588fd3f3688cc0b666382b3f88059ddb94c,2026-06-24 10:40:00,['W017'],['W038'],[26326574],[26321309],26326574,26321309,5265,P2SH
548ac8108d7fd5e8fac5b2bbb5ad7c90e91836b803050292f103802942a5f4b1,2026-06-29 13:52:00,['W021'],['W024'],[17770611],[17765611],17770611,17765611,5000,P2WSH
344771ff5dae0c071bd6712dadce305225e26a1840d6377a10be1dd9c1177a22,2026-06-25 19:12:00,['W033'],['W011'],[55909474],[55898293],55909474,55898293,11181,P2SH
349e88efbef1e1d72bc8230dd444938631879712974d03aec3426590270ab9ac,2026-06-21 11:51:00,['W043'],['W036'],[48397143],[48387464],48397143,48387464,9679,P2WSH
d9ac0628d48d7a17baaf35fbb0975cc4dac80f8f3a1970b17143b878eeafe4b6,2026-06-13 04:09:00,['W020'],['W041'],[25749300],[25744151],25749300,25744151,5149,P2SH
18ff9c6e0ad0d366e14b61b70a325ddac8db16d636679dd3beabe9216d718620,2026-06-05 15:11:00,['W011'],['W044'],[18641620],[18636620],18641620,18636620,5000,P2WSH
bdc65dca0f77e070889dde752e38539e51cfa57d1e9bc4a6fa4b3933fa230bc3,2026-06-05 23:21:00,['W041'],['W007'],[42688929],[42680392],42688929,42680392,8537,P2WSH
404b1f517651dd84111d1737bbcbc7c86b995ca2181818f4356de202f58a7eec,2026-06-22 02:01:00,['W002'],['W011'],[39522619],[39514715],39522619,39514715,7904,P2WSH
42b58a771f32466810a7bcbbd4a8e193337370e08801b96ae28979a14f85f948,2026-07-01 09:31:00,['W042'],['W043'],[35682998],[35675862],35682998,35675862,7136,P2SH
f5f5f2fbfeebc3e401d263b8b8117f214fa628f25cfcaba949f6ee03c45f9d4b,2026-06-19 05:03:00,['W046'],['W041'],[25999490],[25994291],25999490,25994291,5199,P2WSH
3abc849e834e68862a90d0f04c7c8101f0ea389575a20b878d32b05c2ed84b81,2026-06-23 07:02:00,['W007'],['W003'],[38718594],[38710851],38718594,38710851,7743,P2SH
3db2943c8b971304723cd510060ded25538694720ef11d575bfb581e0019374b,2026-06-22 15:37:00,['W033'],['W002'],[54649003],[54638074],54649003,54638074,10929,P2WPKH
360f067fcae1aa848fa2fc0a17851612df4065a11e1cba15429c2486a14d94f0,2026-06-12 11:45:00,['W018'],['W001'],[15091154],[15086154],15091154,15086154,5000,P2WSH
5066abe219f34e84d9011069bd9b1c5c52823798469782b37c6c7dddb3674fcc,2026-06-22 00:45:00,['W014'],['W011'],[22354242],[22349242],22354242,22349242,5000,P2SH
721f9215c449e654cfa8e2511ed689d1b552fa08868cf197dd480f33daeb971b,2026-06-22 08:42:00,['W023'],['W015'],[40893106],[40884928],40893106,40884928,8178,P2WSH
b441ff22ecdebbfb00aa7a8b9310773396946e7ac5ec43a4b3accaf3bae14dcd,2026-06-30 18:46:00,['W020'],['W022'],[69364119],[69350247],69364119,69350247,13872,P2WSH
6613d54e12f4775406ac9a60da0cc83bbe8d7626f2166a65aebba7a6aed3f69e,2026-06-07 09:21:00,['W034'],['W023'],[7011365],[7006365],7011365,7006365,5000,P2PKH
5a9a48f3b2e6f25531d1e0aefd0b50f752484df624b44529709f34ffdb9d1165,2026-06-11 15:11:00,['W012'],['W024'],[25491276],[25486178],25491276,25486178,5098,P2WSH
0d3a3073929d84755265f9271b209cf2230b8e5304c52c1a7d12a16634acd60c,2026-06-20 23:03:00,['W043'],['W008'],[20894409],[20889409],20894409,20889409,5000,P2WSH
bb53e950ce2d9788e36696ef32f8c9b95a622cda4ba44ffc14212350736701bf,2026-06-23 08:42:00,['W016'],['W033'],[27094437],[27089019],27094437,27089019,5418,P2TR
0a778c3a63fd7701b127da3e73364b3bfdc2bfd092c82ff4bee74f2584269985,2026-06-18 01:33:00,['W028'],['W027'],[15119524],[15114524],15119524,15114524,5000,P2WPKH
7081d0fc794074904bae8311495e8c81e846a3c70a4f66b792ace8d17100b93d,2026-06-23 01:23:00,['W010'],['W003'],[33636938],[33630211],33636938,33630211,6727,P2WSH
13a1089bbdc03aef7ed11ac4991c37d7627484205aa7b3f50906f0723ad78070,2026-06-13 22:22:00,['W028'],['W022'],[61692038],[61679700],61692038,61679700,12338,P2TR
f4b8879ea43dab9b19a4b28c2946d070491ea0cc0716ef456bf77932c5d82888,2026-06-24 01:09:00,['W023'],['W014'],[71061022],[71046810],71061022,71046810,14212,P2WPKH
1dfa837a0d4d4beb7bd5a4e79bfaf1c3633e4a63991359ac79970305118933e6,2026-06-26 05:26:00,['W026'],['W036'],[11670565],[11665565],11670565,11665565,5000,P2WPKH
830d4a3616a6ad6919fd22955e3fea973692897697cc2aa31345ce4f6c261187,2026-06-29 01:35:00,['W010'],['W042'],[16140502],[16135502],16140502,16135502,5000,P2PKH
4ba76ca9ce933e1d7334358177413f545687a301b776a50eca0a28842ef6e284,2026-06-17 18:54:00,['W009'],['W021'],[39628537],[39620612],39628537,39620612,7925,P2SH
71ad440d392469f1e4f60f45507add7f468d48ae3e3c67693688716da16ddd0e,2026-06-26 19:52:00,['W034'],['W003'],[20951364],[20946364],20951364,20946364,5000,P2TR
1bbba75b73265cf911cfb4cced1eec14e5510b6118ea695a814ce6a8373924c6,2026-06-22 15:18:00,['W027'],['W037'],[18696006],[18691006],18696006,18691006,5000,P2WSH
d671cbe2783f87d7c20db1932c0dc7a5a12c321d5edb1e1bda1eb627afa3b465,2026-06-10 22:22:00,['W008'],['W010'],[68395297],[68381618],68395297,68381618,13679,P2WPKH
8db0e8fc54fd57a8fee3b6bb8ad4b815b8449ba30e55c6a3b2fc72e8082700db,2026-06-29 14:37:00,['W036'],['W032'],[66817963],[66804600],66817963,66804600,13363,P2WPKH
886a3e75417bf364edf214659a922e836248b9a6f0692d56201f8460face2ae0,2026-06-15 05:19:00,['W039'],['W011'],[70273902],[70259848],70273902,70259848,14054,P2PKH
29edf29120bc6bd735b3c9850b6414864687bc21cfe1812130f75b35bfed0cbe,2026-06-30 08:23:00,['W011'],['W042'],[61098276],[61086057],61098276,61086057,12219,P2WSH
44401e1c206d7aac8b3e91b8c03f598d252c1ff72419a9f72cfcbcd515657d5a,2026-06-28 13:43:00,['W001'],['W011'],[46419287],[46410004],46419287,46410004,9283,P2WSH
ae413298c698bed97cb3667ee69412ebdbe47c85228fcd2a52c777327ffba15b,2026-06-15 15:11:00,['W017'],['W019'],[61706992],[61694651],61706992,61694651,12341,P2TR
582070885e9b494bfe7bd81aa3db93de5f36e9516bb53517c48a3edd691ff044,2026-06-16 18:51:00,['W035'],['W006'],[70063717],[70049705],70063717,70049705,14012,P2SH
d5ebc33e8d48b4257f78a7640fc411c2a83acfaa01e6480a91bd0a6d73f141dd,2026-06-27 16:29:00,['W001'],['W026'],[66702232],[66688892],66702232,66688892,13340,P2PKH
25885e6ae5294a22c0f3ced86a382f778016720bac793ec8eda3b9f398c8306f,2026-06-22 16:33:00,['W033'],['W039'],[32094483],[32088065],32094483,32088065,6418,P2SH
9ca67e6ff3a2a1e8cbc4d158887c701744b127142960aaf4d8cc28ee7b5a936c,2026-06-24 12:56:00,['W010'],['W017'],[10985366],[10980366],10985366,10980366,5000,P2WPKH
0c4727c39484860f5bebbaea373915db8e2f1bc42770f460b90d620b840f1970,2026-06-16 16:44:00,['W018'],['W007'],[9506907],[9501907],9506907,9501907,5000,P2TR
574897cc3f5912bd741a0c8a391bd95bb6be82d2eae0ee34153000179fd17cc5,2026-06-12 13:25:00,['W003'],['W023'],[31976301],[31969906],31976301,31969906,6395,P2WSH
1af9e24c1ed0c43f8f163fb43ad1dc14249fbf77937ab211d91c77c28548699e,2026-06-28 05:14:00,['W041'],['W026'],[21094857],[21089857],21094857,21089857,5000,P2PKH
161206982e48f7fc77485ed3353bd0049cccd62678e38734379b2d13d7624a29,2026-06-21 09:42:00,['W011'],['W025'],[36558427],[36551116],36558427,36551116,7311,P2SH
3fee3d6dbcb290a6195084f7d5e7c9406a979dff2fa0a094e115feee42a6dc5e,2026-06-24 08:41:00,['W046'],['W042'],[69884206],[69870230],69884206,69870230,13976,P2PKH
2c47234378efe3d894104a26cf727689f6cd751a43f4b274b02f20493d490289,2026-06-30 16:43:00,['W007'],['W032'],[48475593],[48465898],48475593,48465898,9695,P2WPKH
8e3b69b95b9c4b48300c23992e4f527d7a78f46da8a9a9d732718b4582e36f68,2026-07-01 20:09:00,['W001'],['W031'],[31186382],[31180145],31186382,31180145,6237,P2SH
f994e4940ad12a7f0bf3916b54a41345c949faa4ac71993d4f1eecd2d677e6be,2026-06-01 23:44:00,['W041'],['W005'],[65711220],[65698078],65711220,65698078,13142,P2WPKH
9e2cc8d97a12567b26a474fc406d4dbc8cc9ad2eb471dbcce310fc53f1c71462,2026-06-21 13:01:00,['W036'],['W010'],[63917693],[63904910],63917693,63904910,12783,P2WPKH
159f487d1e2f6efb560f01ed384230047b076d8833e60914c10399e1b1108427,2026-06-08 15:16:00,['W017'],['W033'],[19661654],[19656654],19661654,19656654,5000,P2WSH
317b649b905c3ee13394d8ad49fa9a2d35f78ee5091ded97aeea8e819a9f007a,2026-06-06 10:11:00,['W017'],['W013'],[53892827],[53882049],53892827,53882049,10778,P2WPKH
b320c9b09d8793a2abe24f1f5c51f35e1a515483620e181156f73076387e06c5,2026-06-07 13:40:00,['W041'],['W002'],[64338943],[64326076],64338943,64326076,12867,P2WPKH
2d12e07798da30909c1ab939db79781aa8ea1d09d2d4200f69761d0b678e229f,2026-06-10 22:24:00,['W018'],['W009'],[29176622],[29170787],29176622,29170787,5835,P2SH
f5cd0e80a3925d3b099dea93315a2d7eebd474bab9cf74ad45c8e89878f436ca,2026-06-08 23:29:00,['W014'],['W009'],[30793948],[30787790],30793948,30787790,6158,P2WPKH
1fe43302434599ea834ceb2315ead5cd61d1d8639422f9af941ae2c0063d7b68,2026-06-13 19:45:00,['W041'],['W032'],[17123886],[17118886],17123886,17118886,5000,P2WSH
ec960dab8f49e586d8eb39d9410f4dd68e6cb004be87b8f299436d1e738be6f9,2026-06-08 10:34:00,['W045'],['W024'],[5622701],[5617701],5622701,5617701,5000,P2TR
9efe569b44eadf5315b71402de539e066f6431f39071cf20e4abc1950c533874,2026-06-14 06:26:00,['W007'],['W033'],[64920010],[64907026],64920010,64907026,12984,P2PKH
8bee86767cd48df68d61201c97bdce90d6d61deef9af40f684a89ca61974fff4,2026-06-15 04:41:00,['W017'],['W037'],[9036404],[9031404],9036404,9031404,5000,P2PKH
4b1b90a7f46ed6e6048a79d9d82750245ed47197ef453bb0d1175794f3580b44,2026-06-05 06:34:00,['W046'],['W012'],[11062698],[11057698],11062698,11057698,5000,P2PKH
298b0fe45a72ae29105ca1d190bc0aac2e896c65c6d16d416431aa5363f2efd8,2026-06-25 15:34:00,['W038'],['W015'],[35471879],[35464785],35471879,35464785,7094,P2TR
7f14a63e124f769929126a05571d0b56aad4ec6c1faa677ccad1deb0e507ea63,2026-06-19 00:08:00,['W004'],['W025'],[50439218],[50429131],50439218,50429131,10087,P2SH
551c3eed80acd5ecd3465baadd3cc90da9592945beae94d924504b272aab8af6,2026-06-24 13:06:00,['W010'],['W045'],[52435208],[52424721],52435208,52424721,10487,P2WSH
161ded5fcaf1045ee0731c5356fa4a9c0715f4c6a1b261d8aea345e6013ee81b,2026-06-11 06:16:00,['W009'],['W028'],[58291368],[58279710],58291368,58279710,11658,P2PKH
c51921db1691f7449f920436de298963008e3f3d10224fb6d89627a6de279451,2026-06-29 06:34:00,['W007'],['W018'],[21334243],[21329243],21334243,21329243,5000,P2PKH
b4f23408138c4024102fdb2bf98a9b7842a57b60cb821bf699bb8c18c3b6c216,2026-06-03 17:54:00,['W039'],['W033'],[41025585],[41017380],41025585,41017380,8205,P2WSH
2ab6bfd7eebe8eb2fcf02d961a65b3ede89460bcda944f4e6850c4b67b788f79,2026-06-13 11:24:00,['W016'],['W006'],[43542958],[43534250],43542958,43534250,8708,P2TR
f8fe1aecee5e4fb0a9dfe7cfde1a600dde9e9b352e29d1e665b523eccea1ac42,2026-06-15 03:09:00,['W002'],['W017'],[49783950],[49773994],49783950,49773994,9956,P2SH
d872246f69097a2226b012547c9cee52f13752674378bf37460025979a575ed3,2026-06-23 08:44:00,['W018'],['W020'],[12638000],[12633000],12638000,12633000,5000,P2SH
03a8351841f7ea1a128f9283dcd79f6723c574dcad4378d749264ef7e6fd4469,2026-06-24 16:59:00,['W015'],['W045'],[25739539],[25734392],25739539,25734392,5147,P2WPKH
ecd1342b9e2b68a8c1d013d8d9c40d4d5e8f2e5779efa53369557e610b3605fa,2026-06-22 15:05:00,['W018'],['W042'],[22082244],[22077244],22082244,22077244,5000,P2PKH
e98ff0c848f14d081c3166ec2b67465192904e36e680797c3742ed2759760b5f,2026-06-13 17:04:00,['W040'],['W039'],[19901667],[19896667],19901667,19896667,5000,P2WSH
509ebbe7e4f3f70ff8c00f4e84df93e425a26cb65ec0de1b92e473b3d20a4f9c,2026-06-30 12:00:00,['W021'],['W001'],[72048440],[72034031],72048440,72034031,14409,P2WSH
7e8d40e1e530bd2d383194a60a22c384bcf50e3028aee49d92574f0c45547754,2026-06-27 11:14:00,['W015'],['W006'],[49302720],[49292860],49302720,49292860,9860,P2TR
7f9d9a43d8be0cbfa59f8b7b6645200300ae8d4bcd1916f19967e4ba45cd60b9,2026-06-26 17:03:00,['W032'],['W020'],[46932116],[46922730],46932116,46922730,9386,P2TR
e8dd414e6cc1bf5e9698c93e3124fcde57a8b1d96ec5fbdbed3638289544f760,2026-06-01 11:20:00,['W044'],['W005'],[35772333],[35765179],35772333,35765179,7154,P2WSH
8b012e5ccffe5977a9a5bfba24b20f4c1563542187c21591398f9078b660a82b,2026-06-21 00:46:00,['W040'],['W038'],[51074218],[51064004],51074218,51064004,10214,P2TR
4ea07271d8d99f86628a6c86ab857ed7a32092fc283f206c2c19bccd698cf56e,2026-06-06 00:42:00,['W042'],['W019'],[51084341],[51074125],51084341,51074125,10216,P2WSH
e6a2f990c66516969979c03e18274acd4489b7b8f7ab054e70deced866a6438b,2026-06-29 16:14:00,['W037'],['W040'],[19310326],[19305326],19310326,19305326,5000,P2TR
5ae747db650a793cbb7658b0c0be62e05296b4aea2c080150433578184172ed6,2026-06-05 11:35:00,['W038'],['W001'],[8963730],[8958730],8963730,8958730,5000,P2SH
33a25470caf95b19f96e019ee7c396bb64ab5365e59cade59c51502ad5d5d824,2026-06-07 14:45:00,['W011'],['W035'],[73382333],[73367657],73382333,73367657,14676,P2PKH
4ba8c2ba26932ca264561c88968d0ce5e5c575f32b0cb87fadd933648551a150,2026-06-27 08:15:00,['W021'],['W010'],[36979108],[36971713],36979108,36971713,7395,P2WPKH
948bbddedc097ccc2d88b704d202284cbfc464afcb602404459416bec612715b,2026-06-21 11:20:00,['W040'],['W025'],[7623734],[7618734],7623734,7618734,5000,P2SH
edd17ff651d49bc4e4b02df87c5cb15c2650501ab73ef61c443802be59e947e9,2026-06-08 06:06:00,['W038'],['W012'],[47250868],[47241418],47250868,47241418,9450,P2WSH
81cbc1a217136585d446bac3d34abca07c982d746b74988a142a606ac49f1a7e,2026-07-01 17:10:00,['W046'],['W038'],[34715580],[34708637],34715580,34708637,6943,P2WPKH
c33f9a358ec28fabd7a45026cd2e36746941b9147b1ba805307537411ad6cc3d,2026-06-09 11:45:00,['W001'],['W020'],[58153828],[58142198],58153828,58142198,11630,P2WPKH
8b89199a4461b398a98718e08dc8b7a637c261c1a6c70579f00f82f256ed9857,2026-06-16 23:39:00,['W036'],['W016'],[56991061],[56979663],56991061,56979663,11398,P2WSH
db0b00445a6652ed6772312c5d2b74e7137b3ef4b1edd8e806437590af69f5fb,2026-06-12 00:06:00,['W046'],['W009'],[17432763],[17427763],17432763,17427763,5000,P2WPKH
59d3313584637dd76e484e61f9eb0dcaba97c9ee5c91c1d99e31dda09ca911f6,2026-06-18 03:40:00,['W041'],['W038'],[32925199],[32918614],32925199,32918614,6585,P2WSH
6cfdeb88a15a626d6a4389fbc3fb428b461e416decc0bd1e98cde217864aa36e,2026-06-27 17:46:00,['W024'],['W036'],[38051201],[38043591],38051201,38043591,7610,P2TR
d85535c9cb709d6834bd97c1ff219de029fb38c86712f0a956efa1c3aa0d51e7,2026-06-18 12:19:00,['W002'],['W044'],[24470941],[24465941],24470941,24465941,5000,P2PKH
0ff4b7fa55008de3cc83f4498c2d43114adb30012304aff159148c4cc1df6476,2026-06-04 02:21:00,['W036'],['W024'],[72157927],[72143496],72157927,72143496,14431,P2SH
349fb2c193a3904b466daab1d08c157d51e0446c4e835572495737df315b0841,2026-06-19 08:35:00,['W030'],['W042'],[22739269],[22734269],22739269,22734269,5000,P2SH
d19beddca83a24b53ddd49ee2259de240e946fcf3352a73b0fbd64af332d3e09,2026-06-19 05:28:00,['W023'],['W042'],[18112790],[18107790],18112790,18107790,5000,P2WPKH
86e899d3a059d1846e75d806f609fa7fb26f8d41807423618af77824fc5b277a,2026-06-20 14:26:00,['W013'],['W021'],[25963354],[25958162],25963354,25958162,5192,P2PKH
4fb4fe98f5b0d569b70cdc88c9ceb7ce972aff5b1f179f14b3216c382638b09a,2026-07-01 11:57:00,['W044'],['W037'],[51847237],[51836868],51847237,51836868,10369,P2PKH
c237bfb6531cbc1024a59437c73ccc9971bfa3b75b82390a14627a3fc4e1bd48,2026-06-16 17:33:00,['W006'],['W028'],[57832859],[57821293],57832859,57821293,11566,P2SH
7404392c9e6e66ef9fc429249f2c6a67e55fa30a91df47131f1f0d7c5dcc2bab,2026-07-01 19:00:00,['W045'],['W014'],[62492216],[62479718],62492216,62479718,12498,P2TR
8e309e9ee6bceca986f2553997431783db82c3978a54806e694417ee7ae5144a,2026-06-30 00:20:00,['W016'],['W036'],[39933767],[39925781],39933767,39925781,7986,P2PKH
a14befb6e8b0b225a5a0a12c232fb71063beb3a2069b78d06fe207ca00eb9812,2026-06-23 03:19:00,['W043'],['W031'],[36926724],[36919339],36926724,36919339,7385,P2SH
02520d6606da4763795d50422277df94f12f164cd9bf5aa492b3a8e73781a1b0,2026-06-13 11:00:00,['W031'],['W047'],[45000000],[44995000],45000000,44995000,5000,P2WPKH
803b6ce4f0e82187bc9e6e83c453fbbe33d9549c0683961b8da3b9b95f7b5e04,2026-06-13 11:06:00,['W032'],['W047'],[55000000],[54995000],55000000,54995000,5000,P2WPKH
39a41a785a7e404d6259d78d267cb1ce4031b1e4530aa2d733fea49f033bcd84,2026-06-13 11:12:00,['W033'],['W047'],[65000000],[64995000],65000000,64995000,5000,P2WPKH
389b70bfae477ad62e865cf1206ab15485c0e981a4f0458719006c4b007a31c8,2026-06-13 11:24:00,['W047'],"['W034', 'W035']",[150000000],"[74000000, 74000000]",150000000,148000000,2000000,P2TR
629adb872554123c3b3bc8694d4d15d4ef5328003e72f255ab3807eb4ab6a5a4,2026-06-19 15:00:00,['W048'],['W049'],[180000000],[179500000],180000000,179500000,500000,P2SH
4ba02cc1916eadf1c6fd352cfe5ebccb9980ee72e1cea2f562778f3d42d2f0b5,2026-06-19 15:00:45,['W049'],['W036'],[179500000],[179000000],179500000,179000000,500000,P2WPKH
418a72abfef7e3538c363a56ad83ba0c772b54f30f41b960425f0164895e5820,2026-06-19 15:01:35,['W036'],['W037'],[179000000],[178500000],179000000,178500000,500000,P2PKH
d11172b7fd70137588fe6e4c29e93aeffe422e93ef65afaaefdfe0e1e02f8b5d,2026-06-24 20:00:00,"['W038', 'W039', 'W040']",['W050'],"[40000000, 45000000, 35000000]",[115000000],120000000,115000000,5000000,P2SH
267027124f31d6ccf90f84612bbbd3a06a4760bb39ba46da65166e54cf7d32c0,2026-06-24 20:02:00,['W050'],"['W041', 'W042', 'W043']",[115000000],"[38000000, 38000000, 38000000]",115000000,114000000,1000000,P2PKH
