entity_id,entity_type,created_at
E000001,normal_user,2026-01-05 20:33:30
E000002,merchant,2026-02-17 13:16:43
E000003,normal_user,2026-05-24 00:12:16
E000004,normal_user,2026-05-24 19:45:42
E000005,payment_processor,2026-01-17 21:09:51
E000006,normal_user,2026-01-07 04:07:04
E000007,normal_user,2026-02-12 10:55:36
E000008,normal_user,2026-04-27 21:36:38
E000009,normal_user,2026-02-08 14:39:02
E000010,normal_user,2026-05-17 04:24:40
E000011,normal_user,2026-02-12 19:19:39
E000012,normal_user,2026-02-24 00:27:45
E000013,merchant,2026-01-02 06:17:11
E000014,merchant,2026-02-01 00:03:58
E000015,normal_user,2026-03-08 01:40:56
E000016,normal_user,2026-02-11 19:26:05
E000017,layering_behavior,2026-03-07 08:38:39
E000018,normal_user,2026-03-15 18:35:22
E000019,normal_user,2026-06-14 13:36:36
E000020,normal_user,2026-02-21 08:45:23
E000021,merchant,2026-05-22 16:47:47
E000022,normal_user,2026-01-25 05:43:55
E000023,layering_behavior,2026-03-15 12:05:53
E000024,normal_user,2026-02-26 22:18:35
E000025,exchange,2026-05-01 02:30:39
E000026,miner,2026-03-12 05:20:28
E000027,normal_user,2026-05-17 19:32:33
E000028,normal_user,2026-05-09 09:42:37
E000029,normal_user,2026-02-26 04:38:44
E000030,mixer_behavior,2026-06-16 02:04:10
E000031,normal_user,2026-01-20 14:42:02
E000032,normal_user,2026-03-30 01:02:42
E000033,normal_user,2026-03-12 20:14:28
E000034,normal_user,2026-03-10 23:40:53
E000035,normal_user,2026-02-21 20:12:24
E000036,normal_user,2026-05-13 17:33:46
E000037,normal_user,2026-04-29 06:45:22
E000038,normal_user,2026-04-14 17:16:20
E000039,merchant,2026-02-01 17:30:38
E000040,normal_user,2026-02-22 10:02:52
E000041,mixer_behavior,2026-05-05 06:36:54
E000042,normal_user,2026-02-12 15:28:51
E000043,normal_user,2026-06-13 15:58:28
E000044,merchant,2026-01-11 20:41:23
E000045,normal_user,2026-01-07 05:35:52
E000046,merchant,2026-03-19 21:33:48
E000047,normal_user,2026-02-10 23:15:04
E000048,payment_processor,2026-04-21 03:15:02
E000049,miner,2026-03-03 02:30:18
E000050,normal_user,2026-04-07 22:35:10
E000051,normal_user,2026-06-27 14:06:02
E000052,normal_user,2026-01-28 17:49:47
E000053,normal_user,2026-02-17 21:22:02
E000054,merchant,2026-04-15 15:48:58
E000055,normal_user,2026-04-24 12:22:05
E000056,normal_user,2026-04-24 07:27:37
E000057,normal_user,2026-02-12 14:06:31
E000058,mixer_behavior,2026-01-27 20:40:21
E000059,normal_user,2026-01-18 15:40:06
E000060,merchant,2026-06-17 05:01:49
E000061,normal_user,2026-05-02 20:06:37
E000062,normal_user,2026-05-13 03:16:20
E000063,normal_user,2026-01-13 08:03:38
E000064,normal_user,2026-04-26 17:02:28
E000065,mixer_behavior,2026-04-13 17:51:05
E000066,normal_user,2026-04-18 10:13:10
E000067,miner,2026-01-03 05:30:19
E000068,normal_user,2026-01-23 05:50:59
E000069,normal_user,2026-04-15 06:27:47
E000070,merchant,2026-05-30 05:55:46
E000071,normal_user,2026-01-22 15:52:14
E000072,normal_user,2026-01-31 17:04:06
E000073,normal_user,2026-05-21 05:11:34
E000074,miner,2026-02-21 03:28:54
E000075,layering_behavior,2026-05-28 23:00:04
E000076,normal_user,2026-06-27 05:09:14
E000077,normal_user,2026-05-02 10:06:36
E000078,normal_user,2026-05-05 01:43:13
E000079,normal_user,2026-02-08 14:59:34
E000080,normal_user,2026-05-29 01:33:28
E000081,normal_user,2026-06-01 04:39:44
E000082,ransomware_behavior,2026-06-28 08:29:23
E000083,normal_user,2026-03-04 22:40:36
E000084,normal_user,2026-01-22 17:20:28
E000085,ransomware_behavior,2026-06-20 15:08:26
E000086,mixer_behavior,2026-06-06 15:50:35
E000087,normal_user,2026-01-12 05:57:03
E000088,normal_user,2026-04-21 04:04:29
E000089,ransomware_behavior,2026-01-17 15:10:26
E000090,merchant,2026-06-08 10:56:38
E000091,normal_user,2026-05-28 16:39:46
E000092,normal_user,2026-01-25 10:05:11
E000093,normal_user,2026-04-03 06:58:35
E000094,ransomware_behavior,2026-02-02 01:32:50
E000095,normal_user,2026-06-19 09:49:57
E000096,normal_user,2026-02-11 03:03:04
E000097,ransomware_behavior,2026-05-27 15:47:27
E000098,merchant,2026-02-09 01:25:54
E000099,normal_user,2026-03-19 11:26:19
E000100,mixer_behavior,2026-05-07 04:39:04
