wallet_id,created_at,script_type,initial_balance_btc,wallet_type,primary_entity_id,is_service
W0000001,2026-03-29 16:04:40,P2PKH,0.44785496,normal_user,E000099,False
W0000002,2026-04-25 05:43:02,P2TR,0.23733935,normal_user,E000004,False
W0000003,2026-05-18 10:46:40,P2PKH,0.52084048,normal_user,E000012,False
W0000004,2026-01-14 18:13:09,P2TR,1.24985789,payment_processor,E000048,True
W0000005,2026-04-15 17:00:44,P2SH,0.21563818,normal_user,E000038,False
W0000006,2026-02-17 04:26:57,P2WSH,0.21564172,miner,E000074,False
W0000007,2026-05-08 23:04:55,P2WSH,1.32208867,normal_user,E000018,False
W0000008,2026-05-11 18:06:22,P2PKH,0.58709697,normal_user,E000009,False
W0000009,2026-04-15 03:16:21,P2WSH,0.17042254,normal_user,E000035,False
W0000010,2026-02-18 12:10:56,P2PKH,0.46886521,normal_user,E000087,False
W0000011,2026-01-10 19:45:31,P2TR,0.17145787,miner,E000026,False
W0000012,2026-02-02 07:03:57,P2WSH,0.17106191,layering_behavior,E000017,False
W0000013,2026-06-25 05:41:18,P2PKH,0.34713632,normal_user,E000076,False
W0000014,2026-02-21 11:56:08,P2WSH,0.04022445,normal_user,E000072,False
W0000015,2026-01-31 01:24:19,P2SH,0.04856181,normal_user,E000092,False
W0000016,2026-05-23 20:47:01,P2TR,0.15531693,layering_behavior,E000075,False
W0000017,2026-01-12 01:04:40,P2TR,0.09898063,normal_user,E000031,False
W0000018,2026-05-12 02:43:06,P2SH,0.37315826,normal_user,E000011,False
W0000019,2026-02-17 19:26:48,P2TR,0.10991762,ransomware_behavior,E000097,False
W0000020,2026-05-08 15:34:51,P2TR,0.0663837,normal_user,E000078,False
W0000021,2026-02-09 15:55:00,P2WPKH,1.18015852,normal_user,E000050,False
W0000022,2026-03-30 18:49:15,P2WPKH,0.21745218,normal_user,E000056,False
W0000023,2026-03-30 23:45:55,P2TR,0.29157098,ransomware_behavior,E000082,False
W0000024,2026-04-15 09:33:28,P2SH,0.06556271,mixer_behavior,E000030,False
W0000025,2026-06-21 01:07:28,P2PKH,0.1581229,normal_user,E000064,False
W0000026,2026-03-27 02:05:17,P2TR,0.30450206,normal_user,E000031,False
W0000027,2026-05-10 16:28:05,P2TR,0.08620789,normal_user,E000003,False
W0000028,2026-02-21 08:30:01,P2PKH,0.3968083,normal_user,E000027,False
W0000029,2026-02-22 21:14:04,P2WPKH,0.14947312,merchant,E000014,True
W0000030,2026-05-14 11:58:07,P2WPKH,0.20358051,normal_user,E000037,False
W0000031,2026-01-18 22:08:31,P2WSH,0.14931358,normal_user,E000009,False
W0000032,2026-05-30 17:40:33,P2SH,1.73720619,normal_user,E000062,False
W0000033,2026-04-18 03:01:01,P2WSH,0.26887808,normal_user,E000081,False
W0000034,2026-04-16 22:38:06,P2PKH,0.09463661,normal_user,E000029,False
W0000035,2026-03-25 10:57:04,P2SH,0.62036015,normal_user,E000028,False
W0000036,2026-02-10 19:01:39,P2SH,0.08039176,miner,E000067,False
W0000037,2026-05-01 12:29:32,P2SH,0.33583463,normal_user,E000077,False
W0000038,2026-06-05 07:44:37,P2SH,0.03840106,normal_user,E000031,False
W0000039,2026-06-01 22:11:07,P2WSH,0.07220933,normal_user,E000062,False
W0000040,2026-02-21 19:24:17,P2SH,0.33182792,miner,E000049,False
W0000041,2026-06-16 17:20:04,P2WSH,0.57033383,normal_user,E000007,False
W0000042,2026-03-09 21:31:34,P2WPKH,0.32347556,merchant,E000054,True
W0000043,2026-01-05 14:17:03,P2SH,0.24276818,miner,E000049,False
W0000044,2026-05-31 03:57:48,P2WPKH,0.20167381,normal_user,E000011,False
W0000045,2026-01-06 08:37:40,P2PKH,0.06213027,normal_user,E000062,False
W0000046,2026-01-08 10:17:29,P2PKH,0.13267613,normal_user,E000050,False
W0000047,2026-03-26 17:44:34,P2TR,0.171935,normal_user,E000059,False
W0000048,2026-02-19 11:05:34,P2PKH,0.78436738,normal_user,E000035,False
W0000049,2026-03-12 17:23:42,P2WSH,0.38428081,normal_user,E000036,False
W0000050,2026-05-20 18:17:52,P2WPKH,0.04674537,normal_user,E000022,False
W0000051,2026-03-20 03:19:18,P2WPKH,0.37684699,normal_user,E000061,False
W0000052,2026-05-12 12:31:49,P2SH,0.18542917,normal_user,E000071,False
W0000053,2026-03-01 00:09:35,P2WPKH,0.13849487,normal_user,E000001,False
W0000054,2026-05-08 03:08:57,P2WPKH,0.50241756,merchant,E000070,True
W0000055,2026-04-10 06:14:36,P2WSH,0.76414289,normal_user,E000038,False
W0000056,2026-02-02 22:49:09,P2PKH,0.69161912,layering_behavior,E000075,False
W0000057,2026-01-19 03:12:57,P2SH,0.11774694,normal_user,E000062,False
W0000058,2026-01-29 14:43:09,P2PKH,0.20004511,normal_user,E000036,False
W0000059,2026-05-20 11:44:04,P2WSH,0.37956229,normal_user,E000035,False
W0000060,2026-06-23 08:05:46,P2PKH,0.72292133,normal_user,E000001,False
W0000061,2026-04-01 04:57:33,P2PKH,0.16877746,normal_user,E000099,False
W0000062,2026-03-30 15:15:58,P2SH,0.22635313,payment_processor,E000005,True
W0000063,2026-05-27 15:43:12,P2WSH,0.09014507,normal_user,E000059,False
W0000064,2026-03-24 20:45:21,P2TR,0.08239697,normal_user,E000095,False
W0000065,2026-03-29 09:28:37,P2WPKH,0.61417574,normal_user,E000088,False
W0000066,2026-05-29 16:57:01,P2TR,1.05785157,exchange,E000025,True
W0000067,2026-01-16 01:05:54,P2WPKH,0.25359669,normal_user,E000081,False
W0000068,2026-01-27 20:52:11,P2SH,0.74344008,normal_user,E000015,False
W0000069,2026-01-13 11:19:41,P2WSH,0.39126744,normal_user,E000038,False
W0000070,2026-01-13 02:10:45,P2SH,0.1429701,normal_user,E000078,False
W0000071,2026-06-16 08:39:38,P2TR,0.39117338,normal_user,E000004,False
W0000072,2026-02-27 23:38:08,P2WSH,1.26875559,normal_user,E000066,False
W0000073,2026-04-15 12:17:22,P2TR,0.26294089,layering_behavior,E000023,False
W0000074,2026-02-12 14:34:44,P2WPKH,1.30296659,payment_processor,E000048,True
W0000075,2026-05-10 21:10:37,P2WSH,0.01984615,normal_user,E000063,False
W0000076,2026-05-01 19:55:39,P2TR,0.61996175,exchange,E000025,True
W0000077,2026-01-27 08:24:19,P2WSH,0.29731802,normal_user,E000079,False
W0000078,2026-02-11 02:24:30,P2WSH,0.20209703,normal_user,E000061,False
W0000079,2026-02-24 00:46:11,P2WSH,0.2987228,merchant,E000046,True
W0000080,2026-05-26 10:42:21,P2TR,0.03734453,normal_user,E000004,False
W0000081,2026-05-27 10:58:53,P2PKH,0.21878366,layering_behavior,E000017,False
W0000082,2026-05-01 15:38:02,P2SH,0.38950155,normal_user,E000004,False
W0000083,2026-04-20 12:17:19,P2SH,1.19469873,normal_user,E000020,False
W0000084,2026-02-02 13:57:14,P2TR,0.16230626,normal_user,E000069,False
W0000085,2026-06-01 00:46:22,P2SH,0.12142074,merchant,E000013,True
W0000086,2026-03-02 13:49:34,P2TR,0.16500871,normal_user,E000006,False
W0000087,2026-05-19 20:12:36,P2SH,0.68072431,layering_behavior,E000023,False
W0000088,2026-06-15 02:39:13,P2TR,0.3786099,normal_user,E000056,False
W0000089,2026-06-01 23:20:42,P2PKH,0.16045204,merchant,E000070,True
W0000090,2026-01-14 09:21:42,P2TR,0.45533013,normal_user,E000069,False
W0000091,2026-06-09 16:20:23,P2WSH,0.30031527,normal_user,E000078,False
W0000092,2026-06-23 03:02:26,P2WSH,0.71795024,layering_behavior,E000075,False
W0000093,2026-05-07 07:21:04,P2WPKH,0.13505771,normal_user,E000099,False
W0000094,2026-04-01 06:28:07,P2WSH,0.19638816,payment_processor,E000048,True
W0000095,2026-06-15 09:16:15,P2SH,0.18413094,normal_user,E000061,False
W0000096,2026-02-17 08:29:09,P2WSH,0.06306969,normal_user,E000083,False
W0000097,2026-01-06 13:45:06,P2WSH,0.36645494,normal_user,E000063,False
W0000098,2026-03-10 21:36:15,P2WPKH,0.35382787,normal_user,E000038,False
W0000099,2026-04-18 22:10:26,P2PKH,0.27392894,miner,E000067,False
W0000100,2026-05-20 19:47:28,P2WSH,0.21554466,normal_user,E000043,False
W0000101,2026-04-03 10:45:16,P2WSH,0.06618041,merchant,E000098,True
W0000102,2026-02-13 00:42:50,P2WSH,0.17895063,normal_user,E000055,False
W0000103,2026-04-02 21:33:13,P2TR,0.19345419,normal_user,E000069,False
W0000104,2026-03-10 07:33:21,P2WSH,0.12217788,normal_user,E000062,False
W0000105,2026-05-21 01:25:43,P2SH,0.23193788,normal_user,E000022,False
W0000106,2026-02-05 22:51:38,P2SH,0.40821996,merchant,E000098,True
W0000107,2026-01-20 12:29:08,P2SH,1.79712093,normal_user,E000053,False
W0000108,2026-01-03 17:56:10,P2TR,0.32451543,normal_user,E000056,False
W0000109,2026-04-18 10:50:22,P2WPKH,0.35258992,normal_user,E000009,False
W0000110,2026-01-20 22:05:35,P2PKH,0.25297973,normal_user,E000092,False
W0000111,2026-03-08 03:48:17,P2SH,0.04000418,normal_user,E000081,False
W0000112,2026-01-23 03:41:04,P2PKH,0.26540087,normal_user,E000091,False
W0000113,2026-01-30 11:05:56,P2SH,0.28945084,normal_user,E000009,False
W0000114,2026-02-18 04:39:13,P2PKH,3.20029218,ransomware_behavior,E000082,False
W0000115,2026-05-31 14:59:38,P2TR,0.22484119,normal_user,E000040,False
W0000116,2026-06-17 00:40:01,P2TR,0.36844912,payment_processor,E000048,True
W0000117,2026-04-29 09:05:09,P2PKH,0.26323404,normal_user,E000010,False
W0000118,2026-02-21 09:20:25,P2PKH,0.08469675,normal_user,E000038,False
W0000119,2026-01-31 09:29:41,P2PKH,0.85455263,normal_user,E000012,False
W0000120,2026-02-26 13:22:00,P2PKH,0.57806615,normal_user,E000088,False
W0000121,2026-01-14 19:43:18,P2SH,0.60111558,normal_user,E000084,False
W0000122,2026-04-25 12:37:07,P2SH,0.10976787,merchant,E000090,True
W0000123,2026-06-26 09:30:15,P2WPKH,1.10826343,normal_user,E000029,False
W0000124,2026-06-03 21:55:00,P2WPKH,0.06708123,normal_user,E000032,False
W0000125,2026-03-27 06:36:12,P2PKH,0.49010143,exchange,E000025,True
W0000126,2026-02-22 20:45:33,P2TR,2.43623941,normal_user,E000076,False
W0000127,2026-06-22 17:00:39,P2WSH,0.10121216,normal_user,E000008,False
W0000128,2026-01-18 17:36:50,P2SH,0.15469533,normal_user,E000006,False
W0000129,2026-05-29 12:02:30,P2WPKH,0.30108922,exchange,E000025,True
W0000130,2026-04-02 08:41:33,P2TR,0.16472536,merchant,E000014,True
W0000131,2026-04-24 15:50:01,P2WSH,0.05780596,payment_processor,E000005,True
W0000132,2026-04-02 06:24:25,P2WPKH,0.29187285,normal_user,E000016,False
W0000133,2026-06-16 13:19:33,P2SH,0.09420296,normal_user,E000019,False
W0000134,2026-05-09 15:51:47,P2WSH,0.43761858,normal_user,E000053,False
W0000135,2026-01-18 02:23:18,P2WPKH,0.10867166,normal_user,E000084,False
W0000136,2026-06-17 22:46:31,P2TR,1.28394119,normal_user,E000076,False
W0000137,2026-03-22 05:52:23,P2PKH,0.12452444,normal_user,E000087,False
W0000138,2026-05-02 10:36:57,P2WSH,0.19749115,normal_user,E000093,False
W0000139,2026-02-25 22:18:47,P2WSH,0.61478493,normal_user,E000024,False
W0000140,2026-05-03 08:06:59,P2TR,0.0795902,normal_user,E000006,False
W0000141,2026-04-17 23:05:45,P2PKH,0.34213836,normal_user,E000057,False
W0000142,2026-03-31 14:30:10,P2PKH,1.00716832,normal_user,E000020,False
W0000143,2026-04-09 19:30:55,P2WPKH,0.05461301,normal_user,E000055,False
W0000144,2026-02-17 07:52:06,P2WSH,0.32779524,normal_user,E000088,False
W0000145,2026-05-25 21:58:31,P2SH,0.35341326,normal_user,E000096,False
W0000146,2026-03-07 23:56:00,P2TR,0.59560527,normal_user,E000078,False
W0000147,2026-06-12 14:55:14,P2TR,0.07910725,normal_user,E000056,False
W0000148,2026-03-28 17:03:42,P2TR,0.07276963,normal_user,E000029,False
W0000149,2026-03-30 10:03:34,P2WPKH,0.4592969,normal_user,E000071,False
W0000150,2026-04-22 00:46:12,P2WSH,0.36677184,mixer_behavior,E000041,False
W0000151,2026-03-03 18:48:32,P2WSH,0.35011026,merchant,E000002,True
W0000152,2026-05-09 21:00:50,P2SH,0.38536984,merchant,E000046,True
W0000153,2026-04-25 14:26:24,P2WPKH,0.13806582,normal_user,E000095,False
W0000154,2026-01-20 08:41:24,P2TR,0.34378243,miner,E000074,False
W0000155,2026-03-21 14:38:19,P2SH,0.36533975,normal_user,E000028,False
W0000156,2026-06-15 12:11:54,P2TR,0.1334069,normal_user,E000062,False
W0000157,2026-06-19 09:35:58,P2TR,1.76081102,normal_user,E000092,False
W0000158,2026-05-26 00:11:00,P2PKH,0.43772384,normal_user,E000042,False
W0000159,2026-03-28 03:41:30,P2SH,0.08280196,normal_user,E000018,False
W0000160,2026-03-04 23:41:43,P2PKH,0.5254783,payment_processor,E000005,True
W0000161,2026-02-17 10:02:33,P2TR,0.10282964,normal_user,E000028,False
W0000162,2026-02-03 00:10:52,P2SH,0.59874745,normal_user,E000034,False
W0000163,2026-02-15 02:04:35,P2WSH,0.86813815,payment_processor,E000005,True
W0000164,2026-06-24 13:13:02,P2WSH,0.11994976,normal_user,E000003,False
W0000165,2026-01-15 08:13:17,P2WSH,0.71417741,normal_user,E000031,False
W0000166,2026-05-05 01:40:12,P2WSH,0.41179935,mixer_behavior,E000058,False
W0000167,2026-02-08 16:25:06,P2WSH,0.6200595,normal_user,E000056,False
W0000168,2026-04-22 01:21:10,P2WPKH,1.81628459,normal_user,E000071,False
W0000169,2026-01-05 06:14:45,P2WSH,0.2132291,mixer_behavior,E000058,False
W0000170,2026-06-26 19:46:57,P2TR,0.12825483,normal_user,E000009,False
W0000171,2026-05-31 15:12:53,P2SH,0.11197111,exchange,E000025,True
W0000172,2026-05-01 13:33:45,P2WPKH,0.12053558,normal_user,E000035,False
W0000173,2026-05-13 05:00:52,P2SH,0.25230876,merchant,E000090,True
W0000174,2026-03-01 23:43:53,P2WSH,0.38333422,payment_processor,E000005,True
W0000175,2026-02-04 02:32:31,P2SH,0.35940363,normal_user,E000078,False
W0000176,2026-04-14 01:57:04,P2TR,0.62324427,normal_user,E000068,False
W0000177,2026-06-27 11:46:36,P2WSH,0.27609836,exchange,E000025,True
W0000178,2026-06-06 03:59:43,P2PKH,1.16594752,normal_user,E000063,False
W0000179,2026-06-17 00:32:44,P2WSH,0.20915978,normal_user,E000040,False
W0000180,2026-01-18 12:50:30,P2WSH,4.13782036,merchant,E000044,True
W0000181,2026-04-24 12:14:50,P2WSH,0.50949632,merchant,E000039,True
W0000182,2026-05-12 00:57:58,P2SH,0.11565339,ransomware_behavior,E000082,False
W0000183,2026-06-27 17:24:06,P2TR,0.09339733,normal_user,E000061,False
W0000184,2026-06-26 14:03:12,P2WPKH,0.44152193,normal_user,E000087,False
W0000185,2026-01-08 05:25:15,P2WPKH,0.21795584,normal_user,E000008,False
W0000186,2026-06-22 06:55:41,P2TR,0.55654931,normal_user,E000043,False
W0000187,2026-04-25 01:12:15,P2SH,0.43746334,normal_user,E000078,False
W0000188,2026-04-30 13:08:50,P2WSH,0.25338913,normal_user,E000092,False
W0000189,2026-02-12 04:33:00,P2WSH,0.11685824,normal_user,E000069,False
W0000190,2026-01-20 07:01:33,P2WPKH,0.05991387,normal_user,E000068,False
W0000191,2026-01-12 18:11:01,P2WSH,0.17438061,layering_behavior,E000023,False
W0000192,2026-01-18 19:13:44,P2SH,0.64172128,layering_behavior,E000023,False
W0000193,2026-01-10 19:42:46,P2WPKH,0.3375957,normal_user,E000004,False
W0000194,2026-01-14 07:44:47,P2TR,0.0784151,normal_user,E000037,False
W0000195,2026-03-05 19:11:54,P2SH,0.32406244,normal_user,E000042,False
W0000196,2026-06-16 16:27:44,P2SH,0.40064376,normal_user,E000052,False
W0000197,2026-01-22 08:17:38,P2PKH,0.11260632,normal_user,E000033,False
W0000198,2026-04-25 08:15:12,P2WPKH,0.31781847,normal_user,E000043,False
W0000199,2026-04-03 11:28:01,P2WSH,0.28886631,normal_user,E000011,False
W0000200,2026-03-29 18:29:52,P2TR,0.08690234,normal_user,E000019,False
W0000201,2026-02-28 13:41:57,P2WSH,0.38976447,normal_user,E000099,False
W0000202,2026-06-14 12:41:50,P2WSH,0.47748837,normal_user,E000091,False
W0000203,2026-01-15 06:29:29,P2PKH,0.80497122,normal_user,E000081,False
W0000204,2026-02-23 09:40:02,P2TR,0.78176746,normal_user,E000024,False
W0000205,2026-03-15 23:08:35,P2TR,0.06872314,normal_user,E000061,False
W0000206,2026-01-20 06:12:18,P2PKH,0.1066903,normal_user,E000080,False
W0000207,2026-03-25 12:16:16,P2WSH,0.45613579,normal_user,E000038,False
W0000208,2026-03-19 10:13:02,P2WSH,0.45556629,normal_user,E000084,False
W0000209,2026-05-10 03:37:38,P2WPKH,0.45614145,normal_user,E000059,False
W0000210,2026-01-14 00:51:50,P2PKH,12.84213409,normal_user,E000088,False
W0000211,2026-05-25 14:02:09,P2WPKH,0.48233833,normal_user,E000018,False
W0000212,2026-05-11 02:29:17,P2PKH,0.84837344,normal_user,E000062,False
W0000213,2026-06-18 13:36:09,P2PKH,0.70751373,miner,E000074,False
W0000214,2026-01-21 02:48:49,P2TR,0.52277258,normal_user,E000066,False
W0000215,2026-02-13 13:03:24,P2PKH,0.19883713,normal_user,E000091,False
W0000216,2026-05-29 01:59:59,P2WPKH,0.58214788,normal_user,E000020,False
W0000217,2026-05-30 00:29:41,P2TR,0.12582978,merchant,E000060,True
W0000218,2026-04-29 06:07:19,P2WPKH,0.21506422,normal_user,E000006,False
W0000219,2026-02-05 05:24:40,P2SH,0.16773607,normal_user,E000001,False
W0000220,2026-05-24 21:09:57,P2PKH,0.29578399,normal_user,E000028,False
W0000221,2026-03-23 12:33:40,P2WSH,2.75842142,normal_user,E000071,False
W0000222,2026-05-31 20:18:58,P2TR,0.04211863,normal_user,E000061,False
W0000223,2026-01-31 13:34:59,P2TR,0.54132264,miner,E000049,False
W0000224,2026-03-22 10:14:10,P2WPKH,0.05432798,normal_user,E000081,False
W0000225,2026-03-25 11:32:33,P2PKH,0.17000425,normal_user,E000064,False
W0000226,2026-04-13 07:41:27,P2WPKH,0.80973406,normal_user,E000092,False
W0000227,2026-05-30 00:06:28,P2SH,0.29062544,normal_user,E000038,False
W0000228,2026-01-02 12:01:26,P2WSH,0.09275954,normal_user,E000022,False
W0000229,2026-04-14 10:00:49,P2SH,0.13327992,normal_user,E000071,False
W0000230,2026-01-14 23:53:46,P2WSH,0.53772809,exchange,E000025,True
W0000231,2026-03-31 06:36:36,P2PKH,0.13128738,normal_user,E000004,False
W0000232,2026-05-18 18:30:17,P2WSH,0.33839501,normal_user,E000076,False
W0000233,2026-02-03 08:59:13,P2TR,0.28523891,normal_user,E000061,False
W0000234,2026-01-18 02:42:54,P2WSH,0.14204657,normal_user,E000068,False
W0000235,2026-04-12 17:50:32,P2PKH,2.32552098,normal_user,E000076,False
W0000236,2026-02-13 00:36:02,P2WPKH,0.51371791,normal_user,E000063,False
W0000237,2026-04-14 00:47:51,P2TR,0.03596739,normal_user,E000020,False
W0000238,2026-05-22 05:49:56,P2SH,0.32839252,merchant,E000044,True
W0000239,2026-02-03 16:33:50,P2TR,0.14060701,normal_user,E000036,False
W0000240,2026-02-04 09:33:38,P2WSH,0.6391816,merchant,E000013,True
W0000241,2026-05-13 06:18:43,P2TR,0.12337575,normal_user,E000083,False
W0000242,2026-06-17 19:40:56,P2WPKH,0.24298965,mixer_behavior,E000058,False
W0000243,2026-05-03 14:28:04,P2WPKH,0.45157549,normal_user,E000081,False
W0000244,2026-04-09 12:21:40,P2PKH,0.64775366,normal_user,E000066,False
W0000245,2026-03-13 14:26:30,P2WPKH,0.08206067,normal_user,E000010,False
W0000246,2026-03-29 07:54:39,P2TR,0.19504963,normal_user,E000008,False
W0000247,2026-04-08 08:32:27,P2SH,0.16949272,normal_user,E000088,False
W0000248,2026-05-19 16:57:06,P2PKH,0.1418012,normal_user,E000063,False
W0000249,2026-05-18 09:45:22,P2WSH,1.59273751,normal_user,E000045,False
W0000250,2026-03-12 15:53:14,P2WPKH,0.40860013,normal_user,E000031,False
W0000251,2026-05-12 19:53:33,P2TR,0.07723644,normal_user,E000063,False
W0000252,2026-02-25 04:13:15,P2WPKH,0.68240084,normal_user,E000072,False
W0000253,2026-03-06 17:34:46,P2PKH,2.27540076,normal_user,E000029,False
W0000254,2026-03-02 05:47:04,P2WSH,0.76526375,normal_user,E000064,False
W0000255,2026-03-02 02:45:22,P2TR,0.05964351,normal_user,E000015,False
W0000256,2026-05-11 02:58:07,P2TR,0.16792563,merchant,E000014,True
W0000257,2026-03-12 06:14:28,P2PKH,0.9674526,normal_user,E000096,False
W0000258,2026-03-08 08:35:17,P2WSH,0.1343013,normal_user,E000038,False
W0000259,2026-01-15 23:36:55,P2WPKH,0.42478141,mixer_behavior,E000041,False
W0000260,2026-05-09 12:48:49,P2WPKH,0.59133893,normal_user,E000007,False
W0000261,2026-01-30 22:52:11,P2SH,0.107859,normal_user,E000071,False
W0000262,2026-05-21 00:57:22,P2WSH,0.25678263,normal_user,E000032,False
W0000263,2026-05-27 02:23:49,P2WSH,0.01065989,normal_user,E000053,False
W0000264,2026-06-25 12:49:32,P2SH,0.09784334,normal_user,E000088,False
W0000265,2026-03-31 15:35:04,P2WPKH,0.21170359,ransomware_behavior,E000094,False
W0000266,2026-02-01 11:14:44,P2SH,0.07825495,normal_user,E000078,False
W0000267,2026-01-11 03:10:31,P2WSH,1.39432622,normal_user,E000047,False
W0000268,2026-05-19 03:22:07,P2TR,0.06521007,normal_user,E000019,False
W0000269,2026-02-22 23:17:58,P2WSH,0.17551259,normal_user,E000031,False
W0000270,2026-01-18 19:24:58,P2SH,0.31059688,normal_user,E000080,False
W0000271,2026-03-22 13:33:35,P2PKH,1.15173936,miner,E000026,False
W0000272,2026-01-16 20:18:32,P2WPKH,0.06483808,normal_user,E000072,False
W0000273,2026-06-12 22:50:41,P2WPKH,0.87211302,normal_user,E000018,False
W0000274,2026-06-28 03:22:33,P2WSH,0.27533495,normal_user,E000053,False
W0000275,2026-03-29 02:38:03,P2TR,0.10213001,normal_user,E000088,False
W0000276,2026-01-22 14:10:05,P2WPKH,0.43261957,normal_user,E000079,False
W0000277,2026-03-23 12:31:43,P2TR,0.33255823,normal_user,E000043,False
W0000278,2026-04-26 21:00:19,P2TR,0.14953618,normal_user,E000093,False
W0000279,2026-04-30 09:13:13,P2WPKH,0.29223473,normal_user,E000001,False
W0000280,2026-04-12 15:36:53,P2WPKH,0.18538629,normal_user,E000015,False
W0000281,2026-03-17 19:38:46,P2WSH,0.3052932,normal_user,E000004,False
W0000282,2026-03-08 22:53:45,P2SH,0.52841711,normal_user,E000011,False
W0000283,2026-01-26 21:44:01,P2PKH,1.33111484,normal_user,E000062,False
W0000284,2026-06-11 05:52:05,P2WSH,0.07903887,normal_user,E000033,False
W0000285,2026-06-07 13:51:11,P2SH,2.3002858,normal_user,E000034,False
W0000286,2026-06-22 00:04:56,P2PKH,0.03869334,normal_user,E000036,False
W0000287,2026-06-08 08:04:03,P2TR,0.23415193,normal_user,E000073,False
W0000288,2026-02-25 13:22:24,P2WPKH,0.49081756,normal_user,E000035,False
W0000289,2026-02-23 01:16:54,P2PKH,0.36095278,normal_user,E000062,False
W0000290,2026-05-25 08:03:53,P2WSH,0.14621173,normal_user,E000076,False
W0000291,2026-04-07 08:28:28,P2WSH,0.22132518,normal_user,E000034,False
W0000292,2026-06-05 13:37:14,P2PKH,0.16645988,merchant,E000039,True
W0000293,2026-04-16 22:05:41,P2WPKH,0.15116781,normal_user,E000034,False
W0000294,2026-03-01 12:22:27,P2WSH,0.63737449,normal_user,E000055,False
W0000295,2026-03-10 06:19:39,P2WSH,0.38946374,normal_user,E000081,False
W0000296,2026-01-15 13:43:01,P2WSH,0.13629828,normal_user,E000010,False
W0000297,2026-02-01 01:35:31,P2PKH,0.67005189,merchant,E000090,True
W0000298,2026-01-07 18:10:29,P2SH,0.37057461,normal_user,E000081,False
W0000299,2026-04-28 11:56:46,P2SH,0.61438232,ransomware_behavior,E000082,False
W0000300,2026-03-28 04:54:25,P2PKH,0.51151869,ransomware_behavior,E000089,False
W0000301,2026-03-03 01:08:32,P2WPKH,0.11895678,normal_user,E000073,False
W0000302,2026-04-07 21:42:48,P2TR,0.15564445,normal_user,E000034,False
W0000303,2026-05-31 11:35:46,P2WPKH,0.57539047,normal_user,E000050,False
W0000304,2026-05-15 18:11:03,P2WSH,0.50176182,normal_user,E000053,False
W0000305,2026-03-29 18:40:17,P2SH,0.26689456,normal_user,E000012,False
W0000306,2026-06-07 09:15:55,P2WPKH,0.3064586,normal_user,E000016,False
W0000307,2026-06-23 01:54:24,P2WPKH,0.97791248,normal_user,E000055,False
W0000308,2026-06-04 02:53:35,P2WPKH,0.1508346,normal_user,E000033,False
W0000309,2026-06-03 19:17:36,P2SH,0.47099744,normal_user,E000036,False
W0000310,2026-04-18 13:55:37,P2TR,0.22264145,normal_user,E000068,False
W0000311,2026-01-26 04:46:39,P2TR,0.21921962,merchant,E000060,True
W0000312,2026-05-20 05:09:09,P2WSH,0.81772994,normal_user,E000073,False
W0000313,2026-01-15 07:42:11,P2SH,0.62214403,merchant,E000070,True
W0000314,2026-04-01 10:56:24,P2TR,0.61478027,normal_user,E000083,False
W0000315,2026-05-30 02:07:18,P2SH,1.00549384,miner,E000049,False
W0000316,2026-06-11 10:33:43,P2PKH,0.27831655,payment_processor,E000005,True
W0000317,2026-03-04 15:42:29,P2SH,0.53899605,normal_user,E000031,False
W0000318,2026-06-14 06:20:12,P2PKH,0.1998343,ransomware_behavior,E000089,False
W0000319,2026-01-25 07:20:09,P2WPKH,0.37687804,normal_user,E000052,False
W0000320,2026-04-25 22:01:38,P2TR,0.23927469,normal_user,E000032,False
W0000321,2026-06-13 14:28:27,P2TR,0.30029077,normal_user,E000063,False
W0000322,2026-05-07 10:29:08,P2SH,0.49418617,merchant,E000039,True
W0000323,2026-04-07 17:01:32,P2TR,0.12024539,normal_user,E000006,False
W0000324,2026-02-17 13:12:49,P2WSH,2.20866282,layering_behavior,E000023,False
W0000325,2026-01-31 16:42:29,P2WSH,0.09965736,normal_user,E000010,False
W0000326,2026-04-28 19:14:30,P2SH,0.08092855,normal_user,E000063,False
W0000327,2026-03-19 10:09:14,P2SH,0.86771746,normal_user,E000064,False
W0000328,2026-03-03 23:11:16,P2SH,0.60149485,normal_user,E000019,False
W0000329,2026-01-28 08:32:14,P2PKH,0.50870847,normal_user,E000045,False
W0000330,2026-06-07 23:04:53,P2WPKH,0.51086266,layering_behavior,E000017,False
W0000331,2026-05-29 04:24:12,P2SH,0.26921451,merchant,E000021,True
W0000332,2026-06-20 16:47:22,P2WPKH,0.1111078,normal_user,E000093,False
W0000333,2026-04-09 03:32:30,P2WSH,0.29399414,normal_user,E000073,False
W0000334,2026-01-10 10:45:48,P2PKH,0.13846167,normal_user,E000066,False
W0000335,2026-02-25 11:41:02,P2TR,0.72261387,normal_user,E000088,False
W0000336,2026-03-13 01:23:30,P2PKH,0.23526156,merchant,E000046,True
W0000337,2026-03-12 09:28:59,P2TR,0.1193736,normal_user,E000035,False
W0000338,2026-05-29 10:22:52,P2TR,0.19762463,normal_user,E000083,False
W0000339,2026-04-29 15:40:02,P2PKH,0.41186134,mixer_behavior,E000100,False
W0000340,2026-06-04 08:29:22,P2WPKH,0.1550939,normal_user,E000069,False
W0000341,2026-02-08 15:40:37,P2TR,0.11976541,normal_user,E000028,False
W0000342,2026-01-08 13:21:08,P2SH,0.34773562,normal_user,E000008,False
W0000343,2026-03-30 17:43:15,P2SH,0.34818079,merchant,E000060,True
W0000344,2026-04-30 01:06:16,P2WPKH,0.16415516,normal_user,E000061,False
W0000345,2026-06-13 14:48:34,P2WPKH,0.17015622,mixer_behavior,E000100,False
W0000346,2026-04-14 08:53:00,P2WSH,0.34371238,normal_user,E000096,False
W0000347,2026-03-13 12:40:18,P2WPKH,0.06405044,normal_user,E000004,False
W0000348,2026-03-01 17:52:57,P2PKH,0.06670577,layering_behavior,E000075,False
W0000349,2026-05-21 01:58:05,P2PKH,0.13286201,normal_user,E000042,False
W0000350,2026-01-29 16:41:04,P2SH,0.22014978,normal_user,E000071,False
W0000351,2026-03-22 04:32:00,P2SH,0.37191407,normal_user,E000029,False
W0000352,2026-06-19 11:37:31,P2PKH,1.19167063,merchant,E000054,True
W0000353,2026-05-09 14:12:02,P2WSH,0.6425309,normal_user,E000061,False
W0000354,2026-03-31 06:11:14,P2TR,0.23225055,normal_user,E000033,False
W0000355,2026-04-29 11:09:46,P2WSH,0.26739824,normal_user,E000050,False
W0000356,2026-02-13 15:57:22,P2WPKH,0.10000557,normal_user,E000056,False
W0000357,2026-03-03 13:31:01,P2WSH,0.26753279,normal_user,E000092,False
W0000358,2026-02-25 21:11:44,P2PKH,0.20419933,ransomware_behavior,E000089,False
W0000359,2026-06-08 21:54:55,P2WPKH,0.37633279,normal_user,E000073,False
W0000360,2026-01-09 04:02:38,P2WPKH,0.11916682,merchant,E000039,True
W0000361,2026-05-08 09:03:04,P2WPKH,0.45810655,normal_user,E000081,False
W0000362,2026-04-20 03:11:37,P2WPKH,1.26205193,normal_user,E000051,False
W0000363,2026-02-17 01:56:10,P2PKH,0.24444617,normal_user,E000043,False
W0000364,2026-01-11 04:37:34,P2PKH,0.40726619,normal_user,E000042,False
W0000365,2026-05-13 06:35:05,P2SH,0.54342911,normal_user,E000018,False
W0000366,2026-04-03 17:04:16,P2SH,0.1824607,normal_user,E000088,False
W0000367,2026-05-06 10:06:08,P2PKH,0.34098816,normal_user,E000053,False
W0000368,2026-04-14 21:59:25,P2PKH,0.27598532,normal_user,E000042,False
W0000369,2026-06-28 13:48:31,P2PKH,0.30049508,normal_user,E000033,False
W0000370,2026-02-06 04:16:30,P2WPKH,0.12580656,normal_user,E000093,False
W0000371,2026-03-07 01:24:33,P2WPKH,0.27929413,normal_user,E000019,False
W0000372,2026-06-22 16:15:06,P2SH,0.44843044,normal_user,E000093,False
W0000373,2026-06-07 01:20:45,P2PKH,1.16316369,normal_user,E000035,False
W0000374,2026-02-19 22:56:28,P2SH,0.71125151,merchant,E000090,True
W0000375,2026-04-29 15:15:15,P2WSH,2.34710454,merchant,E000014,True
W0000376,2026-03-19 20:01:05,P2PKH,0.12652093,normal_user,E000016,False
W0000377,2026-02-18 03:58:59,P2PKH,0.65202044,normal_user,E000061,False
W0000378,2026-03-06 00:09:54,P2WPKH,0.32737205,normal_user,E000051,False
W0000379,2026-05-07 22:23:07,P2WPKH,2.43464982,normal_user,E000050,False
W0000380,2026-04-01 08:53:52,P2WPKH,0.12144445,normal_user,E000022,False
W0000381,2026-05-15 00:59:10,P2PKH,0.11768757,normal_user,E000057,False
W0000382,2026-04-30 08:21:43,P2SH,0.14965949,ransomware_behavior,E000089,False
W0000383,2026-03-30 08:21:15,P2TR,0.03258524,normal_user,E000029,False
W0000384,2026-05-28 01:30:33,P2TR,0.16109597,normal_user,E000088,False
W0000385,2026-05-13 02:37:23,P2TR,0.12756456,exchange,E000025,True
W0000386,2026-04-13 13:27:54,P2WPKH,0.31676148,normal_user,E000083,False
W0000387,2026-04-22 04:58:59,P2TR,0.38356583,payment_processor,E000005,True
W0000388,2026-03-27 19:07:34,P2PKH,1.77921248,normal_user,E000099,False
W0000389,2026-01-18 15:49:07,P2TR,0.70498683,normal_user,E000092,False
W0000390,2026-04-10 15:54:29,P2WSH,0.15306331,normal_user,E000024,False
W0000391,2026-05-11 15:19:29,P2WPKH,0.11097896,normal_user,E000087,False
W0000392,2026-05-25 19:42:02,P2SH,0.44571264,normal_user,E000001,False
W0000393,2026-05-17 00:01:48,P2PKH,0.07278589,normal_user,E000064,False
W0000394,2026-04-02 16:00:40,P2PKH,1.70141246,normal_user,E000011,False
W0000395,2026-05-29 17:00:56,P2WSH,0.88642401,normal_user,E000027,False
W0000396,2026-06-18 20:43:27,P2WSH,0.17047346,payment_processor,E000048,True
W0000397,2026-05-07 21:41:22,P2WPKH,0.04913741,normal_user,E000027,False
W0000398,2026-04-13 16:35:05,P2SH,1.0553499,mixer_behavior,E000065,False
W0000399,2026-05-27 20:03:05,P2PKH,0.24303742,normal_user,E000001,False
W0000400,2026-04-14 06:59:25,P2WSH,0.93971026,normal_user,E000079,False
W0000401,2026-01-31 02:55:04,P2WPKH,0.05533068,normal_user,E000064,False
W0000402,2026-01-07 06:08:36,P2WSH,0.14966213,miner,E000026,False
W0000403,2026-02-16 17:35:10,P2SH,0.27396462,ransomware_behavior,E000082,False
W0000404,2026-02-17 12:32:37,P2PKH,0.28564103,normal_user,E000009,False
W0000405,2026-05-27 11:41:31,P2PKH,0.17376257,normal_user,E000038,False
W0000406,2026-06-08 09:50:22,P2TR,0.50806288,mixer_behavior,E000041,False
W0000407,2026-02-16 00:03:10,P2WPKH,0.09370344,normal_user,E000061,False
W0000408,2026-02-12 22:08:01,P2WSH,0.23636466,mixer_behavior,E000086,False
W0000409,2026-05-02 13:20:22,P2WSH,0.30736959,normal_user,E000033,False
W0000410,2026-05-05 22:04:12,P2WSH,0.45586381,normal_user,E000064,False
W0000411,2026-03-21 06:37:32,P2SH,0.55522318,normal_user,E000078,False
W0000412,2026-02-16 18:59:35,P2SH,0.08850979,normal_user,E000088,False
W0000413,2026-06-27 15:00:10,P2PKH,0.05877056,normal_user,E000087,False
W0000414,2026-04-13 21:56:27,P2SH,0.97792414,layering_behavior,E000075,False
W0000415,2026-05-06 13:52:03,P2PKH,0.37996126,normal_user,E000062,False
W0000416,2026-04-15 00:14:33,P2SH,0.12892989,exchange,E000025,True
W0000417,2026-06-06 05:56:37,P2TR,1.28550543,miner,E000049,False
W0000418,2026-02-10 13:29:37,P2WPKH,0.30595252,normal_user,E000091,False
W0000419,2026-02-06 21:34:28,P2PKH,0.88629731,payment_processor,E000005,True
W0000420,2026-05-16 01:51:12,P2TR,0.29156815,merchant,E000021,True
W0000421,2026-04-18 04:52:33,P2WPKH,2.13987609,normal_user,E000043,False
W0000422,2026-03-01 21:21:07,P2WPKH,1.5767107,normal_user,E000066,False
W0000423,2026-01-20 03:32:51,P2WSH,0.21246795,miner,E000074,False
W0000424,2026-03-13 23:36:36,P2WPKH,0.72005401,normal_user,E000037,False
W0000425,2026-05-24 22:29:11,P2SH,0.51963738,normal_user,E000040,False
W0000426,2026-02-08 02:19:11,P2WPKH,1.07104152,normal_user,E000029,False
W0000427,2026-04-07 22:54:48,P2TR,0.10383798,normal_user,E000045,False
W0000428,2026-05-29 05:31:06,P2WSH,0.54120966,normal_user,E000047,False
W0000429,2026-03-31 11:37:07,P2SH,0.78538949,normal_user,E000092,False
W0000430,2026-05-20 20:54:15,P2TR,0.04694684,normal_user,E000027,False
W0000431,2026-04-12 17:45:28,P2PKH,0.08347079,payment_processor,E000005,True
W0000432,2026-05-29 10:04:37,P2PKH,0.03546418,normal_user,E000009,False
W0000433,2026-01-14 04:45:12,P2SH,0.20816862,exchange,E000025,True
W0000434,2026-05-09 00:29:15,P2WSH,0.55852397,normal_user,E000091,False
W0000435,2026-04-15 00:43:13,P2WPKH,1.22428506,normal_user,E000052,False
W0000436,2026-06-28 06:25:03,P2PKH,0.29349191,payment_processor,E000005,True
W0000437,2026-06-08 07:10:27,P2WPKH,1.38904373,normal_user,E000047,False
W0000438,2026-03-20 20:13:29,P2WSH,0.0685562,normal_user,E000069,False
W0000439,2026-02-28 05:58:59,P2PKH,0.04961895,mixer_behavior,E000041,False
W0000440,2026-01-19 03:44:38,P2WSH,0.25780606,exchange,E000025,True
W0000441,2026-05-04 15:27:40,P2PKH,0.4001425,normal_user,E000010,False
W0000442,2026-05-06 05:29:08,P2WPKH,0.26376552,normal_user,E000080,False
W0000443,2026-06-23 18:01:45,P2TR,0.03447772,exchange,E000025,True
W0000444,2026-02-22 15:23:40,P2PKH,0.24929458,normal_user,E000088,False
W0000445,2026-06-24 15:05:45,P2TR,0.07394235,normal_user,E000052,False
W0000446,2026-01-04 00:58:19,P2SH,0.53241743,normal_user,E000059,False
W0000447,2026-06-09 09:40:56,P2WSH,0.39321382,merchant,E000098,True
W0000448,2026-04-21 00:59:39,P2WSH,0.1064713,normal_user,E000043,False
W0000449,2026-05-27 17:23:39,P2SH,0.16302252,normal_user,E000072,False
W0000450,2026-04-08 05:51:49,P2WPKH,0.09449451,normal_user,E000015,False
W0000451,2026-05-31 05:01:37,P2WPKH,0.25597408,normal_user,E000073,False
W0000452,2026-03-25 20:33:26,P2SH,0.70832115,normal_user,E000071,False
W0000453,2026-05-30 22:33:39,P2TR,0.1017002,normal_user,E000015,False
W0000454,2026-01-16 22:19:29,P2WPKH,0.45115086,normal_user,E000012,False
W0000455,2026-05-24 15:02:36,P2WSH,0.16037225,normal_user,E000029,False
W0000456,2026-03-01 20:37:49,P2WSH,0.12333231,normal_user,E000001,False
W0000457,2026-01-17 22:50:04,P2SH,0.24486938,normal_user,E000024,False
W0000458,2026-03-21 05:37:25,P2PKH,0.09678703,normal_user,E000096,False
W0000459,2026-01-03 09:30:41,P2WPKH,0.15666441,merchant,E000046,True
W0000460,2026-06-24 23:35:54,P2TR,0.08225938,merchant,E000098,True
W0000461,2026-04-12 04:31:23,P2SH,1.94395612,layering_behavior,E000075,False
W0000462,2026-02-28 11:22:24,P2WPKH,0.28231369,normal_user,E000051,False
W0000463,2026-02-23 14:04:31,P2WSH,0.13537244,normal_user,E000080,False
W0000464,2026-02-18 21:00:20,P2SH,0.33755727,merchant,E000044,True
W0000465,2026-03-30 21:47:23,P2PKH,0.24357557,normal_user,E000036,False
W0000466,2026-03-06 12:14:39,P2TR,0.21849993,normal_user,E000073,False
W0000467,2026-03-06 23:59:01,P2WSH,0.50367035,miner,E000074,False
W0000468,2026-02-28 08:07:47,P2WPKH,0.58129768,exchange,E000025,True
W0000469,2026-03-03 00:12:00,P2SH,0.1603332,normal_user,E000091,False
W0000470,2026-05-23 16:45:45,P2WSH,0.15322954,layering_behavior,E000023,False
W0000471,2026-03-15 00:32:41,P2WPKH,0.20699685,merchant,E000044,True
W0000472,2026-04-20 11:44:01,P2SH,0.02727128,normal_user,E000020,False
W0000473,2026-05-22 05:03:35,P2WSH,0.05989327,normal_user,E000006,False
W0000474,2026-06-11 10:03:14,P2PKH,1.06916104,normal_user,E000055,False
W0000475,2026-05-11 16:18:11,P2WSH,1.41194433,merchant,E000046,True
W0000476,2026-05-08 21:35:30,P2SH,0.21245267,normal_user,E000047,False
W0000477,2026-03-29 04:48:09,P2TR,0.48507923,merchant,E000013,True
W0000478,2026-06-29 07:48:07,P2WSH,0.37204151,normal_user,E000095,False
W0000479,2026-05-17 05:51:09,P2TR,5.92322349,merchant,E000044,True
W0000480,2026-05-30 07:35:08,P2SH,0.83491522,payment_processor,E000005,True
W0000481,2026-04-20 08:47:48,P2WSH,0.23980778,normal_user,E000008,False
W0000482,2026-01-21 13:44:14,P2PKH,0.10481688,normal_user,E000080,False
W0000483,2026-04-19 08:26:16,P2TR,0.05466966,normal_user,E000099,False
W0000484,2026-03-17 22:49:02,P2WSH,0.33402603,normal_user,E000069,False
W0000485,2026-01-30 06:31:20,P2WPKH,0.12791993,normal_user,E000095,False
W0000486,2026-03-22 18:35:09,P2PKH,0.06572646,normal_user,E000055,False
W0000487,2026-03-09 15:19:45,P2WPKH,0.1427625,ransomware_behavior,E000085,False
W0000488,2026-04-04 18:35:53,P2WPKH,0.09240742,merchant,E000060,True
W0000489,2026-03-03 22:13:33,P2PKH,1.47276507,normal_user,E000083,False
W0000490,2026-01-05 09:15:15,P2WPKH,0.6581251,merchant,E000013,True
W0000491,2026-05-24 18:55:52,P2SH,0.27036763,normal_user,E000032,False
W0000492,2026-04-19 17:05:06,P2WSH,1.19715049,normal_user,E000062,False
W0000493,2026-05-03 06:53:44,P2SH,0.29445423,normal_user,E000076,False
W0000494,2026-01-06 16:02:45,P2TR,0.11517712,normal_user,E000073,False
W0000495,2026-03-17 12:06:21,P2PKH,1.24997566,normal_user,E000079,False
W0000496,2026-04-23 02:38:10,P2PKH,0.46715697,normal_user,E000011,False
W0000497,2026-03-05 07:11:59,P2SH,0.09659328,normal_user,E000068,False
W0000498,2026-04-13 11:19:48,P2WPKH,0.22529634,normal_user,E000092,False
W0000499,2026-03-09 13:26:46,P2WPKH,0.11353794,normal_user,E000020,False
W0000500,2026-06-28 09:22:16,P2TR,0.06837146,normal_user,E000056,False
