wallet_id,tx_count,incoming_tx_count,total_received_sats,avg_received_sats,median_received_sats,max_received_sats,std_received_sats,unique_input_counterparties,outgoing_tx_count,total_sent_sats,avg_sent_sats,median_sent_sats,max_sent_sats,std_sent_sats,unique_output_counterparties,avg_inputs_per_tx,max_inputs_per_tx,avg_outputs_per_tx,max_outputs_per_tx,unique_counterparties,fan_in,fan_out,in_out_ratio,avg_inter_tx_seconds,median_inter_tx_seconds,min_inter_tx_seconds,std_inter_tx_seconds,first_seen,last_seen,active_duration_seconds,transaction_velocity,burstiness,observation_count,unique_src_ips,unique_dst_ips,unique_src_ports,unique_dst_ports,mean_latency_ms,median_latency_ms,std_latency_ms,total_bytes_sent,total_bytes_received,inbound_ratio,outbound_ratio,unique_countries,unique_asns,unique_network_types,country_entropy,asn_entropy,shared_ip_wallet_count,shared_asn_wallet_count,avg_network_tx_time_difference,min_network_tx_time_difference,observations_per_tx,rapid_hop_count
W001,6.0,6.0,299437295.0,49906215.833333336,52286557.5,66702232.0,16097059.607267253,1.0,6.0,165252229.0,27542038.166666668,21433342.0,72034031.0,23809082.416368157,1.0,1.0,1.0,1.1666666666666667,2.0,2.0,1.0,1.0,1.8120015494617019,211696.36363636365,115740.0,25200.0,284038.22190940176,1780607880000000,1782936540000000,2328660.0,5.153178222668831e-06,0.14592860853836803,8.0,2.0,6.0,8.0,1.0,81.875,74.5,29.522086163219758,15190.0,13013.0,0.4614048150905932,0.5385951849094068,4.0,8.0,3.0,1.6774212838293647,2.6556390622295662,21.0,21.0,2.0,1.0,1.0,3.0
W002,7.0,7.0,249456520.0,35636645.71428572,39522619.0,53553593.0,15461876.843926912,1.0,4.0,231311007.0,57827751.75,57449121.0,64326076.0,5515998.323654712,1.0,1.0,1.0,1.0,1.0,2.0,1.0,1.0,1.0784463879836035,237084.0,157530.0,48960.0,193020.9795851218,1780332300000000,1782703140000000,2370840.0,4.6397057582966374e-06,-0.10244712920408708,6.0,1.0,5.0,6.0,1.0,125.5,148.5,51.11457717716151,12056.0,10083.0,0.45544062514115363,0.5445593748588464,3.0,5.0,3.0,1.2516291673878228,1.780672129520887,18.0,18.0,1.5,0.0,1.0,3.0
W003,3.0,3.0,92126050.0,30708683.333333332,31976301.0,50032202.0,19987497.638621256,1.0,7.0,181685693.0,25955099.0,22189479.0,42494421.0,12529858.231970664,1.0,1.0,1.0,1.2857142857142858,3.0,2.0,1.0,1.0,0.5070627658062212,197233.33333333334,199860.0,1860.0,181673.5470562514,1781029260000000,1782804360000000,1775100.0,5.6334854374401445e-06,-0.0410649346379872,6.0,1.0,5.0,6.0,1.0,126.0,118.5,36.92695492455342,11293.0,12664.0,0.5286137663313436,0.47138623366865634,3.0,6.0,3.0,0.8166890883150209,2.125814583693911,20.0,20.0,1.1666666666666667,0.0,1.0,4.0
W004,5.0,5.0,250804958.0,50160991.6,50439218.0,74270678.0,15799847.391598163,1.0,1.0,22714866.0,22714866.0,22714866.0,22714866.0,0.0,1.0,1.0,1.0,1.0,1.0,2.0,1.0,1.0,11.041445633005274,277992.0,253920.0,87300.0,186767.8010793081,1781301780000000,1782691740000000,1389960.0,4.31667098333765e-06,-0.1962824639928898,3.0,1.0,3.0,3.0,1.0,123.33333333333333,123.0,15.50268793897798,4318.0,3034.0,0.4126768226332971,0.5873231773667029,3.0,4.0,3.0,1.2516291673878228,1.7924812503605778,18.0,18.0,1.3333333333333333,1.0,1.0,2.0
W005,1.0,1.0,19635906.0,19635906.0,19635906.0,19635906.0,0.0,1.0,4.0,194464919.0,48616229.75,50731628.5,68586481.0,21919859.645255536,1.0,1.0,1.0,1.0,1.0,2.0,1.0,1.0,0.10097402709431617,647940.0,432120.0,40140.0,783856.789471138,1780272660000000,1782864420000000,2591760.0,1.929190974472945e-06,0.09492742997513044,4.0,2.0,4.0,4.0,1.0,105.0,102.5,53.4353191562784,8134.0,10326.0,0.5593716143011918,0.44062838569880824,3.0,5.0,3.0,1.2987949406953985,2.0,21.0,21.0,0.5,0.0,1.0,4.0
W006,6.0,6.0,202862504.0,33810417.333333336,34419036.5,57832859.0,23509744.29786984,1.0,5.0,222977273.0,44595454.6,49292860.0,70049705.0,24060670.727365185,1.0,1.0,1.0,1.4,3.0,2.0,1.0,1.0,0.9097900484234552,230136.0,132870.0,4680.0,242696.1478062641,1780489800000000,1782791160000000,2301360.0,4.779782389543574e-06,0.026563650260536944,2.0,1.0,2.0,2.0,1.0,66.5,66.5,9.192388155425117,2406.0,5207.0,0.6839616445553658,0.31603835544463416,3.0,3.0,3.0,1.5,1.5,20.0,20.0,3.0,3.0,1.0,0.0
W007,5.0,5.0,197868621.0,39573724.2,38718594.0,64920010.0,17921476.401276674,1.0,4.0,164018651.0,41004662.75,48236264.5,58044215.0,21978000.5682831,1.0,1.0,1.0,1.0,1.0,2.0,1.0,1.0,1.2063787855443342,289627.5,195390.0,122940.0,175808.50521844174,1780520760000000,1782837780000000,2317020.0,3.884299660771163e-06,-0.24454273735900584,4.0,1.0,4.0,4.0,1.0,130.0,149.0,60.74537019394976,7358.0,9381.0,0.5604277435928072,0.4395722564071928,3.0,5.0,4.0,1.4056390622295665,2.0,20.0,20.0,1.75,0.0,1.0,1.0
W008,3.0,3.0,148523371.0,49507790.333333336,68395297.0,70507385.0,34559381.772705905,1.0,5.0,148470106.0,29694021.2,20889409.0,65891271.0,21313923.72049538,1.0,1.0,1.0,1.0,1.0,2.0,1.0,1.0,1.0003587590891867,228917.14285714287,183240.0,2580.0,179142.69747087895,1780533960000000,1782136380000000,1602420.0,4.992448921006977e-06,-0.12197829942356586,5.0,1.0,5.0,5.0,1.0,95.4,113.0,50.72770446215756,7827.0,6036.0,0.4354035922960398,0.5645964077039601,4.0,6.0,4.0,1.7609640474436812,2.1609640474436813,21.0,21.0,0.6,0.0,1.0,5.0
W009,4.0,4.0,166937852.0,41734463.0,41633675.0,58291368.0,13536239.791971305,1.0,7.0,285565247.0,40795035.28571428,30787790.0,71630224.0,23496032.265134256,1.0,1.0,1.0,1.0,1.0,2.0,1.0,1.0,0.5845874235529788,237252.0,141000.0,28320.0,210712.47101204048,1780431840000000,1782804360000000,2372520.0,4.6364203462984505e-06,-0.059244718510826244,5.0,2.0,4.0,5.0,1.0,102.0,102.0,55.937465083787984,8329.0,10737.0,0.5631490611559845,0.43685093884401555,4.0,6.0,3.0,1.9709505944546686,2.4464393446710155,18.0,18.0,1.4,1.0,1.0,3.0
W010,4.0,4.0,113198014.0,28299503.5,24888720.0,52435208.0,18785110.358996376,1.0,5.0,201246186.0,40249237.2,36971713.0,68381618.0,25617517.40769975,1.0,1.0,1.0,1.0,1.0,2.0,1.0,1.0,0.5624852636958795,215790.0,139860.0,600.0,289645.65366273717,1781130120000000,1782856440000000,1726320.0,5.213401918531906e-06,0.1461227618738961,4.0,1.0,3.0,4.0,1.0,93.25,96.0,41.74825345648207,8902.0,7598.0,0.4604848484848485,0.5395151515151515,2.0,4.0,3.0,0.5435644431995964,1.75,20.0,20.0,1.75,1.0,1.0,2.0
W011,5.0,5.0,199098246.0,39819649.2,36558427.0,73382333.0,27215176.81821391,1.0,6.0,249516328.0,41586054.666666664,42962359.5,70259848.0,20625175.92491227,1.0,1.0,1.0,1.0,1.0,2.0,1.0,1.0,0.7979367426407461,213552.0,156660.0,4560.0,198155.29223313718,1780672260000000,1782807780000000,2135520.0,5.1509702554881244e-06,-0.03739721898864044,8.0,1.0,8.0,8.0,1.0,114.125,130.0,49.148281469737796,13381.0,10128.0,0.4308137309115658,0.5691862690884342,4.0,8.0,3.0,1.6697367178034825,2.216917186688699,21.0,21.0,1.75,0.0,1.0,3.0
W012,3.0,3.0,111853190.0,37284396.666666664,25491276.0,67164355.0,26067444.27289189,1.0,2.0,58299116.0,29149558.0,29149558.0,47241418.0,25585753.780555304,1.0,1.0,1.0,1.0,1.0,2.0,1.0,1.0,1.9186086801041717,411660.0,274710.0,136200.0,372279.562694489,1780641240000000,1782287880000000,1646640.0,3.036486420832726e-06,-0.05023402208475862,3.0,1.0,2.0,3.0,1.0,114.33333333333333,146.0,54.84827557301445,3145.0,6330.0,0.6680738786279683,0.33192612137203165,2.0,2.0,2.0,0.9182958340544896,0.9182958340544896,17.0,17.0,2.0,2.0,1.0,0.0
W013,6.0,6.0,150114113.0,25019018.833333332,26214893.0,32430528.0,6569678.504127959,1.0,4.0,183671194.0,45917798.5,48857343.0,53882049.0,9670958.387447422,1.0,1.0,1.0,1.0,1.0,2.0,1.0,1.0,0.8172980734257109,216500.0,152820.0,70020.0,189620.9039109349,1780740660000000,1782689160000000,1948500.0,5.132152938157557e-06,-0.06618496075976397,6.0,2.0,6.0,6.0,1.0,127.16666666666667,133.5,48.83612051204177,7433.0,8497.0,0.5333961079723791,0.4666038920276208,5.0,7.0,4.0,1.9508257945180885,2.4508257945180882,21.0,21.0,1.5,0.0,1.0,2.0
W014,2.0,2.0,53148190.0,26574095.0,26574095.0,30793948.0,5967773.343820793,1.0,2.0,133526528.0,66763264.0,66763264.0,71046810.0,6057848.848249022,1.0,1.0,1.0,1.0,1.0,2.0,1.0,1.0,0.3980346886575228,657020.0,669060.0,174240.0,476874.00725977926,1780961340000000,1782932400000000,1971060.0,2.0293649102513367e-06,-0.1588737497392458,1.0,1.0,1.0,1.0,1.0,34.0,34.0,0.0,2623.0,1923.0,0.423009238891333,0.576990761108667,2.0,2.0,2.0,1.0,1.0,18.0,18.0,3.0,3.0,1.0,0.0
W015,7.0,7.0,284927822.0,40703974.571428575,45420337.0,72470852.0,21925631.614727788,1.0,5.0,174495488.0,34899097.6,35464785.0,53542883.0,13594539.18861503,1.0,1.0,1.0,1.0,1.0,2.0,1.0,1.0,1.6328664154341916,165081.81818181818,163440.0,18060.0,140788.5042052924,1780912080000000,1782727980000000,1815900.0,6.6082934082273256e-06,-0.07942357332000344,8.0,1.0,7.0,8.0,1.0,87.5,89.5,53.8861233130969,9986.0,15232.0,0.6040130065825997,0.3959869934174003,4.0,8.0,4.0,1.6493974703476992,2.375,20.0,20.0,1.625,0.0,1.0,5.0
W016,5.0,5.0,228082541.0,45616508.2,43542958.0,60272222.0,13504963.82475365,1.0,3.0,165039252.0,55013084.0,56979663.0,59315795.0,5553591.2712794235,1.0,1.0,1.0,1.0,1.0,2.0,1.0,1.0,1.3819896675246686,204137.14285714287,192840.0,23040.0,170823.42010726416,1781349840000000,1782778800000000,1428960.0,5.5984772141977386e-06,-0.08884593752074402,6.0,1.0,4.0,6.0,1.0,125.0,132.0,37.325594435989906,10377.0,11300.0,0.5212898463809568,0.47871015361904323,2.0,5.0,3.0,0.9798687566511528,1.896240625180289,21.0,21.0,2.5,2.0,1.0,0.0
W017,9.0,9.0,331130417.0,36792268.55555555,32190971.0,65904451.0,22052797.634402603,1.0,5.0,143555715.0,28711143.0,23852597.0,53247813.0,21869767.952553533,1.0,1.0,1.0,1.8,3.0,2.0,1.0,1.0,2.3066334697995132,158206.15384615384,102420.0,5520.0,161982.2085671994,1780272660000000,1782329340000000,2056680.0,6.807087150164343e-06,0.011793229124832463,8.0,1.0,6.0,8.0,1.0,109.125,103.5,50.90169096265018,16670.0,16027.0,0.4901672936355017,0.5098327063644983,2.0,6.0,3.0,0.5435644431995964,1.7987949406953985,20.0,20.0,1.875,0.0,1.0,2.0
W018,8.0,8.0,213278400.0,26659800.0,20366755.0,58654494.0,17619539.309503388,1.0,2.0,62246564.0,31123282.0,31123282.0,40917321.0,13850862.784211025,1.0,1.0,1.0,1.0,1.0,2.0,1.0,1.0,3.4263481595546383,230973.33333333334,185580.0,63540.0,165314.79818818398,1780636080000000,1782714840000000,2078760.0,4.8105601416228905e-06,-0.1656838293215054,7.0,1.0,6.0,7.0,1.0,100.42857142857143,100.0,32.07728761838165,15206.0,12014.0,0.4413666421748714,0.5586333578251286,4.0,6.0,4.0,1.610577243331642,1.950212064914747,20.0,20.0,1.0,0.0,1.0,5.0
W019,1.0,1.0,40925506.0,40925506.0,40925506.0,40925506.0,0.0,1.0,6.0,165708896.0,27618149.333333332,15681171.5,61694651.0,22719449.46644036,1.0,1.0,1.0,1.0,1.0,2.0,1.0,1.0,0.2469722929057472,258830.0,154470.0,21720.0,260429.0677324634,1780602540000000,1782155520000000,1552980.0,4.507463070998983e-06,0.003079518167003433,1.0,1.0,1.0,1.0,1.0,42.0,42.0,0.0,1567.0,843.0,0.34979253112033193,0.6502074688796681,2.0,2.0,2.0,1.0,1.0,18.0,18.0,0.0,0.0,1.0,1.0
W020,3.0,3.0,131360590.0,43786863.333333336,36247171.0,69364119.0,22763969.984642055,1.0,7.0,298570453.0,42652921.85714286,46922730.0,74255824.0,23957674.903968688,1.0,1.0,1.0,1.0,1.0,2.0,1.0,1.0,0.4399651361348874,276080.0,215460.0,34980.0,197788.6940651563,1780360440000000,1782845160000000,2484720.0,4.0245983450851605e-06,-0.16521729946582786,7.0,1.0,7.0,7.0,1.0,98.28571428571429,102.0,45.46689009859917,13192.0,11723.0,0.4705197672085089,0.529480232791491,4.0,8.0,4.0,1.4838317068446891,2.403677461028802,21.0,21.0,1.7142857142857142,0.0,1.0,2.0
W021,4.0,4.0,154446332.0,38611583.0,32313640.5,72048440.0,23630706.38947665,1.0,5.0,176741948.0,35348389.6,36239922.0,52929530.0,12192894.78657668,1.0,1.0,1.0,1.0,1.0,2.0,1.0,1.0,0.8738521542152518,323017.5,192780.0,50580.0,430090.1520694735,1780360440000000,1782944580000000,2584140.0,3.4827834405256682e-06,0.14217443120548212,6.0,2.0,5.0,6.0,1.0,147.16666666666666,158.5,38.457335667810725,12031.0,8110.0,0.4026612382701951,0.5973387617298048,4.0,7.0,3.0,1.5510981710072647,2.584962500721156,21.0,21.0,1.1666666666666667,0.0,1.0,4.0
W022,0.0,0.0,0.0,0.0,0.0,0.0,0.0,0.0,5.0,257506869.0,51501373.8,61679700.0,69350247.0,22509942.007523235,1.0,0.0,0.0,1.0,1.0,1.0,0.0,1.0,0.0,394395.0,190770.0,39480.0,520683.9303262585,1781307060000000,1782884640000000,1577580.0,3.1694113769190785e-06,0.13800878387750873,1.0,1.0,1.0,1.0,1.0,105.0,105.0,0.0,2063.0,843.0,0.2900894700619408,0.7099105299380591,2.0,2.0,2.0,1.0,1.0,21.0,21.0,1.0,1.0,1.0,1.0
W023,5.0,5.0,215689640.0,43137928.0,40893106.0,71061022.0,23610360.203831147,1.0,5.0,125312773.0,25062554.6,31652595.0,32424042.0,10945463.494550712,1.0,1.0,1.0,1.4,3.0,2.0,1.0,1.0,1.7212103350390306,225820.0,152580.0,2700.0,206711.0613876287,1780824060000000,1782856440000000,2032380.0,4.920339700252905e-06,-0.04417934414020297,5.0,1.0,4.0,5.0,1.0,90.2,74.0,61.96934726136786,6273.0,8062.0,0.5623997209626788,0.43760027903732124,2.0,5.0,3.0,0.8812908992306927,1.9609640474436814,20.0,20.0,1.2,1.0,1.0,4.0
W024,3.0,3.0,109195051.0,36398350.333333336,38051201.0,48423984.0,12931525.704038419,1.0,5.0,156444610.0,31288922.0,25486178.0,72143496.0,25307220.128578812,1.0,1.0,1.0,1.0,1.0,2.0,1.0,1.0,0.6979789907750736,336634.28571428574,275820.0,116400.0,298629.382728109,1780539660000000,1782896100000000,2356440.0,3.3949517068119705e-06,-0.059825399867996655,4.0,2.0,4.0,4.0,1.0,91.0,96.0,54.595482108565236,6128.0,8286.0,0.5748577771610934,0.4251422228389066,2.0,5.0,4.0,0.5435644431995964,2.0,21.0,21.0,1.25,0.0,1.0,2.0
W025,2.0,2.0,76198258.0,38099129.0,38099129.0,64382640.0,37170497.72298243,1.0,3.0,94598981.0,31532993.666666668,36551116.0,50429131.0,21841902.083807316,1.0,1.0,1.0,1.0,1.0,2.0,1.0,1.0,0.8054870908176062,550035.0,525540.0,5880.0,532840.0151077245,1780684500000000,1782884640000000,2200140.0,2.27258265383112e-06,-0.015879011568629624,4.0,1.0,3.0,4.0,1.0,91.75,101.5,41.91558978073274,7885.0,7621.0,0.49148716625822264,0.5085128337417774,4.0,4.0,3.0,1.75,1.75,18.0,18.0,0.5,0.0,1.0,3.0
W026,4.0,4.0,144887488.0,36221872.0,39221567.5,54773788.0,19072930.91991508,1.0,6.0,261208770.0,43534795.0,43572306.5,66688892.0,18840971.13372546,1.0,1.0,1.0,1.0,1.0,2.0,1.0,1.0,0.5546807942168251,284280.0,167520.0,45900.0,252428.27000952172,1780386060000000,1782944580000000,2558520.0,3.908509607116614e-06,-0.05934644903070564,7.0,2.0,6.0,7.0,1.0,88.71428571428571,63.0,57.78037234711653,14871.0,10948.0,0.4240288159882257,0.5759711840117743,4.0,8.0,3.0,1.6893917467430877,2.753434386188785,21.0,21.0,1.2857142857142858,0.0,1.0,5.0
W027,4.0,4.0,169265877.0,42316469.25,45621105.5,59327660.0,19819121.10558349,1.0,5.0,144811690.0,28962338.0,26461139.0,51115422.0,16353515.640118167,1.0,1.0,1.0,1.4,3.0,2.0,1.0,1.0,1.1688688737766957,279375.0,285390.0,10200.0,215716.04371090647,1780520760000000,1782755760000000,2235000.0,4.026845637583892e-06,-0.12858030274986204,5.0,2.0,4.0,5.0,1.0,75.6,69.0,45.08658337022223,8456.0,8465.0,0.5002659417292122,0.49973405827078776,2.0,5.0,4.0,0.8812908992306927,2.1709505944546685,18.0,18.0,0.4,0.0,1.0,5.0
W028,5.0,5.0,161512070.0,32302414.0,32116701.0,61692038.0,18699043.055442557,1.0,4.0,170701332.0,42675333.0,51616273.0,58279710.0,23106358.086005807,1.0,1.0,1.0,1.0,1.0,2.0,1.0,1.0,0.9461676022539766,251062.5,223710.0,54300.0,172809.6453781278,1780887600000000,1782896100000000,2008500.0,4.480955937266617e-06,-0.18461428870742236,4.0,1.0,4.0,4.0,1.0,106.0,105.5,32.28002478313795,8122.0,9738.0,0.5452407614781635,0.45475923852183653,4.0,5.0,3.0,1.75,2.0,21.0,21.0,1.25,0.0,1.0,2.0
W029,1.0,1.0,8740078.0,8740078.0,8740078.0,8740078.0,0.0,1.0,1.0,57227710.0,57227710.0,57227710.0,57227710.0,0.0,1.0,1.0,1.0,1.0,1.0,2.0,1.0,1.0,0.15272458045237175,294540.0,294540.0,294540.0,0.0,1782268380000000,1782562920000000,294540.0,6.790249202145719e-06,0.0,1.0,1.0,1.0,1.0,1.0,178.0,178.0,0.0,2504.0,2405.0,0.48991647993481363,0.5100835200651864,1.0,2.0,2.0,-0.0,1.0,20.0,20.0,0.0,0.0,1.0,1.0
W030,1.0,1.0,22739269.0,22739269.0,22739269.0,22739269.0,0.0,1.0,5.0,201311370.0,40262274.0,47161771.0,64104462.0,23194950.38362194,1.0,1.0,1.0,1.4,3.0,2.0,1.0,1.0,0.11295571134407362,373236.0,257160.0,109920.0,273869.0768962425,1780272660000000,1782138840000000,1866180.0,3.215123943028004e-06,-0.15355608640927118,2.0,1.0,2.0,2.0,1.0,80.5,80.5,62.932503525602726,1565.0,3830.0,0.7099165894346617,0.29008341056533826,3.0,3.0,2.0,1.5,1.5,17.0,17.0,2.0,2.0,1.0,0.0
W031,2.0,2.0,96125647.0,48062823.5,48062823.5,51125647.0,4331486.532855031,1.0,4.0,109203718.0,27300929.5,32067119.0,36919339.0,12990677.066452887,1.0,1.0,1.0,1.5,3.0,2.0,1.0,1.0,0.8802415225459631,532776.0,670800.0,77040.0,319704.04920801363,1780272660000000,1782936540000000,2663880.0,2.25235370962656e-06,-0.24994362154274263,2.0,1.0,1.0,2.0,1.0,67.5,67.5,6.363961030678928,2102.0,4637.0,0.6880842855023,0.31191571449769995,2.0,2.0,1.0,1.0,1.0,21.0,21.0,3.0,3.0,2.0,0.0
W032,5.0,5.0,232986617.0,46597323.4,46932116.0,71644552.0,21539786.06513855,1.0,6.0,207630135.0,34605022.5,33948171.5,66804600.0,21528448.421411682,1.0,1.0,1.0,1.0,1.0,2.0,1.0,1.0,1.1221233228018659,175884.0,105780.0,31140.0,177481.39102452403,1781078940000000,1782837780000000,1758840.0,6.254122034977599e-06,0.004520507851356516,2.0,1.0,2.0,2.0,1.0,65.0,65.0,2.8284271247461903,5113.0,3479.0,0.40491154562383613,0.5950884543761639,3.0,3.0,2.0,1.5,1.5,21.0,21.0,2.5,2.0,1.0,0.0
W033,8.0,8.0,349128362.0,43641045.25,40857114.5,65000000.0,14085958.411003893,1.0,8.0,365452669.0,45681583.625,42347970.5,65486923.0,17395982.515329853,1.0,1.0,1.0,1.0,1.0,2.0,1.0,1.0,0.955331268903662,131372.0,65100.0,3360.0,184885.52872366342,1780444140000000,1782414720000000,1970580.0,8.119436917049803e-06,0.16920871082383615,5.0,1.0,4.0,5.0,1.0,109.6,119.0,40.94264280673635,12504.0,9217.0,0.4243358961373786,0.5756641038626215,4.0,5.0,4.0,1.5709505944546687,1.9609640474436814,21.0,21.0,0.8,0.0,1.0,3.0
W034,5.0,5.0,188174099.0,37634819.8,38352705.0,68600201.0,24594725.71217294,1.0,2.0,104422335.0,52211167.5,52211167.5,74000000.0,30814062.42977567,1.0,1.0,1.0,1.5,2.0,2.0,1.0,1.0,1.8020483740379871,422020.0,358770.0,5280.0,410945.8136543065,1780332300000000,1782864420000000,2532120.0,2.7644819360851777e-06,-0.01329488697394421,4.0,2.0,3.0,4.0,1.0,124.5,128.0,46.400431032480725,5538.0,8192.0,0.5966496722505462,0.40335032774945373,4.0,5.0,4.0,1.9056390622295665,2.25,21.0,21.0,1.0,0.0,1.3333333333333333,2.0
W035,2.0,2.0,123866614.0,61933307.0,61933307.0,70063717.0,11498136.089653837,1.0,4.0,186394607.0,46598651.75,53273702.5,74000000.0,33207233.963755775,1.0,1.0,1.0,1.25,2.0,2.0,1.0,1.0,0.6645396881037443,261552.0,286020.0,23280.0,182675.85751817343,1780843500000000,1782151260000000,1307760.0,4.587997797761057e-06,-0.17755784817839734,4.0,1.0,3.0,4.0,1.0,98.5,98.0,21.299452262127932,6273.0,8443.0,0.5737292742593096,0.4262707257406904,4.0,4.0,3.0,1.75,1.75,18.0,18.0,2.0,0.0,1.0,1.0
W036,6.0,6.0,503001929.0,83833654.83333333,65467624.0,179000000.0,46879409.68109358,1.0,7.0,414852818.0,59264688.28571428,39925781.0,179000000.0,56076523.051533855,1.0,1.0,1.0,1.0,1.0,2.0,1.0,1.0,1.212482854581935,186595.0,146082.5,50.0,287354.0871547601,1780539660000000,1782778800000000,2239140.0,5.805800441240833e-06,0.21259474885718876,7.0,3.0,4.0,7.0,1.0,93.14285714285714,105.0,49.37080301631918,11814.0,13638.0,0.5358321546440359,0.46416784535596417,4.0,7.0,4.0,1.924174352300441,2.521640636343318,21.0,21.0,1.7142857142857142,0.0,1.4,4.0
W037,1.0,1.0,19310326.0,19310326.0,19310326.0,19310326.0,0.0,1.0,8.0,320902054.0,40112756.75,15250812.0,178500000.0,57893825.07331678,1.0,1.0,1.0,1.0,1.0,2.0,1.0,1.0,0.060175139919796214,277815.0,302472.5,60960.0,149789.30977018544,1780684500000000,1782907020000000,2222520.0,4.0494573727120564e-06,-0.29940224479641364,4.0,1.0,4.0,4.0,1.0,99.25,99.0,65.23483220897661,5337.0,8263.0,0.6075735294117647,0.3924264705882353,3.0,5.0,3.0,1.4056390622295665,2.0,20.0,20.0,1.25,0.0,1.0,2.0
W038,4.0,4.0,131686477.0,32921619.25,37735939.5,47250868.0,16692464.626182705,1.0,4.0,145012564.0,36253141.0,33813625.5,51064004.0,10512017.132798348,1.0,1.5,3.0,1.0,1.0,2.0,1.0,1.0,0.9081039143615169,323785.71428571426,248760.0,33600.0,284183.8753845324,1780659300000000,1782925800000000,2266500.0,3.529671299360247e-06,-0.06513786145563843,1.0,1.0,1.0,1.0,1.0,64.0,64.0,0.0,1196.0,1967.0,0.6218779639582674,0.37812203604173256,1.0,2.0,2.0,-0.0,1.0,20.0,20.0,1.0,1.0,1.0,1.0
W039,4.0,4.0,188604981.0,47151245.25,43012792.5,70273902.0,16301381.894175667,1.0,2.0,51984732.0,25992366.0,25992366.0,32088065.0,8620620.197944114,1.0,1.5,3.0,1.0,1.0,2.0,1.0,1.0,3.6280841267008936,381780.0,185220.0,86940.0,349203.04895576154,1780422300000000,1782331200000000,1908900.0,3.143171460003143e-06,-0.04456594594194207,4.0,2.0,3.0,4.0,1.0,101.5,102.5,27.258026340878022,7803.0,8410.0,0.5187195460432986,0.48128045395670144,3.0,4.0,3.0,1.2987949406953985,1.75,18.0,18.0,1.75,1.0,1.3333333333333333,2.0
W040,6.0,6.0,155989620.0,25998270.0,24501507.0,51074218.0,15847964.400401043,1.0,2.0,24454948.0,12227474.0,12227474.0,19305326.0,10009594.290869536,1.0,1.3333333333333333,3.0,1.0,1.0,2.0,1.0,1.0,6.378652696378663,207402.85714285713,93000.0,11880.0,233719.15637607212,1781297820000000,1782749640000000,1451820.0,5.510324971415189e-06,0.05965764216408963,3.0,1.0,3.0,3.0,1.0,78.0,82.0,37.16180835212409,5093.0,7564.0,0.5976139685549499,0.4023860314450502,4.0,4.0,2.0,1.7924812503605778,1.7924812503605778,21.0,21.0,2.0,2.0,1.0,0.0
W041,11.0,11.0,429201235.0,39018294.09090909,32925199.0,68014276.0,21190562.717516936,1.0,4.0,121207690.0,30301922.5,28731769.5,38000000.0,5772117.352842629,1.0,1.0,1.0,1.5,3.0,2.0,1.0,1.0,3.5410396403066504,174647.14285714287,109650.0,10020.0,169557.6011239281,1780357440000000,1782802500000000,2445060.0,6.134818777453314e-06,-0.01478637881148631,7.0,1.0,6.0,7.0,1.0,82.85714285714286,93.0,24.61996866656936,11561.0,8456.0,0.42244092521356846,0.5775590747864315,3.0,6.0,4.0,1.1981174211304033,1.950212064914747,20.0,20.0,2.142857142857143,1.0,1.0,2.0
W042,3.0,3.0,101856565.0,33952188.333333336,35682998.0,51084341.0,18059868.563820623,1.0,7.0,248011092.0,35430156.0,22734269.0,69870230.0,21843312.83576203,1.0,1.0,1.0,1.2857142857142858,3.0,2.0,1.0,1.0,0.4106935870432763,243526.66666666666,149760.0,11220.0,277294.1962970015,1780706520000000,1782898260000000,2191740.0,4.5625849781452175e-06,0.06483520924677402,4.0,1.0,4.0,4.0,1.0,92.0,79.5,64.00520812142295,6062.0,7334.0,0.5474768587638101,0.4525231412361899,3.0,5.0,4.0,1.061278124459133,2.0,20.0,20.0,1.5,1.0,1.0,2.0
W043,5.0,5.0,154311406.0,30862281.2,26671607.0,48397143.0,11729204.860694062,1.0,4.0,137943586.0,34485896.5,33987447.5,38000000.0,2880025.277479638,1.0,1.0,1.0,1.5,3.0,2.0,1.0,1.0,1.1186558974913121,309495.0,228330.0,46080.0,220169.05134788717,1780422300000000,1782898260000000,2475960.0,3.6349537149226967e-06,-0.16864642488912826,6.0,2.0,4.0,6.0,1.0,74.66666666666667,74.0,36.74053166009804,6304.0,11984.0,0.6552930883639545,0.3447069116360455,3.0,5.0,2.0,1.188721875540867,2.188721875540867,18.0,18.0,1.8333333333333333,1.0,1.2,2.0
W044,3.0,3.0,98893911.0,32964637.0,35772333.0,51847237.0,20431650.449193183,1.0,4.0,109122477.0,27280619.25,21551280.5,56109863.0,20128777.109133884,1.0,1.0,1.0,1.25,2.0,2.0,1.0,1.0,0.906265269253373,432370.0,276420.0,132360.0,379340.08440975496,1780312800000000,1782907020000000,2594220.0,2.6983062346292913e-06,-0.06533110356612903,3.0,1.0,3.0,3.0,1.0,77.33333333333333,79.0,20.55075018906447,5319.0,3652.0,0.407089510645413,0.592910489354587,3.0,4.0,3.0,1.2516291673878228,1.7924812503605778,21.0,21.0,1.6666666666666667,1.0,1.0,1.0
W045,2.0,2.0,68114917.0,34057458.5,34057458.5,62492216.0,40212819.69929008,1.0,2.0,78159113.0,39079556.5,39079556.5,52424721.0,18872912.627999965,1.0,1.0,1.0,1.0,1.0,2.0,1.0,1.0,0.8714904044522613,672520.0,612060.0,13980.0,690757.3174422403,1780914840000000,1782932400000000,2017560.0,1.9825928349094948e-06,0.013377555108491706,2.0,1.0,2.0,2.0,1.0,169.5,169.5,9.192388155425117,3202.0,3834.0,0.5449118817509949,0.45508811824900514,3.0,3.0,2.0,1.5,1.5,20.0,20.0,1.0,1.0,1.0,2.0
W046,8.0,8.0,249734606.0,31216825.75,24087454.5,69884206.0,23426484.196131747,1.0,2.0,69426816.0,34713408.0,34713408.0,68000674.0,47075303.031520806,1.0,1.0,1.0,2.0,3.0,2.0,1.0,1.0,3.5970914466248893,275740.0,197100.0,64800.0,202166.2961524497,1780444140000000,1782925800000000,2481660.0,4.0295608584576456e-06,-0.15395006184241744,3.0,1.0,3.0,3.0,1.0,79.0,96.0,45.92385001282014,5531.0,5353.0,0.4918228592429254,0.5081771407570747,3.0,4.0,2.0,1.4591479170272448,1.7924812503605778,18.0,18.0,0.6666666666666666,0.0,1.0,3.0
W047,1.0,1.0,150000000.0,150000000.0,150000000.0,150000000.0,0.0,1.0,3.0,164985000.0,54995000.0,54995000.0,64995000.0,10000000.0,1.0,1.0,1.0,1.0,1.0,2.0,1.0,1.0,0.9091735612328393,480.0,360.0,360.0,207.84609690826528,1781348400000000,1781349840000000,1440.0,0.002777777777777778,-0.3956610414960755,4.0,1.0,1.0,4.0,1.0,96.25,105.5,44.10120935605583,8158.0,4737.0,0.3673516867002714,0.6326483132997286,2.0,2.0,1.0,1.0,1.0,21.0,21.0,1.0,0.0,2.0,3.0
W048,1.0,1.0,180000000.0,180000000.0,180000000.0,180000000.0,0.0,1.0,0.0,0.0,0.0,0.0,0.0,0.0,0.0,1.0,1.0,0.0,0.0,1.0,1.0,0.0,0.0,0.0,0.0,0.0,0.0,1781881200000000,1781881200000000,0.0,0.0,0.0,2.0,1.0,1.0,2.0,1.0,47.0,47.0,28.284271247461902,3255.0,3309.0,0.5041133455210237,0.49588665447897623,2.0,2.0,1.0,1.0,1.0,21.0,21.0,1.5,1.0,2.0,1.0
W049,1.0,1.0,179500000.0,179500000.0,179500000.0,179500000.0,0.0,1.0,1.0,179500000.0,179500000.0,179500000.0,179500000.0,0.0,1.0,1.0,1.0,1.0,1.0,2.0,1.0,1.0,1.0,45.0,45.0,45.0,0.0,1781881200000000,1781881245000000,45.0,0.044444444444444446,0.0,0.0,0.0,0.0,0.0,0.0,0.0,0.0,0.0,0.0,0.0,0.0,0.0,0.0,0.0,0.0,0.0,0.0,0.0,0.0,0.0,0.0,0.0,0.0
W050,1.0,1.0,115000000.0,115000000.0,115000000.0,115000000.0,0.0,1.0,1.0,115000000.0,115000000.0,115000000.0,115000000.0,0.0,1.0,1.0,1.0,1.0,1.0,2.0,1.0,1.0,1.0,120.0,120.0,120.0,0.0,1782331200000000,1782331320000000,120.0,0.016666666666666666,0.0,0.0,0.0,0.0,0.0,0.0,0.0,0.0,0.0,0.0,0.0,0.0,0.0,0.0,0.0,0.0,0.0,0.0,0.0,0.0,0.0,0.0,0.0,0.0
