wallet_id,autoencoder_reconstruction_error,autoencoder_anomaly_score
W0000001,5.819867e+15,0.014715149
W0000002,1.8930021e+16,0.060462534
W0000003,2.1554197e+16,0.0696195
W0000004,2.7355473e+16,0.08986283
W0000005,7.0962346e+15,0.019168986
W0000006,3.8782318e+16,0.12973636
W0000007,1.9492883e+16,0.06242662
W0000008,1.6081359e+16,0.050522238
W0000009,1.5114773e+16,0.047149368
W0000010,9.619352e+15,0.02797331
W0000011,7.3729835e+15,0.02013469
W0000012,1.0510933e+17,0.36118197
W0000013,8.833113e+15,0.025229758
W0000014,1.0311048e+16,0.030386955
W0000015,2.8841088e+16,0.095046826
W0000016,4.2827178e+15,0.009351325
W0000017,7.073084e+15,0.019088203
W0000018,2.5973533e+16,0.08504061
W0000019,5.3859276e+16,0.18234684
W0000020,1.8806908e+16,0.060032934
W0000021,5.44628e+15,0.013411532
W0000022,2.0886514e+16,0.06728964
W0000023,2.0757562e+16,0.06683967
W0000024,1.4075587e+16,0.04352317
W0000025,5.333875e+15,0.013019298
W0000026,1.371423e+16,0.04226223
W0000027,5.9955005e+15,0.015328016
W0000028,1.0112029e+16,0.029692486
W0000029,3.3573177e+16,0.11155928
W0000030,2.1826006e+16,0.070567966
W0000031,1.3288692e+16,0.04077733
W0000032,2.5795116e+16,0.08441803
W0000033,5.9985226e+15,0.0153385615
W0000034,1.9696443e+16,0.063136935
W0000035,3.0888677e+16,0.10219181
W0000036,2.2797132e+16,0.073956676
W0000037,1.9902273e+16,0.06385517
W0000038,1.2679561e+16,0.03865179
W0000039,8.41089e+15,0.023756426
W0000040,1.1306547e+16,0.03386071
W0000041,1.3578514e+16,0.041788653
W0000042,4.348384e+15,0.009580466
W0000043,2.438457e+16,0.079495974
W0000044,4.9772347e+15,0.011774816
W0000045,7.2253553e+15,0.019619549
W0000046,1.704181e+16,0.05387369
W0000047,1.3302672e+16,0.040826112
W0000048,1.6643212e+16,0.0524828
W0000049,1.2077069e+16,0.03654942
W0000050,1.3493278e+16,0.041491225
W0000051,2.4667116e+16,0.08048191
W0000052,1.7608072e+16,0.05584964
W0000053,3.0315616e+16,0.100192145
W0000054,1.9228332e+16,0.06150348
W0000055,5.9873074e+15,0.015299426
W0000056,9.221055e+16,0.31617218
W0000057,3.0923223e+16,0.10231236
W0000058,9.823894e+15,0.028687049
W0000059,1.3797887e+16,0.042554148
W0000060,1.7590648e+16,0.055788845
W0000061,1.665514e+16,0.05252442
W0000062,3.1312472e+16,0.10367063
W0000063,1.7434427e+16,0.055243712
W0000064,7.097389e+15,0.019173015
W0000065,2.2326194e+15,0.002197585
W0000066,2.6918727e+16,0.08833882
W0000067,3.631044e+16,0.12111085
W0000068,1.1540062e+16,0.03467555
W0000069,1.4859137e+16,0.04625734
W0000070,4.049971e+15,0.008539164
W0000071,2.8892028e+16,0.09522458
W0000072,1.3650149e+16,0.04203862
W0000073,4.1439163e+16,0.13900733
W0000074,2.3667497e+16,0.07699378
W0000075,3.404864e+16,0.11321839
W0000076,6.104141e+16,0.20740862
W0000077,2.3298346e+16,0.07570564
W0000078,1.6939132e+16,0.0535154
W0000079,1.2968081e+16,0.039658573
W0000080,3.8041038e+15,0.0076812203
W0000081,7.1296597e+15,0.019285621
W0000082,2.131788e+16,0.06879488
W0000083,2.3577255e+16,0.07667889
W0000084,9.627292e+15,0.028001012
W0000085,1.6152184e+16,0.050769377
W0000086,1.2466456e+16,0.03790817
W0000087,3.5306253e+16,0.117606774
W0000088,8.8308683e+15,0.025221923
W0000089,6.2152923e+15,0.01609497
W0000090,2.1158802e+16,0.068239786
W0000091,1.9598492e+16,0.06279514
W0000092,9.434919e+16,0.32363486
W0000093,5.3223696e+15,0.012979152
W0000094,2.5476947e+16,0.08330779
W0000095,9.526204e+15,0.027648272
W0000096,1.2162391e+16,0.036847144
W0000097,1.5487926e+16,0.048451472
W0000098,9.706908e+15,0.028278833
W0000099,4.0975023e+16,0.13738772
W0000100,1.0093642e+16,0.029628325
W0000101,1.2106492e+16,0.03665209
W0000102,1.4111031e+16,0.043646853
W0000103,2.2430353e+16,0.072676815
W0000104,1.5555966e+16,0.048688896
W0000105,7.501772e+15,0.020584093
W0000106,3.5175202e+16,0.11714948
W0000107,1.6245563e+16,0.05109522
W0000108,3.191005e+16,0.10575586
W0000109,3.7020844e+16,0.12358978
W0000110,2.0069938e+16,0.064440235
W0000111,7.378732e+15,0.02015475
W0000112,2.001477e+16,0.064247735
W0000113,4.8244734e+15,0.011241761
W0000114,6.3050373e+16,0.21441883
W0000115,1.934041e+16,0.06189457
W0000116,2.1360985e+16,0.068945296
W0000117,1.8697081e+16,0.0596497
W0000118,7.9095796e+15,0.02200712
W0000119,2.4944743e+16,0.08145068
W0000120,1.286077e+16,0.03928411
W0000121,2.3644126e+16,0.076912224
W0000122,9.848377e+15,0.028772483
W0000123,1.4440711e+16,0.044797257
W0000124,3.232709e+15,0.0056873593
W0000125,2.1519324e+16,0.06949781
W0000126,1.2178112e+16,0.036902003
W0000127,1.704811e+16,0.05389568
W0000128,8.9900323e+15,0.02577732
W0000129,3.3694057e+16,0.11198108
W0000130,9.686073e+15,0.028206127
W0000131,2.1104677e+16,0.06805091
W0000132,1.8703371e+16,0.059671648
W0000133,2.5863904e+16,0.084658064
W0000134,2.4110258e+16,0.07853878
W0000135,7.40478e+15,0.020245643
W0000136,1.7472231e+16,0.055375632
W0000137,1.4554367e+16,0.04519386
W0000138,2.172338e+16,0.07020985
W0000139,1.7463886e+16,0.05534651
W0000140,2.609766e+15,0.003513624
W0000141,1.8210378e+16,0.057951365
W0000142,5.878453e+15,0.014919583
W0000143,1.3149861e+16,0.04029288
W0000144,2.001851e+16,0.06426078
W0000145,8.6024823e+15,0.02442498
W0000146,2.2432576e+16,0.07268457
W0000147,1.1059053e+16,0.03299709
W0000148,8.3606606e+15,0.02358115
W0000149,1.1038733e+16,0.032926183
W0000150,2.79373e+16,0.09189309
W0000151,1.4074157e+16,0.04351818
W0000152,5.660591e+15,0.014159361
W0000153,3.173402e+16,0.10514161
W0000154,7.2037378e+16,0.24577864
W0000155,2.4807684e+16,0.08097242
W0000156,2.652521e+15,0.003662816
W0000157,5.63664e+15,0.014075786
W0000158,1.3103001e+16,0.04012937
W0000159,2.1673938e+16,0.070037335
W0000160,2.0637058e+16,0.06641918
W0000161,2.5552204e+16,0.08357039
W0000162,1.1679849e+16,0.03516333
W0000163,1.3186854e+16,0.04042197
W0000164,1.769904e+16,0.056167074
W0000165,1.9322356e+16,0.06183157
W0000166,9.005537e+15,0.025831424
W0000167,2.5378195e+16,0.0829632
W0000168,2.2430905e+16,0.07267874
W0000169,1.1266856e+16,0.033722207
W0000170,6.854657e+15,0.01832601
W0000171,4.6935644e+15,0.010784959
W0000172,1.5693856e+16,0.04917006
W0000173,1.0450301e+16,0.030872872
W0000174,3.271911e+16,0.10857904
W0000175,1.4388136e+16,0.044613797
W0000176,2.1018928e+16,0.0677517
W0000177,7.782104e+15,0.021562299
W0000178,2.1924358e+16,0.07091116
W0000179,5.9764116e+15,0.015261406
W0000180,2.6831676e+16,0.08803506
W0000181,2.863632e+16,0.0943323
W0000182,1.7414484e+16,0.055174123
W0000183,8.153046e+15,0.022856688
W0000184,5.837581e+15,0.014776962
W0000185,1.4260748e+16,0.044169284
W0000186,1.288374e+16,0.039364267
W0000187,1.2642332e+16,0.038521882
W0000188,1.250179e+16,0.038031466
W0000189,4.9109225e+15,0.011543422
W0000190,8.9848563e+15,0.025759261
W0000191,9.493802e+16,0.32568958
W0000192,1.39175246e+17,0.4800537
W0000193,1.2832724e+16,0.03918625
W0000194,8.671648e+15,0.024666332
W0000195,2.5612866e+15,0.0033444567
W0000196,4.1963836e+16,0.14083816
W0000197,1.5269779e+16,0.047690257
W0000198,2.1270336e+16,0.068628974
W0000199,1.3438098e+16,0.041298676
W0000200,3.959092e+16,0.13255794
W0000201,9.498921e+15,0.02755307
W0000202,2.0474689e+16,0.0658526
W0000203,1.7981636e+16,0.05715318
W0000204,1.0288564e+16,0.030308498
W0000205,1.448472e+16,0.044950824
W0000206,8.565159e+15,0.024294741
W0000207,5.070863e+15,0.012101527
W0000208,1.4439689e+16,0.044793688
W0000209,1.1831263e+16,0.035691686
W0000210,1.638813e+16,0.0515927
W0000211,2.2091974e+16,0.071496055
W0000212,1.0524369e+16,0.031131329
W0000213,3.7865205e+16,0.12653613
W0000214,4.510434e+16,0.15179683
W0000215,1.4922035e+16,0.04647682
W0000216,8.310562e+15,0.023406334
W0000217,9.097459e+15,0.026152182
W0000218,1.0736596e+16,0.03187189
W0000219,2.5321257e+16,0.082764514
W0000220,1.0623875e+16,0.031478554
W0000221,3.4411907e+16,0.114485994
W0000222,1.442622e+16,0.04474669
W0000223,5.9855983e+16,0.20327212
W0000224,1.6885174e+16,0.053327117
W0000225,1.8244615e+16,0.058070835
W0000226,1.2001408e+16,0.0362854
W0000227,1.95848e+16,0.06274736
W0000228,9.419795e+15,0.027276961
W0000229,8.569286e+15,0.024309143
W0000230,1.752091e+16,0.055545494
W0000231,4.2928774e+16,0.14420527
W0000232,1.2116889e+16,0.03668837
W0000233,1.5530793e+16,0.048601057
W0000234,4.6821613e+15,0.010745169
W0000235,2.4261925e+16,0.07906801
W0000236,4.1768933e+15,0.008982055
W0000237,1.2962449e+16,0.039638918
W0000238,2.4718853e+16,0.080662444
W0000239,4.879269e+15,0.011432969
W0000240,6.9033664e+15,0.018495979
W0000241,3.2276561e+16,0.10703478
W0000242,3.4616234e+16,0.115198985
W0000243,2.4219703e+16,0.078920685
W0000244,2.2612921e+16,0.07331388
W0000245,1.6028418e+15,0.0
W0000246,7.5113405e+15,0.020617481
W0000247,1.2802851e+16,0.039082006
W0000248,6.1495454e+15,0.015865551
W0000249,2.027953e+16,0.0651716
W0000250,9.711486e+15,0.028294805
W0000251,1.1402496e+16,0.03419552
W0000252,1.0556637e+16,0.031243926
W0000253,2.0171114e+16,0.06479328
W0000254,8.686853e+16,0.2975314
W0000255,8.276587e+15,0.023287782
W0000256,1.2041488e+16,0.03642526
W0000257,2.1779062e+16,0.07040416
W0000258,3.1391005e+16,0.10394467
W0000259,2.897128e+16,0.09550113
W0000260,4.023016e+16,0.13478856
W0000261,8.578431e+15,0.024341054
W0000262,1.523578e+16,0.04757162
W0000263,1.545314e+16,0.048330087
W0000264,5.636794e+15,0.014076323
W0000265,1.3146795e+16,0.040282186
W0000266,4.905142e+15,0.011523251
W0000267,1.7435049e+16,0.055245887
W0000268,2.6457185e+16,0.08672829
W0000269,1.0164492e+16,0.029875552
W0000270,3.4877142e+16,0.116109416
W0000271,3.4019444e+16,0.1131165
W0000272,5.503698e+15,0.013611889
W0000273,1.947486e+16,0.062363725
W0000274,1.3681657e+16,0.042148568
W0000275,6.2275206e+15,0.016137643
W0000276,1.2049502e+16,0.03645322
W0000277,8.21511e+15,0.02307326
W0000278,7.3182995e+15,0.019943874
W0000279,1.5531665e+16,0.048604097
W0000280,6.1714895e+15,0.015942125
W0000281,1.1788085e+16,0.03554102
W0000282,2.3443398e+16,0.076211795
W0000283,1.8947044e+16,0.060521934
W0000284,4.7150886e+15,0.010860068
W0000285,1.6508799e+16,0.05201377
W0000286,1.1369077e+16,0.034078907
W0000287,1.1359146e+16,0.03404425
W0000288,5.9771546e+15,0.015263999
W0000289,1.0614332e+16,0.031445254
W0000290,5.2827556e+15,0.012840919
W0000291,2.687291e+16,0.08817895
W0000292,9.4564e+15,0.027404694
W0000293,9.24172e+15,0.026655573
W0000294,2.9085873e+16,0.095901
W0000295,2.2229402e+16,0.0719756
W0000296,1.2296742e+16,0.037315957
W0000297,3.123241e+16,0.10339125
W0000298,4.2951704e+16,0.14428528
W0000299,3.4542496e+16,0.11494168
W0000300,2.1591256e+16,0.06974882
W0000301,5.3989065e+15,0.013246223
W0000302,2.4528324e+16,0.07999761
W0000303,2.3172802e+16,0.07526756
W0000304,6.989119e+15,0.01879521
W0000305,1.1636252e+16,0.035011202
W0000306,2.1032141e+16,0.06779781
W0000307,1.5408786e+16,0.048175316
W0000308,1.2366451e+16,0.037559204
W0000309,1.7443558e+16,0.055275574
W0000310,1.2027636e+16,0.036376923
W0000311,1.4811316e+16,0.04609047
W0000312,1.0405542e+16,0.030716687
W0000313,9.547382e+15,0.027722169
W0000314,1.2210286e+16,0.037014272
W0000315,1.7414278e+17,0.6020716
W0000316,2.6470807e+16,0.086775824
W0000317,1.6415034e+16,0.05168658
W0000318,1.1832668e+16,0.03569659
W0000319,2.7971024e+16,0.09201077
W0000320,4.7643154e+15,0.011031842
W0000321,1.6025092e+16,0.050325893
W0000322,3.2021653e+16,0.10614529
W0000323,1.7534366e+16,0.055592448
W0000324,1.5853037e+17,0.54759264
W0000325,1.5375378e+16,0.048058745
W0000326,2.0750327e+16,0.06681442
W0000327,2.2511163e+16,0.0729588
W0000328,1.9193507e+16,0.06138196
W0000329,2.2614953e+16,0.07332097
W0000330,8.104222e+16,0.2772007
W0000331,2.0644866e+16,0.06644642
W0000332,7.217211e+15,0.019591128
W0000333,2.806297e+15,0.0041994113
W0000334,9.678906e+15,0.02818112
W0000335,1.4210142e+16,0.043992694
W0000336,5.388062e+15,0.013208383
W0000337,1.4984003e+16,0.046693053
W0000338,1.7862494e+16,0.056737438
W0000339,2.932717e+16,0.096742995
W0000340,8.611833e+15,0.02445761
W0000341,2.6815134e+16,0.08797734
W0000342,3.45897e+15,0.0064768884
W0000343,7.427681e+15,0.020325555
W0000344,1.6031901e+16,0.050349653
W0000345,1.2273259e+16,0.037234016
W0000346,1.2459791e+16,0.037884913
W0000347,1.3697836e+16,0.042205025
W0000348,2.8946744e+16,0.09541551
W0000349,8.7670236e+15,0.02499914
W0000350,2.3788426e+16,0.07741576
W0000351,6.617946e+15,0.017500017
W0000352,1.6157399e+16,0.05078757
W0000353,2.165244e+16,0.069962315
W0000354,2.8114633e+16,0.09251189
W0000355,1.6133479e+16,0.050704107
W0000356,7.675537e+15,0.021190438
W0000357,8.7153267e+15,0.024818746
W0000358,1.5308475e+16,0.047825284
W0000359,1.2675432e+16,0.03863738
W0000360,6.0397494e+15,0.015482421
W0000361,1.1135125e+16,0.03326254
W0000362,3.0485167e+16,0.10078378
W0000363,9.058639e+15,0.026016722
W0000364,1.2714921e+16,0.03877518
W0000365,1.841153e+16,0.05865328
W0000366,1.2404623e+16,0.0376924
W0000367,4.583734e+15,0.010401711
W0000368,1.0998395e+16,0.032785427
W0000369,1.5395985e+16,0.048130646
W0000370,1.4983595e+16,0.04669163
W0000371,9.873473e+15,0.028860051
W0000372,6.2719504e+15,0.016292676
W0000373,2.4504807e+16,0.07991554
W0000374,8.1128426e+15,0.022716401
W0000375,1.0592432e+16,0.031368833
W0000376,9.730922e+15,0.028362626
W0000377,5.612894e+16,0.19026674
W0000378,2.0110937e+16,0.0645833
W0000379,8.689856e+15,0.024729867
W0000380,1.1776463e+16,0.035500463
W0000381,4.5543266e+16,0.15332843
W0000382,1.6776174e+16,0.05294677
W0000383,7.136746e+15,0.01931035
W0000384,8.0352686e+15,0.022445709
W0000385,1.3278177e+16,0.04074064
W0000386,1.381074e+16,0.042598996
W0000387,3.3358053e+16,0.11080861
W0000388,8.3217144e+15,0.023445252
W0000389,7.4421454e+15,0.020376027
W0000390,1.4284399e+16,0.04425181
W0000391,5.905736e+15,0.015014787
W0000392,1.8821745e+16,0.060084708
W0000393,1.0534035e+16,0.03116506
W0000394,2.39673e+16,0.07803994
W0000395,4.3188142e+16,0.14511032
W0000396,6.296892e+15,0.01637971
W0000397,6.3684755e+15,0.016629497
W0000398,2.0616699e+17,0.7138188
W0000399,6.059837e+15,0.015552516
W0000400,1.467048e+16,0.045599025
W0000401,3.1421847e+15,0.0053714784
W0000402,3.2451834e+16,0.10764639
W0000403,3.5532217e+16,0.11839527
W0000404,2.1464668e+16,0.06930709
W0000405,3.437483e+15,0.006401911
W0000406,2.0481372e+16,0.06587592
W0000407,1.875883e+16,0.05986517
W0000408,4.929282e+16,0.16641237
W0000409,3.683009e+16,0.12292416
W0000410,3.5232838e+15,0.0067013097
W0000411,8.427262e+15,0.023813557
W0000412,2.2817448e+16,0.07402757
W0000413,1.5562674e+16,0.048712306
W0000414,1.0864003e+17,0.37350222
W0000415,2.303939e+16,0.074802026
W0000416,8.220055e+15,0.023090513
W0000417,6.0244763e+16,0.20462875
W0000418,1.4979839e+16,0.04667852
W0000419,3.2126396e+16,0.10651079
W0000420,1.0863473e+16,0.03231462
W0000421,1.4366379e+16,0.04453788
W0000422,1.3970613e+16,0.043156866
W0000423,1.075556e+16,0.03193806
W0000424,1.7709625e+16,0.05620401
W0000425,2.3027076e+16,0.07475906
W0000426,2.9888072e+16,0.09870024
W0000427,2.0150105e+16,0.064719975
W0000428,3.606683e+15,0.0069923275
W0000429,2.5673893e+16,0.08399502
W0000430,1.7831962e+16,0.0566309
W0000431,2.4894803e+16,0.08127642
W0000432,1.2655633e+16,0.038568296
W0000433,1.6140185e+16,0.05072751
W0000434,1.2381088e+16,0.03761028
W0000435,2.4729432e+16,0.08069936
W0000436,1.8151883e+16,0.05774725
W0000437,2.3333432e+16,0.075828075
W0000438,8.6656076e+15,0.024645252
W0000439,1.0919633e+16,0.03251059
W0000440,3.949514e+16,0.13222374
W0000441,6.37238e+15,0.016643124
W0000442,9.843178e+15,0.02875434
W0000443,9.331436e+15,0.026968636
W0000444,8.4728425e+15,0.023972608
W0000445,6.7698327e+15,0.018030018
W0000446,4.585797e+16,0.15442659
W0000447,1.6868283e+16,0.05326818
W0000448,9.275155e+15,0.026772244
W0000449,4.5114095e+15,0.010149336
W0000450,1.1529523e+16,0.034638777
W0000451,7.9527585e+15,0.022157794
W0000452,1.4822628e+16,0.046129942
W0000453,1.0552739e+16,0.031230325
W0000454,1.0460881e+16,0.030909792
W0000455,2.7577266e+16,0.09063677
W0000456,8.3684635e+15,0.023608379
W0000457,8.859819e+15,0.025322948
W0000458,9.961274e+15,0.02916643
W0000459,4.703937e+15,0.010821153
W0000460,2.1680295e+16,0.070059516
W0000461,2.8817997e+17,1.0
W0000462,1.507934e+16,0.04702573
W0000463,8.2320006e+15,0.023132198
W0000464,8.854466e+15,0.025304267
W0000465,3.0964835e+15,0.005212006
W0000466,1.2054205e+16,0.036469635
W0000467,3.9182145e+16,0.13113154
W0000468,1.0146576e+16,0.029813034
W0000469,1.2909947e+16,0.03945571
W0000470,1.3727058e+16,0.042306993
W0000471,3.4920762e+16,0.116261624
W0000472,8.151765e+15,0.02285222
W0000473,5.390616e+15,0.013217295
W0000474,2.6085297e+16,0.0854306
W0000475,6.401582e+15,0.016745022
W0000476,2.343916e+16,0.076197006
W0000477,1.4074434e+16,0.043519147
W0000478,6.4636483e+16,0.21995349
W0000479,1.3387918e+16,0.041123573
W0000480,2.7681081e+16,0.09099903
W0000481,7.121174e+15,0.019256009
W0000482,8.4436657e+15,0.023870796
W0000483,7.1830987e+15,0.019472094
W0000484,1.9428738e+16,0.062202785
W0000485,1.636387e+16,0.05150805
W0000486,2.1457377e+15,0.0018944148
W0000487,2.9599897e+16,0.097694665
W0000488,6.115598e+15,0.015747093
W0000489,2.1724363e+16,0.07021329
W0000490,4.596676e+15,0.010446871
W0000491,1.9727693e+16,0.06324598
W0000492,2.2945002e+16,0.07447266
W0000493,1.7391571e+16,0.05509417
W0000494,2.2922082e+16,0.074392684
W0000495,2.5970185e+16,0.085028924
W0000496,3.9094145e+16,0.13082448
W0000497,1.9197254e+16,0.061395034
W0000498,1.6886056e+16,0.053330194
W0000499,1.3491257e+16,0.041484173
W0000500,2.410675e+16,0.078526534
