wallet_id,tx_count,incoming_tx_count,total_received_sats,avg_received_sats,median_received_sats,max_received_sats,std_received_sats,unique_input_counterparties,outgoing_tx_count,total_sent_sats,avg_sent_sats,median_sent_sats,max_sent_sats,std_sent_sats,unique_output_counterparties,avg_inputs_per_tx,max_inputs_per_tx,avg_outputs_per_tx,max_outputs_per_tx,unique_counterparties,fan_in,fan_out,in_out_ratio,avg_inter_tx_seconds,median_inter_tx_seconds,min_inter_tx_seconds,std_inter_tx_seconds,first_seen,last_seen,active_duration_seconds,transaction_velocity,burstiness,observation_count,unique_src_ips,unique_dst_ips,unique_src_ports,unique_dst_ports,mean_latency_ms,median_latency_ms,std_latency_ms,total_bytes_sent,total_bytes_received,inbound_ratio,outbound_ratio,unique_countries,unique_asns,unique_network_types,country_entropy,asn_entropy,shared_ip_wallet_count,shared_asn_wallet_count,avg_network_tx_time_difference,min_network_tx_time_difference,observations_per_tx,rapid_hop_count,degree,in_degree,out_degree,weighted_degree,weighted_in_degree,weighted_out_degree,pagerank,betweenness_centrality,clustering_coefficient,community_id,community_size,two_hop_neighbor_count,graphsage_dim_0,graphsage_dim_1,graphsage_dim_2,graphsage_dim_3,graphsage_dim_4,graphsage_dim_5,graphsage_dim_6,graphsage_dim_7,graphsage_dim_8,graphsage_dim_9,graphsage_dim_10,graphsage_dim_11,graphsage_dim_12,graphsage_dim_13,graphsage_dim_14,graphsage_dim_15,graphsage_dim_16,graphsage_dim_17,graphsage_dim_18,graphsage_dim_19,graphsage_dim_20,graphsage_dim_21,graphsage_dim_22,graphsage_dim_23,graphsage_dim_24,graphsage_dim_25,graphsage_dim_26,graphsage_dim_27,graphsage_dim_28,graphsage_dim_29,graphsage_dim_30,graphsage_dim_31,isolation_forest_raw_score,isolation_forest_anomaly_score,isolation_forest_flag,autoencoder_reconstruction_error,autoencoder_anomaly_score,deterministic_score,deterministic_feature_count
W001,6.0,6.0,299437295.0,49906215.833333336,52286557.5,66702232.0,16097059.607267253,1.0,6.0,165252229.0,27542038.166666668,21433342.0,72034031.0,23809082.416368157,1.0,1.0,1.0,1.1666666666666667,2.0,2.0,1.0,1.0,1.8120015494617019,211696.36363636365,115740.0,25200.0,284038.22190940176,1780607880000000,1782936540000000,2328660.0,5.153178222668831e-06,0.14592860853836803,8.0,2.0,6.0,8.0,1.0,81.875,74.5,29.522086163219758,15190.0,13013.0,0.4614048150905932,0.5385951849094068,4.0,8.0,3.0,1.6774212838293647,2.6556390622295662,21.0,21.0,2.0,1.0,1.0,3.0,12,6,6,12.0,6.0,6.0,0.020281507205674464,0.04964155034308095,0.18181818181818182,1,10,24,-0.30915585,0.20360231,0.07733165,-0.12033192,0.39734462,-0.89425516,0.19337347,-0.58239824,0.06954295,-0.048098564,0.028662145,-0.14545302,-0.40462345,0.20968877,0.4321771,-0.41934806,-0.80368286,-0.104100704,-0.06585739,0.26934764,-0.02200538,-0.009131255,-0.0057219975,0.37672246,0.029975133,0.61608887,0.60299724,0.49718282,0.36723906,0.1340948,-0.6635885,-0.5055557,0.15082052412677582,0.3107560063275338,1,8.4485625e+15,0.26517928,0.49402985074626865,67
W002,7.0,7.0,249456520.0,35636645.71428572,39522619.0,53553593.0,15461876.843926912,1.0,4.0,231311007.0,57827751.75,57449121.0,64326076.0,5515998.323654712,1.0,1.0,1.0,1.0,1.0,2.0,1.0,1.0,1.0784463879836035,237084.0,157530.0,48960.0,193020.9795851218,1780332300000000,1782703140000000,2370840.0,4.6397057582966374e-06,-0.10244712920408708,6.0,1.0,5.0,6.0,1.0,125.5,148.5,51.11457717716151,12056.0,10083.0,0.45544062514115363,0.5445593748588464,3.0,5.0,3.0,1.2516291673878228,1.780672129520887,18.0,18.0,1.5,0.0,1.0,3.0,11,4,7,11.0,4.0,7.0,0.012064590139012048,0.042655044070297674,0.17777777777777778,3,8,23,-0.37764362,0.19528355,0.20324987,-0.03190486,-0.57062757,-0.061133936,0.51982915,-0.48909312,0.24900836,0.44598907,0.5118766,0.09171392,0.053652294,0.15239652,0.5025606,-0.1784966,-0.106596515,0.42491102,0.14597848,0.081493616,0.40214467,-0.042560466,-0.6827146,-0.091517486,-0.44239032,0.42467538,-0.18782336,0.14025906,0.09845444,-0.744538,-0.21362945,0.046879314,0.15448831721127543,0.35078393591775797,1,7.9534274e+15,0.24830727,0.37761194029850764,67
W003,3.0,3.0,92126050.0,30708683.333333332,31976301.0,50032202.0,19987497.638621256,1.0,7.0,181685693.0,25955099.0,22189479.0,42494421.0,12529858.231970664,1.0,1.0,1.0,1.2857142857142858,3.0,2.0,1.0,1.0,0.5070627658062212,197233.33333333334,199860.0,1860.0,181673.5470562514,1781029260000000,1782804360000000,1775100.0,5.6334854374401445e-06,-0.0410649346379872,6.0,1.0,5.0,6.0,1.0,126.0,118.5,36.92695492455342,11293.0,12664.0,0.5286137663313436,0.47138623366865634,3.0,6.0,3.0,0.8166890883150209,2.125814583693911,20.0,20.0,1.1666666666666667,0.0,1.0,4.0,10,7,3,10.0,7.0,3.0,0.02680453800496347,0.026104852114005775,0.2222222222222222,2,9,10,-0.23197505,-0.06990398,0.0623872,-0.30825448,-0.39225,-0.7378197,0.2851014,-0.80651,-0.024338627,0.27089995,0.13059255,0.19940126,-0.25681204,0.28217277,0.29339904,-0.2203512,-0.3592285,0.35490584,0.13695419,0.24572448,0.3304513,0.05539085,-0.5266781,0.36274672,-0.31336802,0.28660333,0.3151279,0.22484198,0.15808128,-0.4738723,-0.095517516,0.0051817596,0.14297295859751824,0.22511273441361437,1,2.807082e+15,0.072942786,0.3847761194029851,67
W004,5.0,5.0,250804958.0,50160991.6,50439218.0,74270678.0,15799847.391598163,1.0,1.0,22714866.0,22714866.0,22714866.0,22714866.0,0.0,1.0,1.0,1.0,1.0,1.0,2.0,1.0,1.0,11.041445633005274,277992.0,253920.0,87300.0,186767.8010793081,1781301780000000,1782691740000000,1389960.0,4.31667098333765e-06,-0.1962824639928898,3.0,1.0,3.0,3.0,1.0,123.33333333333333,123.0,15.50268793897798,4318.0,3034.0,0.4126768226332971,0.5873231773667029,3.0,4.0,3.0,1.2516291673878228,1.7924812503605778,18.0,18.0,1.3333333333333333,1.0,1.0,2.0,6,1,5,6.0,1.0,5.0,0.009643460843765309,0.017234572400388722,0.2,1,10,17,-1.0721216,0.7899786,0.09495306,-0.029418707,1.2802616,-0.09199026,-0.3968135,-0.67018414,-0.4566518,-0.37099853,-0.5268688,-0.2129297,0.0525195,-0.73712826,0.482092,-0.08941757,0.22129324,-0.46331,-0.28296447,-0.36123013,-0.42136684,0.28404576,0.5246145,-0.33136582,0.9021838,0.73159474,0.08620468,0.28293055,0.65017635,0.7560687,-0.4784022,-0.62025243,0.16866433901739708,0.5054919005308531,1,5.124114e+15,0.1518969,0.43432835820895527,67
W005,1.0,1.0,19635906.0,19635906.0,19635906.0,19635906.0,0.0,1.0,4.0,194464919.0,48616229.75,50731628.5,68586481.0,21919859.645255536,1.0,1.0,1.0,1.0,1.0,2.0,1.0,1.0,0.10097402709431617,647940.0,432120.0,40140.0,783856.789471138,1780272660000000,1782864420000000,2591760.0,1.929190974472945e-06,0.09492742997513044,4.0,2.0,4.0,4.0,1.0,105.0,102.5,53.4353191562784,8134.0,10326.0,0.5593716143011918,0.44062838569880824,3.0,5.0,3.0,1.2987949406953985,2.0,21.0,21.0,0.5,0.0,1.0,4.0,7,4,3,7.0,4.0,3.0,0.014518577882309194,0.016540802829068137,0.09523809523809523,0,13,10,-0.0800055,0.13797978,-0.017488206,-0.28960872,-0.070865266,-0.38723922,0.1606183,-0.62313694,-0.17896038,0.28409052,0.04741451,0.4972615,-0.24650285,0.38157296,0.18198462,-0.18432514,-0.5462568,0.2502636,-0.046602394,0.23054588,0.2988845,-0.012478258,-0.20970294,0.2995916,-0.12940279,0.5798513,0.35001358,0.15256129,0.0010673329,-0.43082774,0.44579172,-0.05136846,0.1380568356298555,0.17146133710930447,1,2.6535988e+15,0.06771277,0.4295522388059701,67
W006,6.0,6.0,202862504.0,33810417.333333336,34419036.5,57832859.0,23509744.29786984,1.0,5.0,222977273.0,44595454.6,49292860.0,70049705.0,24060670.727365185,1.0,1.0,1.0,1.4,3.0,2.0,1.0,1.0,0.9097900484234552,230136.0,132870.0,4680.0,242696.1478062641,1780489800000000,1782791160000000,2301360.0,4.779782389543574e-06,0.026563650260536944,2.0,1.0,2.0,2.0,1.0,66.5,66.5,9.192388155425117,2406.0,5207.0,0.6839616445553658,0.31603835544463416,3.0,3.0,3.0,1.5,1.5,20.0,20.0,3.0,3.0,1.0,0.0,11,5,6,11.0,5.0,6.0,0.022091015588229367,0.0474110793307222,0.08888888888888889,5,4,17,0.36132815,0.45270595,0.27707285,0.6037954,-0.11813923,0.30343783,0.018294837,0.6641184,-0.03171563,-0.42356932,0.47297877,-0.5972587,-0.40628517,0.6199074,-0.23616584,-0.7972301,-0.25438902,-0.35082301,-0.071659535,-0.66981155,0.8119124,-0.4205177,-0.05877319,0.11540711,0.29591095,-0.3661168,0.104411185,0.34544235,0.014575936,-0.588364,-1.1443557,0.30537117,0.15487894835841165,0.35504703247012265,1,6.2248824e+15,0.18940617,0.4301492537313434,67
W007,5.0,5.0,197868621.0,39573724.2,38718594.0,64920010.0,17921476.401276674,1.0,4.0,164018651.0,41004662.75,48236264.5,58044215.0,21978000.5682831,1.0,1.0,1.0,1.0,1.0,2.0,1.0,1.0,1.2063787855443342,289627.5,195390.0,122940.0,175808.50521844174,1780520760000000,1782837780000000,2317020.0,3.884299660771163e-06,-0.24454273735900584,4.0,1.0,4.0,4.0,1.0,130.0,149.0,60.74537019394976,7358.0,9381.0,0.5604277435928072,0.4395722564071928,3.0,5.0,4.0,1.4056390622295665,2.0,20.0,20.0,1.75,0.0,1.0,1.0,9,4,5,9.0,4.0,5.0,0.02087817965519408,0.03959170022626654,0.21428571428571427,2,9,20,-0.28420562,0.15615186,-0.117451176,-0.2957094,-0.0017881095,-0.68065953,0.3232927,-0.8891953,-0.1394761,0.6162003,0.051123623,-0.12803414,-0.26149663,-0.06900543,-0.07553422,-0.18135938,-0.30350438,0.32884663,-0.13188577,-0.1270312,0.4493967,-0.28029174,-0.7632978,0.37168717,-0.3044115,0.41795278,-0.19735032,0.5542578,0.23908454,-0.41301465,-0.14365453,-0.030094802,0.14133504485059856,0.20723759952292684,1,4.8681704e+15,0.14317548,0.27611940298507454,67
W008,3.0,3.0,148523371.0,49507790.333333336,68395297.0,70507385.0,34559381.772705905,1.0,5.0,148470106.0,29694021.2,20889409.0,65891271.0,21313923.72049538,1.0,1.0,1.0,1.0,1.0,2.0,1.0,1.0,1.0003587590891867,228917.14285714287,183240.0,2580.0,179142.69747087895,1780533960000000,1782136380000000,1602420.0,4.992448921006977e-06,-0.12197829942356586,5.0,1.0,5.0,5.0,1.0,95.4,113.0,50.72770446215756,7827.0,6036.0,0.4354035922960398,0.5645964077039601,4.0,6.0,4.0,1.7609640474436812,2.1609640474436813,21.0,21.0,0.6,0.0,1.0,5.0,8,5,3,8.0,5.0,3.0,0.022001517900042275,0.02593571158622179,0.14285714285714285,0,13,9,-0.17917739,-0.30007413,-0.04677937,0.0941521,-0.669266,-0.02632994,0.07737677,-0.15726367,0.119789325,0.25257775,0.10339527,-0.17458123,0.06437301,-0.074364744,0.01016378,0.11486543,-0.33130705,0.28623903,0.31460077,0.16313602,0.07470034,-0.2433055,-0.22859028,-0.2357627,-0.17059378,0.19978198,-0.20944577,-0.015609703,0.08441043,0.12121485,0.0045481026,0.12744704,0.12710732258520785,0.051965409421717346,1,3.8291185e+15,0.10776923,0.37014925373134333,67
W009,4.0,4.0,166937852.0,41734463.0,41633675.0,58291368.0,13536239.791971305,1.0,7.0,285565247.0,40795035.28571428,30787790.0,71630224.0,23496032.265134256,1.0,1.0,1.0,1.0,1.0,2.0,1.0,1.0,0.5845874235529788,237252.0,141000.0,28320.0,210712.47101204048,1780431840000000,1782804360000000,2372520.0,4.6364203462984505e-06,-0.059244718510826244,5.0,2.0,4.0,5.0,1.0,102.0,102.0,55.937465083787984,8329.0,10737.0,0.5631490611559845,0.43685093884401555,4.0,6.0,3.0,1.9709505944546686,2.4464393446710155,18.0,18.0,1.4,1.0,1.0,3.0,11,7,4,11.0,7.0,4.0,0.03060101957075986,0.058675564381596795,0.16363636363636364,2,9,17,-0.4697399,-0.35404184,0.04393871,0.05871007,-0.09679085,-0.24151725,0.09852974,0.17071228,0.08559263,-0.03534042,0.203674,0.13474149,-0.30284712,0.20606914,0.059580833,-0.37218153,-0.5183834,-0.0042575356,0.20752619,-0.27341086,0.6841365,-0.34711725,-0.24576038,0.057084024,-0.18147138,0.3162558,0.44203576,0.020751953,-0.0386699,0.44762537,0.21802704,-0.08166999,0.14522077475096484,0.24964395104690065,1,7.1324374e+15,0.22033161,0.34835820895522396,67
W010,4.0,4.0,113198014.0,28299503.5,24888720.0,52435208.0,18785110.358996376,1.0,5.0,201246186.0,40249237.2,36971713.0,68381618.0,25617517.40769975,1.0,1.0,1.0,1.0,1.0,2.0,1.0,1.0,0.5624852636958795,215790.0,139860.0,600.0,289645.65366273717,1781130120000000,1782856440000000,1726320.0,5.213401918531906e-06,0.1461227618738961,4.0,1.0,3.0,4.0,1.0,93.25,96.0,41.74825345648207,8902.0,7598.0,0.4604848484848485,0.5395151515151515,2.0,4.0,3.0,0.5435644431995964,1.75,20.0,20.0,1.75,1.0,1.0,2.0,9,5,4,9.0,5.0,4.0,0.027624798664283433,0.05638989813096957,0.1388888888888889,3,8,13,-0.30734742,-0.28876388,-0.15683371,-0.1923545,-0.31431392,-0.4692259,0.06948477,-0.3014928,0.24373874,-0.3117859,-0.11773662,-0.08967561,-0.03325426,0.25568074,0.272333,-0.08896352,-0.27039406,-0.005282387,0.07396646,0.3404977,-0.02750174,0.07810944,0.027480165,-0.019813124,0.055213936,0.572109,0.19345063,0.02181233,0.18978399,-0.003380768,-0.014054126,-0.019435283,0.14224686268996056,0.2171885916951235,1,3.6430447e+15,0.101428665,0.2814925373134328,67
W011,5.0,5.0,199098246.0,39819649.2,36558427.0,73382333.0,27215176.81821391,1.0,6.0,249516328.0,41586054.666666664,42962359.5,70259848.0,20625175.92491227,1.0,1.0,1.0,1.0,1.0,2.0,1.0,1.0,0.7979367426407461,213552.0,156660.0,4560.0,198155.29223313718,1780672260000000,1782807780000000,2135520.0,5.1509702554881244e-06,-0.03739721898864044,8.0,1.0,8.0,8.0,1.0,114.125,130.0,49.148281469737796,13381.0,10128.0,0.4308137309115658,0.5691862690884342,4.0,8.0,3.0,1.6697367178034825,2.216917186688699,21.0,21.0,1.75,0.0,1.0,3.0,11,6,5,11.0,6.0,5.0,0.030959915123440738,0.05286841017070608,0.1111111111111111,3,8,10,-0.74827576,-0.3629444,0.3208353,0.08696848,-0.49596322,-0.4936468,0.4048593,0.46764255,0.3051225,-0.38162315,0.28879198,0.07797644,-0.42599776,0.37731528,0.20687011,-0.7048285,-0.6546422,-0.034489855,0.47581086,-0.11414603,0.55648565,-0.08670129,-0.18666735,-0.19098555,-0.10704405,0.60142195,0.8984995,0.15844859,-0.11638174,0.46581268,-0.22661866,0.12481524,0.1479848954732409,0.2798097829521212,1,6.9131686e+15,0.2128599,0.4089552238805972,67
W012,3.0,3.0,111853190.0,37284396.666666664,25491276.0,67164355.0,26067444.27289189,1.0,2.0,58299116.0,29149558.0,29149558.0,47241418.0,25585753.780555304,1.0,1.0,1.0,1.0,1.0,2.0,1.0,1.0,1.9186086801041717,411660.0,274710.0,136200.0,372279.562694489,1780641240000000,1782287880000000,1646640.0,3.036486420832726e-06,-0.05023402208475862,3.0,1.0,2.0,3.0,1.0,114.33333333333333,146.0,54.84827557301445,3145.0,6330.0,0.6680738786279683,0.33192612137203165,2.0,2.0,2.0,0.9182958340544896,0.9182958340544896,17.0,17.0,2.0,2.0,1.0,0.0,8,2,6,8.0,2.0,6.0,0.0070686046121086355,0.01784085658072753,0.10714285714285714,5,4,22,-1.083151,1.2128314,0.31329447,0.41091704,0.8158666,-0.79623437,0.9516041,-0.33391723,0.5132582,0.8567616,-0.5725328,-0.08686799,0.4519707,-0.53966403,-0.95866346,0.32750604,-0.044002168,0.491068,-0.7503818,0.072299436,-0.4787057,0.23474887,0.4097998,-0.28757232,0.27006653,-1.1447952,-2.0852935,0.39123413,-0.375386,0.9100059,-1.0048546,-0.88483405,0.17638206068337214,0.5897181402138215,1,1.598011e+15,0.03174305,0.4874626865671641,67
W013,6.0,6.0,150114113.0,25019018.833333332,26214893.0,32430528.0,6569678.504127959,1.0,4.0,183671194.0,45917798.5,48857343.0,53882049.0,9670958.387447422,1.0,1.0,1.0,1.0,1.0,2.0,1.0,1.0,0.8172980734257109,216500.0,152820.0,70020.0,189620.9039109349,1780740660000000,1782689160000000,1948500.0,5.132152938157557e-06,-0.06618496075976397,6.0,2.0,6.0,6.0,1.0,127.16666666666667,133.5,48.83612051204177,7433.0,8497.0,0.5333961079723791,0.4666038920276208,5.0,7.0,4.0,1.9508257945180885,2.4508257945180882,21.0,21.0,1.5,0.0,1.0,2.0,9,4,5,10.0,4.0,6.0,0.013576791311844015,0.025160913932672634,0.10714285714285714,1,10,14,-0.30951104,0.7291012,0.31406265,0.32012972,-0.7504014,0.3766613,0.4874611,0.35943905,-0.19243944,0.0678952,0.8625706,0.39523047,-0.5064215,0.21041897,0.1397429,-0.9055705,-0.7761576,-0.2611442,0.12138438,-0.6964717,1.5454448,-0.47045144,-0.70391953,0.23394883,0.20265014,0.50327104,0.6672983,0.3754611,0.0658309,-0.5752202,-0.3191419,-0.17836414,0.1518607770370456,0.3221086560787628,1,3.8437254e+15,0.108266965,0.37074626865671645,67
W014,2.0,2.0,53148190.0,26574095.0,26574095.0,30793948.0,5967773.343820793,1.0,2.0,133526528.0,66763264.0,66763264.0,71046810.0,6057848.848249022,1.0,1.0,1.0,1.0,1.0,2.0,1.0,1.0,0.3980346886575228,657020.0,669060.0,174240.0,476874.00725977926,1780961340000000,1782932400000000,1971060.0,2.0293649102513367e-06,-0.1588737497392458,1.0,1.0,1.0,1.0,1.0,34.0,34.0,0.0,2623.0,1923.0,0.423009238891333,0.576990761108667,2.0,2.0,2.0,1.0,1.0,18.0,18.0,3.0,3.0,1.0,0.0,4,2,2,4.0,2.0,2.0,0.011496128659548629,0.011210148742036496,0.0,3,8,9,-0.26008347,1.6057638,0.8094742,0.19851421,1.2745578,0.9901799,-0.42221078,0.102280706,-0.37421754,-0.6186392,0.3645902,1.0393084,-0.114464045,-0.49474582,0.50798404,-0.05254595,-0.880265,-0.19298768,-0.124659285,-1.1881638,0.17700386,-0.6831939,0.122636706,-0.034270227,0.5100023,0.21542037,0.21562767,0.45586622,0.041481577,0.15599667,-0.91062367,-0.49582064,0.17168432115598709,0.5384500390142042,1,1.976155e+15,0.044628505,0.5773134328358207,67
W015,7.0,7.0,284927822.0,40703974.571428575,45420337.0,72470852.0,21925631.614727788,1.0,5.0,174495488.0,34899097.6,35464785.0,53542883.0,13594539.18861503,1.0,1.0,1.0,1.0,1.0,2.0,1.0,1.0,1.6328664154341916,165081.81818181818,163440.0,18060.0,140788.5042052924,1780912080000000,1782727980000000,1815900.0,6.6082934082273256e-06,-0.07942357332000344,8.0,1.0,7.0,8.0,1.0,87.5,89.5,53.8861233130969,9986.0,15232.0,0.6040130065825997,0.3959869934174003,4.0,8.0,4.0,1.6493974703476992,2.375,20.0,20.0,1.625,0.0,1.0,5.0,12,5,7,12.0,5.0,7.0,0.018354487396931317,0.05788236470634429,0.13333333333333333,0,13,19,-0.08030939,0.05213403,0.3300934,0.228659,-0.50914043,0.78090775,0.31540388,-0.19443104,-0.3949132,0.8549378,0.18110059,-0.45877147,0.36955112,-1.0735774,0.099825636,0.027916107,-0.53827864,-0.5147232,-0.641702,0.07966207,-0.23918317,-0.2638244,-0.12667659,0.060284644,0.3955503,0.0330185,-0.066609256,-0.18309823,-0.33519593,-0.03852258,-0.38694665,0.17951009,0.1510040983550186,0.31275941712890515,1,7.910506e+15,0.24684471,0.44597014925373135,67
W016,5.0,5.0,228082541.0,45616508.2,43542958.0,60272222.0,13504963.82475365,1.0,3.0,165039252.0,55013084.0,56979663.0,59315795.0,5553591.2712794235,1.0,1.0,1.0,1.0,1.0,2.0,1.0,1.0,1.3819896675246686,204137.14285714287,192840.0,23040.0,170823.42010726416,1781349840000000,1782778800000000,1428960.0,5.5984772141977386e-06,-0.08884593752074402,6.0,1.0,4.0,6.0,1.0,125.0,132.0,37.325594435989906,10377.0,11300.0,0.5212898463809568,0.47871015361904323,2.0,5.0,3.0,0.9798687566511528,1.896240625180289,21.0,21.0,2.5,2.0,1.0,0.0,8,3,5,8.0,3.0,5.0,0.015413402760516007,0.05417653172380063,0.06666666666666667,4,6,19,-0.26927632,-0.0011211038,-0.24838004,-0.53316814,0.4332468,-0.7170795,-0.10015634,-0.25599903,0.03733655,-0.36240503,-0.02335906,-0.09576723,-0.14940089,0.22828223,0.5163048,-0.09586982,-0.15186012,-0.7463628,-0.077455744,0.36390102,-0.16547948,0.14613082,0.075362384,0.18461467,0.18824589,1.0554706,0.28394,0.3890178,0.27806586,-0.37321565,-0.26971716,-0.24423128,0.1356879292765122,0.14560862008494785,1,5.936948e+15,0.17959465,0.3797014925373135,67
W017,9.0,9.0,331130417.0,36792268.55555555,32190971.0,65904451.0,22052797.634402603,1.0,5.0,143555715.0,28711143.0,23852597.0,53247813.0,21869767.952553533,1.0,1.0,1.0,1.8,3.0,2.0,1.0,1.0,2.3066334697995132,158206.15384615384,102420.0,5520.0,161982.2085671994,1780272660000000,1782329340000000,2056680.0,6.807087150164343e-06,0.011793229124832463,8.0,1.0,6.0,8.0,1.0,109.125,103.5,50.90169096265018,16670.0,16027.0,0.4901672936355017,0.5098327063644983,2.0,6.0,3.0,0.5435644431995964,1.7987949406953985,20.0,20.0,1.875,0.0,1.0,2.0,12,5,7,14.0,5.0,9.0,0.019773738483953113,0.0712585110703733,0.09090909090909091,0,13,23,-0.38505882,0.004919354,-0.18241066,-0.32185858,-0.1742743,-1.0966241,0.44724932,-0.86596453,0.23846897,-0.123938546,0.08948776,-0.020795196,-0.27779496,0.3419803,0.30042017,-0.22729546,-0.7029653,0.46975031,-0.03178548,0.72249794,-0.035118908,0.47160986,-0.23982486,0.6027348,-0.09106432,0.35273102,0.68707645,0.3701033,0.35121536,-0.44934648,-0.09443602,-0.19778685,0.13784385718307868,0.16913702761980648,1,9.108161e+15,0.28765544,0.4820895522388061,67
W018,8.0,8.0,213278400.0,26659800.0,20366755.0,58654494.0,17619539.309503388,1.0,2.0,62246564.0,31123282.0,31123282.0,40917321.0,13850862.784211025,1.0,1.0,1.0,1.0,1.0,2.0,1.0,1.0,3.4263481595546383,230973.33333333334,185580.0,63540.0,165314.79818818398,1780636080000000,1782714840000000,2078760.0,4.8105601416228905e-06,-0.1656838293215054,7.0,1.0,6.0,7.0,1.0,100.42857142857143,100.0,32.07728761838165,15206.0,12014.0,0.4413666421748714,0.5586333578251286,4.0,6.0,4.0,1.610577243331642,1.950212064914747,20.0,20.0,1.0,0.0,1.0,5.0,12,2,10,12.0,2.0,10.0,0.032667634794159614,0.05219326953364319,0.2,2,9,21,0.17695521,-0.14460324,0.47490028,0.1816411,0.2915364,-1.7672032,-0.04767187,-1.4654636,0.48516676,0.5382054,-1.1989231,0.7304512,-1.3835331,0.7461829,-0.6309773,-0.52458274,-0.1832711,0.6737384,-0.11966492,-0.27489102,0.7747663,0.20059103,-0.9661173,0.45335096,-0.60790694,-0.60677695,-1.0908886,0.7822205,0.42066768,-0.46356466,1.637027,0.11995678,0.17790394405406262,0.6063269943675564,1,3.6865374e+15,0.102910705,0.43194029850746285,67
W019,1.0,1.0,40925506.0,40925506.0,40925506.0,40925506.0,0.0,1.0,6.0,165708896.0,27618149.333333332,15681171.5,61694651.0,22719449.46644036,1.0,1.0,1.0,1.0,1.0,2.0,1.0,1.0,0.2469722929057472,258830.0,154470.0,21720.0,260429.0677324634,1780602540000000,1782155520000000,1552980.0,4.507463070998983e-06,0.003079518167003433,1.0,1.0,1.0,1.0,1.0,42.0,42.0,0.0,1567.0,843.0,0.34979253112033193,0.6502074688796681,2.0,2.0,2.0,1.0,1.0,18.0,18.0,0.0,0.0,1.0,1.0,6,5,1,7.0,6.0,1.0,0.03017371962074434,0.03042584187354595,0.3,5,4,9,-0.25240383,-0.08959939,0.014690302,0.1581031,-0.37523583,-0.37150428,0.23695663,0.5389313,0.04926133,0.8319938,-0.3751462,0.008997228,-0.23204471,-0.25394043,-0.19383937,-0.190089,-0.80655617,-0.038716406,-0.18311262,-0.19346125,-0.0008468181,-0.14646742,-0.14003551,0.182153,0.36840466,0.27413717,0.63234967,-0.15114069,-0.15518859,0.06928789,0.7789874,0.009063348,0.15225546044407168,0.3264159763836173,1,2.228181e+15,0.053216424,0.49402985074626865,67
W020,3.0,3.0,131360590.0,43786863.333333336,36247171.0,69364119.0,22763969.984642055,1.0,7.0,298570453.0,42652921.85714286,46922730.0,74255824.0,23957674.903968688,1.0,1.0,1.0,1.0,1.0,2.0,1.0,1.0,0.4399651361348874,276080.0,215460.0,34980.0,197788.6940651563,1780360440000000,1782845160000000,2484720.0,4.0245983450851605e-06,-0.16521729946582786,7.0,1.0,7.0,7.0,1.0,98.28571428571429,102.0,45.46689009859917,13192.0,11723.0,0.4705197672085089,0.529480232791491,4.0,8.0,4.0,1.4838317068446891,2.403677461028802,21.0,21.0,1.7142857142857142,0.0,1.0,2.0,10,7,3,10.0,7.0,3.0,0.02253749073915718,0.039020770645920716,0.15555555555555556,1,10,12,-0.35618395,-0.48131284,0.040530108,-0.06197133,-0.5913532,-0.7456568,0.12617059,-0.49659014,0.17245838,0.1773087,0.13330112,-0.23319945,-0.39515913,0.039383695,-0.24872506,-0.0979743,-0.77916116,0.17541853,0.3442672,0.029761776,0.6048876,-0.5255862,-0.66252923,-0.1972752,-0.1273137,0.31630692,0.45155048,0.1951115,0.08081317,0.30677035,-0.021634065,-0.117541075,0.15128979261434006,0.3158773001263891,1,6.977506e+15,0.21505223,0.38447761194029867,67
W021,4.0,4.0,154446332.0,38611583.0,32313640.5,72048440.0,23630706.38947665,1.0,5.0,176741948.0,35348389.6,36239922.0,52929530.0,12192894.78657668,1.0,1.0,1.0,1.0,1.0,2.0,1.0,1.0,0.8738521542152518,323017.5,192780.0,50580.0,430090.1520694735,1780360440000000,1782944580000000,2584140.0,3.4827834405256682e-06,0.14217443120548212,6.0,2.0,5.0,6.0,1.0,147.16666666666666,158.5,38.457335667810725,12031.0,8110.0,0.4026612382701951,0.5973387617298048,4.0,7.0,3.0,1.5510981710072647,2.584962500721156,21.0,21.0,1.1666666666666667,0.0,1.0,4.0,8,4,4,9.0,5.0,4.0,0.02184325483600949,0.028193776608767603,0.17857142857142858,1,10,15,-0.4117791,0.032263458,0.19251403,-0.7647618,-0.3324862,-1.1817777,0.4453066,-1.144301,0.29005408,0.049151182,0.5772812,0.35199443,-0.7087678,0.40318954,0.15763277,-0.32158944,-0.23582572,0.50433487,0.6782886,0.30505666,1.3740771,-0.5376352,-0.66431415,-0.00742105,-0.27862602,0.7075641,0.48434252,0.62570107,0.24610077,0.037973672,-0.639988,-0.16350989,0.16184548297857604,0.43107530092459667,1,3.9841048e+15,0.11305047,0.35850746268656714,67
W022,0.0,0.0,0.0,0.0,0.0,0.0,0.0,0.0,5.0,257506869.0,51501373.8,61679700.0,69350247.0,22509942.007523235,1.0,0.0,0.0,1.0,1.0,1.0,0.0,1.0,0.0,394395.0,190770.0,39480.0,520683.9303262585,1781307060000000,1782884640000000,1577580.0,3.1694113769190785e-06,0.13800878387750873,1.0,1.0,1.0,1.0,1.0,105.0,105.0,0.0,2063.0,843.0,0.2900894700619408,0.7099105299380591,2.0,2.0,2.0,1.0,1.0,21.0,21.0,1.0,1.0,1.0,1.0,5,5,0,5.0,5.0,0.0,0.02760718616137582,0.0,0.1,1,10,0,-0.5278122,-0.6261638,-0.955424,-0.6733608,0.114222616,-1.7023845,-0.3992422,-0.7185095,-0.12957668,-0.51420444,-0.68328625,-0.14649291,-0.07684946,-0.19084589,0.7040912,-0.5141644,0.45746535,-0.025900051,-0.51732314,0.50284797,0.43238068,-0.04565382,-0.041672125,0.40679348,-0.043509513,0.44547942,0.5979631,-0.04218225,0.6761441,-0.47457007,0.47282964,0.008408293,0.1509438020608015,0.31210138223874906,1,4.2534344e+15,0.12222802,0.6244776119402984,67
W023,5.0,5.0,215689640.0,43137928.0,40893106.0,71061022.0,23610360.203831147,1.0,5.0,125312773.0,25062554.6,31652595.0,32424042.0,10945463.494550712,1.0,1.0,1.0,1.4,3.0,2.0,1.0,1.0,1.7212103350390306,225820.0,152580.0,2700.0,206711.0613876287,1780824060000000,1782856440000000,2032380.0,4.920339700252905e-06,-0.04417934414020297,5.0,1.0,4.0,5.0,1.0,90.2,74.0,61.96934726136786,6273.0,8062.0,0.5623997209626788,0.43760027903732124,2.0,5.0,3.0,0.8812908992306927,1.9609640474436814,20.0,20.0,1.2,1.0,1.0,4.0,10,5,5,10.0,5.0,5.0,0.018295903375865317,0.042514989852362295,0.08333333333333333,3,8,15,-0.29849282,0.035279334,0.3804624,-0.009925224,-0.25918806,-0.07414493,0.40223294,-0.62804896,0.26108053,-0.2934764,0.29842618,-0.24645968,-0.02663505,0.3471948,0.19079351,-0.37143904,-0.93051684,0.022132188,-0.26782933,-0.027174532,0.5306678,-0.10048707,0.073986284,0.28561348,0.4601093,0.35975936,0.45442647,0.30221072,0.07455812,0.12852746,-0.7014686,-0.21380429,0.14120018438348814,0.20576581931132934,1,4.663717e+15,0.13620862,0.3259701492537314,67
W024,3.0,3.0,109195051.0,36398350.333333336,38051201.0,48423984.0,12931525.704038419,1.0,5.0,156444610.0,31288922.0,25486178.0,72143496.0,25307220.128578812,1.0,1.0,1.0,1.0,1.0,2.0,1.0,1.0,0.6979789907750736,336634.28571428574,275820.0,116400.0,298629.382728109,1780539660000000,1782896100000000,2356440.0,3.3949517068119705e-06,-0.059825399867996655,4.0,2.0,4.0,4.0,1.0,91.0,96.0,54.595482108565236,6128.0,8286.0,0.5748577771610934,0.4251422228389066,2.0,5.0,4.0,0.5435644431995964,2.0,21.0,21.0,1.25,0.0,1.0,2.0,8,5,3,8.0,5.0,3.0,0.021790175744544227,0.038662722033257754,0.09523809523809523,1,10,10,-0.5221892,0.5204328,-0.087152295,-0.22943114,0.9502535,-0.0043692887,-0.14787577,-0.42671627,-0.1280523,-0.51867294,0.16302833,0.11979538,0.06646304,-0.40374386,0.6605944,-0.32842916,-0.61423993,-0.33871257,-0.18879238,-0.26653957,-0.33341217,0.28290966,0.4912389,-0.051715184,0.65108407,0.9039171,-0.020898841,0.46044657,0.5880285,0.17531618,-0.6526525,-0.2380091,0.12708085905370659,0.051676603496400055,1,2.761814e+15,0.071400255,0.3149253731343284,67
W025,2.0,2.0,76198258.0,38099129.0,38099129.0,64382640.0,37170497.72298243,1.0,3.0,94598981.0,31532993.666666668,36551116.0,50429131.0,21841902.083807316,1.0,1.0,1.0,1.0,1.0,2.0,1.0,1.0,0.8054870908176062,550035.0,525540.0,5880.0,532840.0151077245,1780684500000000,1782884640000000,2200140.0,2.27258265383112e-06,-0.015879011568629624,4.0,1.0,3.0,4.0,1.0,91.75,101.5,41.91558978073274,7885.0,7621.0,0.49148716625822264,0.5085128337417774,4.0,4.0,3.0,1.75,1.75,18.0,18.0,0.5,0.0,1.0,3.0,5,3,2,5.0,3.0,2.0,0.016000370170572435,0.005841954837490552,0.1,1,10,1,-0.5074588,0.03814727,1.0349584,-0.18062337,-0.083752036,-1.8105772,-0.093577705,-0.8370662,0.27603486,-1.0341985,-0.078910075,0.568473,-1.2145234,0.86615115,-0.6277048,-0.79509205,-1.5279754,0.2938059,0.1021183,-0.5730857,1.250722,-0.5276053,-0.6041928,0.34105706,0.4678605,0.39770496,0.5779132,0.33976036,0.19700533,-0.17777148,-0.75237584,-0.37365723,0.14888305529992685,0.28961172037745936,1,1.5876191e+15,0.03138894,0.3477611940298508,67
W026,4.0,4.0,144887488.0,36221872.0,39221567.5,54773788.0,19072930.91991508,1.0,6.0,261208770.0,43534795.0,43572306.5,66688892.0,18840971.13372546,1.0,1.0,1.0,1.0,1.0,2.0,1.0,1.0,0.5546807942168251,284280.0,167520.0,45900.0,252428.27000952172,1780386060000000,1782944580000000,2558520.0,3.908509607116614e-06,-0.05934644903070564,7.0,2.0,6.0,7.0,1.0,88.71428571428571,63.0,57.78037234711653,14871.0,10948.0,0.4240288159882257,0.5759711840117743,4.0,8.0,3.0,1.6893917467430877,2.753434386188785,21.0,21.0,1.2857142857142858,0.0,1.0,5.0,8,4,4,10.0,6.0,4.0,0.017844948442411482,0.01873928142685646,0.14285714285714285,1,10,13,-0.35587084,-0.1984975,-0.38844824,-0.25939703,-0.7382175,-0.72306204,0.12078981,-0.65143746,0.16401902,0.0794739,0.06373455,0.122755796,-0.058247793,0.39057603,-0.25601792,-0.31862596,-0.475903,0.35685104,0.035688937,0.39366883,0.22469664,-0.30165654,-0.004245758,0.02456659,0.07772004,0.79047716,0.5691027,-0.045697227,0.17607018,-0.06978689,0.19303834,-0.29214498,0.14980997610701918,0.2997275366046083,1,5.8971683e+15,0.17823915,0.366268656716418,67
W027,4.0,4.0,169265877.0,42316469.25,45621105.5,59327660.0,19819121.10558349,1.0,5.0,144811690.0,28962338.0,26461139.0,51115422.0,16353515.640118167,1.0,1.0,1.0,1.4,3.0,2.0,1.0,1.0,1.1688688737766957,279375.0,285390.0,10200.0,215716.04371090647,1780520760000000,1782755760000000,2235000.0,4.026845637583892e-06,-0.12858030274986204,5.0,2.0,4.0,5.0,1.0,75.6,69.0,45.08658337022223,8456.0,8465.0,0.5002659417292122,0.49973405827078776,2.0,5.0,4.0,0.8812908992306927,2.1709505944546685,18.0,18.0,0.4,0.0,1.0,5.0,9,5,4,9.0,5.0,4.0,0.020196746155272446,0.04455963301626566,0.08333333333333333,2,9,10,-0.018200666,0.9505134,-0.06172678,-0.23711431,0.45552915,-0.13327143,0.17543136,-0.5097038,-0.087056994,-0.62683845,0.76143694,-0.29726815,-0.9679731,0.12459097,0.14456686,-1.1774185,-1.0397791,-0.7582205,-0.4373332,-0.53125226,0.5751467,-0.45220834,-0.49028713,0.58990395,0.54580647,0.37165108,0.48997587,0.66866136,0.5911143,-0.32460964,-0.27885303,-0.19241741,0.14483254889249408,0.24540710426466406,1,3.756326e+15,0.10528879,0.31164179104477613,67
W028,5.0,5.0,161512070.0,32302414.0,32116701.0,61692038.0,18699043.055442557,1.0,4.0,170701332.0,42675333.0,51616273.0,58279710.0,23106358.086005807,1.0,1.0,1.0,1.0,1.0,2.0,1.0,1.0,0.9461676022539766,251062.5,223710.0,54300.0,172809.6453781278,1780887600000000,1782896100000000,2008500.0,4.480955937266617e-06,-0.18461428870742236,4.0,1.0,4.0,4.0,1.0,106.0,105.5,32.28002478313795,8122.0,9738.0,0.5452407614781635,0.45475923852183653,4.0,5.0,3.0,1.75,2.0,21.0,21.0,1.25,0.0,1.0,2.0,9,4,5,9.0,4.0,5.0,0.01679505350390224,0.03145770303070722,0.1111111111111111,1,10,15,-0.08908875,-0.12923835,0.09620291,-0.1560564,-0.4739445,0.3261513,0.19671065,0.0018195286,0.29044813,-0.11847872,0.49632227,0.09797619,-0.019813724,0.21421762,0.13538954,-0.082756035,-0.42364717,-0.03124877,0.20079908,0.09134979,0.45259565,-0.3391026,-0.13592845,0.122028254,0.08189164,0.33003905,0.124751545,0.1008963,0.022032633,-0.096879095,-0.23942907,0.18323568,0.12884478314674297,0.070926934082645,1,4.026809e+15,0.11450564,0.24835820895522384,67
W029,1.0,1.0,8740078.0,8740078.0,8740078.0,8740078.0,0.0,1.0,1.0,57227710.0,57227710.0,57227710.0,57227710.0,0.0,1.0,1.0,1.0,1.0,1.0,2.0,1.0,1.0,0.15272458045237175,294540.0,294540.0,294540.0,0.0,1782268380000000,1782562920000000,294540.0,6.790249202145719e-06,0.0,1.0,1.0,1.0,1.0,1.0,178.0,178.0,0.0,2504.0,2405.0,0.48991647993481363,0.5100835200651864,1.0,2.0,2.0,-0.0,1.0,20.0,20.0,0.0,0.0,1.0,1.0,2,1,1,2.0,1.0,1.0,0.0060895643946086665,0.00036611866969009826,0.0,4,6,1,0.40976948,1.4388903,1.2275472,-0.14441083,-1.0258596,0.28914165,1.0547043,-0.109598905,0.053215437,1.4019853,1.51236,-0.555184,-1.1611226,0.37790114,-0.4017486,-0.38564208,0.350536,0.12083861,0.45003036,-1.2251687,1.4010038,0.1757607,-0.96770585,0.39323226,-0.18968159,-0.52150077,-0.0960294,0.50988156,-0.38995528,-0.6145813,-2.2668915,0.33790165,0.1717447734980817,0.5391097769103124,1,6.6646155e+14,0.0,0.618208955223881,67
W030,1.0,1.0,22739269.0,22739269.0,22739269.0,22739269.0,0.0,1.0,5.0,201311370.0,40262274.0,47161771.0,64104462.0,23194950.38362194,1.0,1.0,1.0,1.4,3.0,2.0,1.0,1.0,0.11295571134407362,373236.0,257160.0,109920.0,273869.0768962425,1780272660000000,1782138840000000,1866180.0,3.215123943028004e-06,-0.15355608640927118,2.0,1.0,2.0,2.0,1.0,80.5,80.5,62.932503525602726,1565.0,3830.0,0.7099165894346617,0.29008341056533826,3.0,3.0,2.0,1.5,1.5,17.0,17.0,2.0,2.0,1.0,0.0,6,5,1,6.0,5.0,1.0,0.02413837628842487,0.00853427680596048,0.2,0,13,3,-0.81162345,-0.7957158,-0.39759326,-0.17794013,0.0958468,-0.32591552,-0.2612112,-0.08030777,-0.060858607,-1.0209498,-0.1464664,-0.59560347,0.90737325,-0.6602463,0.1337547,-0.24793221,0.20131084,-0.41182446,-0.34464765,-0.072799504,-0.21550056,-0.48630247,-0.018245593,0.048104867,0.36702323,0.3420367,0.0039516985,0.07195751,0.2780179,0.22229134,-0.7114592,0.35130155,0.15126894395571622,0.31564977130450095,1,2.7677022e+15,0.0716009,0.5262686567164176,67
W031,2.0,2.0,96125647.0,48062823.5,48062823.5,51125647.0,4331486.532855031,1.0,4.0,109203718.0,27300929.5,32067119.0,36919339.0,12990677.066452887,1.0,1.0,1.0,1.5,3.0,2.0,1.0,1.0,0.8802415225459631,532776.0,670800.0,77040.0,319704.04920801363,1780272660000000,1782936540000000,2663880.0,2.25235370962656e-06,-0.24994362154274263,2.0,1.0,1.0,2.0,1.0,67.5,67.5,6.363961030678928,2102.0,4637.0,0.6880842855023,0.31191571449769995,2.0,2.0,1.0,1.0,1.0,21.0,21.0,3.0,3.0,2.0,0.0,6,4,2,6.0,4.0,2.0,0.017591472865854742,0.013572557450108467,0.2,0,13,5,0.11076671,0.18342549,-0.32249823,0.41197428,-0.9376734,0.3517579,0.09604639,-0.06674346,-0.011704735,0.34622282,0.1322964,-0.73641723,0.19401763,-0.16713831,-0.13584882,-0.5193365,-0.45417804,-0.43919337,-0.0058988035,-0.1094138,0.2185086,-0.771483,-0.22565237,-0.6162499,0.41234237,0.20395824,-0.08814042,0.3617071,0.045558155,-0.04136949,0.12441958,0.17590402,0.15018249726191357,0.30379299237472734,1,1.9755652e+15,0.044608407,0.5507462686567163,67
W032,5.0,5.0,232986617.0,46597323.4,46932116.0,71644552.0,21539786.06513855,1.0,6.0,207630135.0,34605022.5,33948171.5,66804600.0,21528448.421411682,1.0,1.0,1.0,1.0,1.0,2.0,1.0,1.0,1.1221233228018659,175884.0,105780.0,31140.0,177481.39102452403,1781078940000000,1782837780000000,1758840.0,6.254122034977599e-06,0.004520507851356516,2.0,1.0,2.0,2.0,1.0,65.0,65.0,2.8284271247461903,5113.0,3479.0,0.40491154562383613,0.5950884543761639,3.0,3.0,2.0,1.5,1.5,21.0,21.0,2.5,2.0,1.0,0.0,11,6,5,11.0,6.0,5.0,0.02041799087748094,0.046617212000240216,0.17777777777777778,2,9,12,0.01197198,0.2757153,0.04332024,0.08213769,-0.6074022,0.5692011,0.032386653,0.12776917,0.154904,-0.11824743,0.7273215,0.114004955,0.038507767,0.42783222,0.5743824,-0.42030203,-0.1302486,-0.16872789,0.09735573,-0.15783767,0.69024986,-0.15399472,-0.22535786,0.2370598,0.07099289,0.40859345,0.32863125,0.05658842,0.3830995,-0.66500455,-0.34326857,0.075385496,0.14374054333727337,0.2334896595044257,1,6.893828e+15,0.21220085,0.40716417910447766,67
W033,8.0,8.0,349128362.0,43641045.25,40857114.5,65000000.0,14085958.411003893,1.0,8.0,365452669.0,45681583.625,42347970.5,65486923.0,17395982.515329853,1.0,1.0,1.0,1.0,1.0,2.0,1.0,1.0,0.955331268903662,131372.0,65100.0,3360.0,184885.52872366342,1780444140000000,1782414720000000,1970580.0,8.119436917049803e-06,0.16920871082383615,5.0,1.0,4.0,5.0,1.0,109.6,119.0,40.94264280673635,12504.0,9217.0,0.4243358961373786,0.5756641038626215,4.0,5.0,4.0,1.5709505944546687,1.9609640474436814,21.0,21.0,0.8,0.0,1.0,3.0,16,8,8,16.0,8.0,8.0,0.02584618738360108,0.10068362391854288,0.1282051282051282,0,13,19,-0.43360177,0.19758296,0.3296603,-0.12701108,-0.2931307,-1.0117992,0.5309884,-0.5673325,0.3125004,0.050591797,0.2641716,-0.20918027,-0.34002715,0.4974844,0.069550455,-0.5975172,-0.77182424,0.38374847,0.52906626,0.29855487,0.64069194,-0.26467735,-0.43196252,0.16904142,-0.3613978,0.77697724,0.5971128,0.50994724,0.12344183,-0.46471155,-0.6443276,-0.0035387166,0.15526396486350813,0.3592488544382718,1,1.6376166e+16,0.5353166,0.4764179104477614,67
W034,5.0,5.0,188174099.0,37634819.8,38352705.0,68600201.0,24594725.71217294,1.0,2.0,104422335.0,52211167.5,52211167.5,74000000.0,30814062.42977567,1.0,1.0,1.0,1.5,2.0,2.0,1.0,1.0,1.8020483740379871,422020.0,358770.0,5280.0,410945.8136543065,1780332300000000,1782864420000000,2532120.0,2.7644819360851777e-06,-0.01329488697394421,4.0,2.0,3.0,4.0,1.0,124.5,128.0,46.400431032480725,5538.0,8192.0,0.5966496722505462,0.40335032774945373,4.0,5.0,4.0,1.9056390622295665,2.25,21.0,21.0,1.0,0.0,1.3333333333333333,2.0,7,2,5,7.0,2.0,5.0,0.012228236567986604,0.02120468226973329,0.23809523809523808,3,8,17,0.19105326,0.06779587,-0.23357272,-0.30589554,-0.7227295,-0.5835905,0.4150572,-0.9785993,-0.1732211,0.35579425,0.5782032,-0.1423556,-0.9161453,0.61330676,0.29796094,-0.31848663,0.32716647,0.19746807,0.47525895,0.23309793,1.0466226,-0.09339251,-0.7384778,0.56380814,-0.67077684,0.06824078,0.12503675,0.23890805,0.15045327,-0.24675374,-0.37737307,-0.49513775,0.14804154645091794,0.2804280352072054,1,3.909826e+15,0.11051938,0.4489552238805971,67
W035,2.0,2.0,123866614.0,61933307.0,61933307.0,70063717.0,11498136.089653837,1.0,4.0,186394607.0,46598651.75,53273702.5,74000000.0,33207233.963755775,1.0,1.0,1.0,1.25,2.0,2.0,1.0,1.0,0.6645396881037443,261552.0,286020.0,23280.0,182675.85751817343,1780843500000000,1782151260000000,1307760.0,4.587997797761057e-06,-0.17755784817839734,4.0,1.0,3.0,4.0,1.0,98.5,98.0,21.299452262127932,6273.0,8443.0,0.5737292742593096,0.4262707257406904,4.0,4.0,3.0,1.75,1.75,18.0,18.0,2.0,0.0,1.0,1.0,6,4,2,6.0,4.0,2.0,0.0211265585572271,0.019106716460032785,0.06666666666666667,2,9,10,-0.1972854,0.06202717,-0.29626352,-0.27191192,0.14899834,-0.37059745,0.27094477,-0.26904133,0.079375595,0.19039305,0.21257958,-0.01572983,-0.40977162,0.23911372,0.20452186,0.1370302,0.12410277,-0.068530664,0.07182497,0.2321111,0.29389188,0.10928485,-0.21047841,0.42161414,-0.16797972,0.42060336,-0.21430588,0.11015037,0.088636294,-0.024486497,-0.15580173,-0.35484236,0.12234568811494251,0.0,1,4.3373476e+15,0.12508741,0.357910447761194,67
W036,6.0,6.0,503001929.0,83833654.83333333,65467624.0,179000000.0,46879409.68109358,1.0,7.0,414852818.0,59264688.28571428,39925781.0,179000000.0,56076523.051533855,1.0,1.0,1.0,1.0,1.0,2.0,1.0,1.0,1.212482854581935,186595.0,146082.5,50.0,287354.0871547601,1780539660000000,1782778800000000,2239140.0,5.805800441240833e-06,0.21259474885718876,7.0,3.0,4.0,7.0,1.0,93.14285714285714,105.0,49.37080301631918,11814.0,13638.0,0.5358321546440359,0.46416784535596417,4.0,7.0,4.0,1.924174352300441,2.521640636343318,21.0,21.0,1.7142857142857142,0.0,1.4,4.0,13,7,6,13.0,7.0,6.0,0.03463179664207173,0.10239333873881443,0.07272727272727272,4,6,16,-0.6250106,0.027804524,-0.40301052,-0.041832753,1.0545915,0.95837337,-0.54140997,0.8650496,0.4008249,-0.7769067,0.5366503,-0.12475199,0.6138197,-1.3231523,-8.481741e-05,-0.010743611,0.80800474,-0.9192358,0.42348042,0.027014911,-0.26017714,-0.12923402,1.1299193,-0.40795475,0.5362073,0.16952035,-0.27386427,0.6326002,0.27176413,1.1803526,-0.8606391,-0.049551763,0.16284897389867958,0.4420267540106734,1,3.0013027e+16,1.0,0.5773134328358211,67
W037,1.0,1.0,19310326.0,19310326.0,19310326.0,19310326.0,0.0,1.0,8.0,320902054.0,40112756.75,15250812.0,178500000.0,57893825.07331678,1.0,1.0,1.0,1.0,1.0,2.0,1.0,1.0,0.060175139919796214,277815.0,302472.5,60960.0,149789.30977018544,1780684500000000,1782907020000000,2222520.0,4.0494573727120564e-06,-0.29940224479641364,4.0,1.0,4.0,4.0,1.0,99.25,99.0,65.23483220897661,5337.0,8263.0,0.6075735294117647,0.3924264705882353,3.0,5.0,3.0,1.4056390622295665,2.0,20.0,20.0,1.25,0.0,1.0,2.0,8,7,1,9.0,8.0,1.0,0.040032202230937,0.06812921642322153,0.03571428571428571,4,6,6,-0.60039973,0.19774473,-0.32281092,-0.6286847,0.33692694,-0.8738837,0.088610224,-0.39745703,0.33158356,-0.13356802,-0.4871934,-0.11403718,-0.23648366,-0.24409363,0.4985131,-0.1514191,-0.3300563,-0.49693328,-0.041582704,0.5260593,-0.38795218,0.43443576,0.11401825,0.2947929,0.06918073,0.5420225,0.3058524,0.49364334,0.24320742,-0.20445023,0.13932194,0.0020303875,0.15092634095566693,0.31191082299214173,1,7.1284904e+15,0.22019711,0.4465671641791046,67
W038,4.0,4.0,131686477.0,32921619.25,37735939.5,47250868.0,16692464.626182705,1.0,4.0,145012564.0,36253141.0,33813625.5,51064004.0,10512017.132798348,1.0,1.5,3.0,1.0,1.0,2.0,1.0,1.0,0.9081039143615169,323785.71428571426,248760.0,33600.0,284183.8753845324,1780659300000000,1782925800000000,2266500.0,3.529671299360247e-06,-0.06513786145563843,1.0,1.0,1.0,1.0,1.0,64.0,64.0,0.0,1196.0,1967.0,0.6218779639582674,0.37812203604173256,1.0,2.0,2.0,-0.0,1.0,20.0,20.0,1.0,1.0,1.0,1.0,8,4,4,8.0,4.0,4.0,0.013134544981929362,0.04637318581833887,0.25,0,13,18,-0.20040107,0.21130629,0.2961617,0.170882,-0.19060627,0.011386104,0.5450454,0.27640983,-0.16766286,1.0008508,0.2522545,0.24816398,0.20513687,-0.13475196,-0.079175144,0.3063279,-0.3345586,0.44521147,-0.1407384,-0.32835782,-0.303474,0.00625924,-0.28368613,0.11843115,-0.09914863,0.2547992,-0.23150244,0.020103961,-0.2044017,-0.3553806,0.18078241,-0.12294762,0.13753875383973013,0.1658073263896828,1,2.8546253e+15,0.074562855,0.38895522388059706,67
W039,4.0,4.0,188604981.0,47151245.25,43012792.5,70273902.0,16301381.894175667,1.0,2.0,51984732.0,25992366.0,25992366.0,32088065.0,8620620.197944114,1.0,1.5,3.0,1.0,1.0,2.0,1.0,1.0,3.6280841267008936,381780.0,185220.0,86940.0,349203.04895576154,1780422300000000,1782331200000000,1908900.0,3.143171460003143e-06,-0.04456594594194207,4.0,2.0,3.0,4.0,1.0,101.5,102.5,27.258026340878022,7803.0,8410.0,0.5187195460432986,0.48128045395670144,3.0,4.0,3.0,1.2987949406953985,1.75,18.0,18.0,1.75,1.0,1.3333333333333333,2.0,6,2,4,6.0,2.0,4.0,0.011843682112375119,0.019974388564949788,0.4,0,13,15,-0.03813973,-0.06805693,0.32576025,0.15165937,-0.8254874,-0.2792284,-0.18967658,0.1789076,-0.04032892,0.4162588,0.22394598,0.12814406,0.14908537,-0.104120195,0.19447288,-0.26737818,-0.8549746,-0.052204717,0.13392998,-0.20093668,0.15661713,-0.006124258,-0.17589346,-0.20553029,0.31847236,0.50131196,0.2691647,0.18710448,0.19080538,-0.48947906,-0.27848184,0.17122704,0.15192264478107675,0.3227838407592867,1,3.2642618e+15,0.088521436,0.3817910447761194,67
W040,6.0,6.0,155989620.0,25998270.0,24501507.0,51074218.0,15847964.400401043,1.0,2.0,24454948.0,12227474.0,12227474.0,19305326.0,10009594.290869536,1.0,1.3333333333333333,3.0,1.0,1.0,2.0,1.0,1.0,6.378652696378663,207402.85714285713,93000.0,11880.0,233719.15637607212,1781297820000000,1782749640000000,1451820.0,5.510324971415189e-06,0.05965764216408963,3.0,1.0,3.0,3.0,1.0,78.0,82.0,37.16180835212409,5093.0,7564.0,0.5976139685549499,0.4023860314450502,4.0,4.0,2.0,1.7924812503605778,1.7924812503605778,21.0,21.0,2.0,2.0,1.0,0.0,8,2,6,8.0,2.0,6.0,0.03972466390628459,0.0883475869604696,0.17857142857142858,0,13,13,-0.4539227,-0.37215686,-0.1891631,0.1728,-0.14484179,-0.60157144,-0.37727857,-0.38289863,0.25247753,-0.3000576,-0.0200423,-0.23240076,0.29420266,-0.12903619,-0.49053228,-0.08701791,0.044840842,0.09054138,0.21732739,-0.14184538,0.21272546,-0.37818056,0.14076263,-0.14703313,0.15442613,0.10403624,-0.71452355,0.32252723,0.17221548,-0.3972584,-0.8242762,0.343394,0.14824676753186772,0.2826676858061999,1,1.9505238e+15,0.043755114,0.4811940298507463,67
W041,11.0,11.0,429201235.0,39018294.09090909,32925199.0,68014276.0,21190562.717516936,1.0,4.0,121207690.0,30301922.5,28731769.5,38000000.0,5772117.352842629,1.0,1.0,1.0,1.5,3.0,2.0,1.0,1.0,3.5410396403066504,174647.14285714287,109650.0,10020.0,169557.6011239281,1780357440000000,1782802500000000,2445060.0,6.134818777453314e-06,-0.01478637881148631,7.0,1.0,6.0,7.0,1.0,82.85714285714286,93.0,24.61996866656936,11561.0,8456.0,0.42244092521356846,0.5775590747864315,3.0,6.0,4.0,1.1981174211304033,1.950212064914747,20.0,20.0,2.142857142857143,1.0,1.0,2.0,13,4,9,15.0,4.0,11.0,0.01761742059537553,0.07279633985628883,0.21212121212121213,2,9,25,0.13617277,-0.10033325,-0.36531037,0.046210736,1.0408689,0.683597,0.26200193,0.817598,-0.4253574,0.13575575,-0.38405147,0.49569142,0.41072392,0.18321842,-0.15165168,0.10812041,1.1349024,-0.7563995,-0.25710544,-0.6377767,-0.032617033,0.4387336,-0.46262985,0.4638837,-0.5157172,-0.25914785,-0.62002325,0.673898,-0.15721524,-0.107204944,1.7301652,-0.1533003,0.16176341038830921,0.4301796135756098,1,1.3898856e+16,0.4509009,0.4438805970149253,67
W042,3.0,3.0,101856565.0,33952188.333333336,35682998.0,51084341.0,18059868.563820623,1.0,7.0,248011092.0,35430156.0,22734269.0,69870230.0,21843312.83576203,1.0,1.0,1.0,1.2857142857142858,3.0,2.0,1.0,1.0,0.4106935870432763,243526.66666666666,149760.0,11220.0,277294.1962970015,1780706520000000,1782898260000000,2191740.0,4.5625849781452175e-06,0.06483520924677402,4.0,1.0,4.0,4.0,1.0,92.0,79.5,64.00520812142295,6062.0,7334.0,0.5474768587638101,0.4525231412361899,3.0,5.0,4.0,1.061278124459133,2.0,20.0,20.0,1.5,1.0,1.0,2.0,10,7,3,10.0,7.0,3.0,0.04589571128549297,0.05225593213475866,0.1388888888888889,3,8,10,-0.7374314,-0.26528803,0.08775266,-0.02216959,0.73253024,-0.48531994,-0.09807218,0.6317414,-0.036158156,-0.388712,-0.79769224,-0.15289071,0.17734152,-0.12396567,-0.36485177,-0.17065394,-0.21022257,-0.26367757,0.026181355,-0.07926046,-0.055036128,-0.29965672,0.00073456764,0.43690693,0.15492414,-0.24332361,-0.25729746,0.03526157,-0.26978987,0.6542117,0.68628836,0.0050001256,0.14296245660827733,0.22499812247226225,1,4.693375e+15,0.13721924,0.3143283582089552,67
W043,5.0,5.0,154311406.0,30862281.2,26671607.0,48397143.0,11729204.860694062,1.0,4.0,137943586.0,34485896.5,33987447.5,38000000.0,2880025.277479638,1.0,1.0,1.0,1.5,3.0,2.0,1.0,1.0,1.1186558974913121,309495.0,228330.0,46080.0,220169.05134788717,1780422300000000,1782898260000000,2475960.0,3.6349537149226967e-06,-0.16864642488912826,6.0,2.0,4.0,6.0,1.0,74.66666666666667,74.0,36.74053166009804,6304.0,11984.0,0.6552930883639545,0.3447069116360455,3.0,5.0,2.0,1.188721875540867,2.188721875540867,18.0,18.0,1.8333333333333333,1.0,1.2,2.0,9,4,5,9.0,4.0,5.0,0.025816560406673274,0.04826126879323157,0.1388888888888889,0,13,18,-0.8109242,0.070079684,-0.1267747,0.44377384,0.2712561,0.47441876,-0.43827462,1.4759955,-0.73101115,0.80872476,-0.8856442,-0.61358446,1.1525743,-0.75138474,-0.507521,-0.39353514,0.55094975,-0.91131246,0.18144491,-0.7980875,-0.13447922,-0.5765218,-0.030458093,0.2546563,0.193512,-0.26521653,-1.2988142,0.2647922,-0.6006143,0.29280537,0.9325425,0.2298482,0.17695803878947036,0.5960039940079854,1,3.0565387e+15,0.08144316,0.38149253731343286,67
W044,3.0,3.0,98893911.0,32964637.0,35772333.0,51847237.0,20431650.449193183,1.0,4.0,109122477.0,27280619.25,21551280.5,56109863.0,20128777.109133884,1.0,1.0,1.0,1.25,2.0,2.0,1.0,1.0,0.906265269253373,432370.0,276420.0,132360.0,379340.08440975496,1780312800000000,1782907020000000,2594220.0,2.6983062346292913e-06,-0.06533110356612903,3.0,1.0,3.0,3.0,1.0,77.33333333333333,79.0,20.55075018906447,5319.0,3652.0,0.407089510645413,0.592910489354587,3.0,4.0,3.0,1.2516291673878228,1.7924812503605778,21.0,21.0,1.6666666666666667,1.0,1.0,1.0,7,4,3,7.0,4.0,3.0,0.014328768551316462,0.014341560036713098,0.14285714285714285,5,4,5,-0.12600563,1.0074145,0.7486469,0.31159753,0.1348817,0.39857095,0.5155484,0.11949711,0.4747528,-0.4881407,0.85355866,-0.042627722,-0.7060616,0.48059726,0.39833033,-0.50187224,-1.0443662,-0.26640627,0.33170626,-0.7454903,1.0258954,-0.57638186,-0.17590293,0.47303838,0.32209423,0.052179888,0.4479829,0.42787528,0.17784593,0.03102976,-1.1064049,-0.17068668,0.15749492425296874,0.3835961072147086,1,1.819876e+15,0.03930322,0.3758208955223881,67
W045,2.0,2.0,68114917.0,34057458.5,34057458.5,62492216.0,40212819.69929008,1.0,2.0,78159113.0,39079556.5,39079556.5,52424721.0,18872912.627999965,1.0,1.0,1.0,1.0,1.0,2.0,1.0,1.0,0.8714904044522613,672520.0,612060.0,13980.0,690757.3174422403,1780914840000000,1782932400000000,2017560.0,1.9825928349094948e-06,0.013377555108491706,2.0,1.0,2.0,2.0,1.0,169.5,169.5,9.192388155425117,3202.0,3834.0,0.5449118817509949,0.45508811824900514,3.0,3.0,2.0,1.5,1.5,20.0,20.0,1.0,1.0,1.0,2.0,4,2,2,4.0,2.0,2.0,0.011568147827629357,0.010380898391102473,0.0,3,8,5,-0.30869502,-0.4154666,0.06732568,-0.08964511,-0.3370582,-0.08397214,-0.019229755,-0.3377022,0.20220846,-0.28692034,0.021009758,-0.11373178,0.36372894,-0.153842,-0.16479573,0.19775842,-0.52814424,0.19728415,-0.21252352,-0.053476438,-0.12175236,-0.32390952,0.14227638,-0.22209358,0.4204974,0.27527925,0.039662674,0.18341938,0.11123994,-0.0068209954,-0.49053717,0.38098043,0.15047378369174624,0.3069719047166488,1,1.3410932e+15,0.022988435,0.4280597014925374,67
W046,8.0,8.0,249734606.0,31216825.75,24087454.5,69884206.0,23426484.196131747,1.0,2.0,69426816.0,34713408.0,34713408.0,68000674.0,47075303.031520806,1.0,1.0,1.0,2.0,3.0,2.0,1.0,1.0,3.5970914466248893,275740.0,197100.0,64800.0,202166.2961524497,1780444140000000,1782925800000000,2481660.0,4.0295608584576456e-06,-0.15395006184241744,3.0,1.0,3.0,3.0,1.0,79.0,96.0,45.92385001282014,5531.0,5353.0,0.4918228592429254,0.5081771407570747,3.0,4.0,2.0,1.4591479170272448,1.7924812503605778,18.0,18.0,0.6666666666666666,0.0,1.0,3.0,10,2,8,10.0,2.0,8.0,0.00760746984125734,0.014305088918684353,0.2222222222222222,2,9,25,-0.43513805,-0.23445185,-0.102497056,-0.06942539,-0.08307455,-0.9061341,0.1504342,-0.8504634,0.09109181,0.24627316,0.15518445,0.46003032,0.0020497441,0.34931707,-0.16185835,-0.06504639,-0.48416632,0.79762673,-0.39482456,-0.43887404,0.31109756,-0.15629911,-0.5676228,0.40176734,-0.19648564,0.36946565,0.1409958,-0.053042002,0.5846456,-0.47049838,0.430891,-0.45218936,0.17021895253049824,0.5224579503621276,1,5.149052e+15,0.15274668,0.41432835820895525,67
W047,1.0,1.0,150000000.0,150000000.0,150000000.0,150000000.0,0.0,1.0,3.0,164985000.0,54995000.0,54995000.0,64995000.0,10000000.0,1.0,1.0,1.0,1.0,1.0,2.0,1.0,1.0,0.9091735612328393,480.0,360.0,360.0,207.84609690826528,1781348400000000,1781349840000000,1440.0,0.002777777777777778,-0.3956610414960755,4.0,1.0,1.0,4.0,1.0,96.25,105.5,44.10120935605583,8158.0,4737.0,0.3673516867002714,0.6326483132997286,2.0,2.0,1.0,1.0,1.0,21.0,21.0,1.0,0.0,2.0,3.0,5,3,2,5.0,3.0,2.0,0.017163156433482443,0.01892447004054147,0.2,0,13,7,0.29502377,0.5596993,-0.43160534,0.473777,-1.242476,1.1499132,0.75971395,0.7089213,0.2513323,0.35062903,0.80041164,-0.6456805,-0.61611676,0.09127222,-0.314754,0.07067828,0.66497797,-0.31083238,-0.15641475,-0.082114905,0.6265912,-0.3647928,-0.6422108,0.9000861,0.32519004,-0.5835959,0.37183437,0.30642945,-0.35954016,0.051920697,-0.17743847,-0.40908632,0.1610715491233604,0.42262908568007224,1,9.010967e+15,0.2843435,0.5005970149253731,67
W048,1.0,1.0,180000000.0,180000000.0,180000000.0,180000000.0,0.0,1.0,0.0,0.0,0.0,0.0,0.0,0.0,0.0,1.0,1.0,0.0,0.0,1.0,1.0,0.0,0.0,0.0,0.0,0.0,0.0,1781881200000000,1781881200000000,0.0,0.0,0.0,2.0,1.0,1.0,2.0,1.0,47.0,47.0,28.284271247461902,3255.0,3309.0,0.5041133455210237,0.49588665447897623,2.0,2.0,1.0,1.0,1.0,21.0,21.0,1.5,1.0,2.0,1.0,1,0,1,1.0,0.0,1.0,0.0034693071785109877,0.0,0.0,4,6,1,2.5783472,-1.258433,0.3166308,0.87293434,-1.2392602,2.5401235,-1.1962383,0.48325244,-0.03736482,-0.9212027,-0.037467033,0.37473032,-0.7268272,0.4384654,-0.09092744,0.38119355,1.5395538,-1.5287403,-0.22590801,-0.5856668,0.6501326,1.0885587,-0.81812036,-0.58592325,0.3588441,-1.4819126,0.79119515,-0.809277,0.17135796,-0.45183602,-0.59493124,0.47891906,0.17913404954759937,0.6197515728400781,1,1.0452819e+16,0.33347535,0.7041791044776123,67
W049,1.0,1.0,179500000.0,179500000.0,179500000.0,179500000.0,0.0,1.0,1.0,179500000.0,179500000.0,179500000.0,179500000.0,0.0,1.0,1.0,1.0,1.0,1.0,2.0,1.0,1.0,1.0,45.0,45.0,45.0,0.0,1781881200000000,1781881245000000,45.0,0.044444444444444446,0.0,0.0,0.0,0.0,0.0,0.0,0.0,0.0,0.0,0.0,0.0,0.0,0.0,0.0,0.0,0.0,0.0,0.0,0.0,0.0,0.0,0.0,0.0,0.0,2,1,1,2.0,1.0,1.0,0.006418253789865514,0.02040816326530612,0.0,4,6,6,-2.799855,-5.4372134,-2.9481325,1.7623076,-0.24743551,3.42066,-4.1151657,2.9905088,-2.2981644,-3.428669,0.033914268,-0.5351221,2.216357,-2.3701332,0.8844638,-1.2042626,6.8178954,-5.039515,-1.2436957,-5.7024794,2.3778975,2.9992287,-1.2662535,0.07551992,0.70577204,-3.4298615,-0.89552784,-0.41786966,0.40404788,-0.7469199,-0.68660927,1.358676,0.2139765339273485,0.9999999890866446,1,1.6272853e+16,0.53179616,0.7343283582089555,67
W050,1.0,1.0,115000000.0,115000000.0,115000000.0,115000000.0,0.0,1.0,1.0,115000000.0,115000000.0,115000000.0,115000000.0,0.0,1.0,1.0,1.0,1.0,1.0,2.0,1.0,1.0,1.0,120.0,120.0,120.0,0.0,1782331200000000,1782331320000000,120.0,0.016666666666666666,0.0,0.0,0.0,0.0,0.0,0.0,0.0,0.0,0.0,0.0,0.0,0.0,0.0,0.0,0.0,0.0,0.0,0.0,0.0,0.0,0.0,0.0,0.0,0.0,6,3,3,6.0,3.0,3.0,0.014405169935023698,0.0237600893532016,0.3333333333333333,0,13,16,0.16000989,-0.24571733,0.09123591,0.2512718,-0.03547895,0.5673878,0.0567192,2.8586295,-1.8413676,1.3804665,-0.13743417,-0.29122716,0.05066493,-0.8065865,-0.820254,0.069706626,1.8756005,-1.6327671,-1.4919883,-1.6787328,0.11412541,0.45476153,-0.21748862,1.3998009,1.0554857,-1.2173162,0.73237586,-0.14262787,-0.45938578,-0.8096303,-0.5617097,-0.16323191,0.18017066506553459,0.6310645264359065,1,6.6793055e+15,0.20489089,0.6722388059701494,67
